{
  "exp1": {
    "ell_x": 0.1,
    "lam": 0.001,
    "h": 0.1
  },
  "exp2": {
    "ell_x": 0.23853323044733007,
    "lam": 0.0002782559402207126,
    "h": 0.079
  },
  "nongauss_B2L": {
    "ell_x": 0.5,
    "lam": 0.001,
    "h": 0.1
  },
  "nongauss_A1S": {
    "ell_x": 0.5,
    "lam": 0.001,
    "h": 0.1
  },
  "nongauss_A1L": {
    "ell_x": 0.5,
    "lam": 0.001,
    "h": 0.1
  }
}