macrorep,simulator,budget,comparison,delta_max_pairwise_score_ks,delta_mean_pairwise_score_ks,delta_bin_mean_score_range
0,mm1_sojourn,100,plugin_sd_nw_minus_oracle,0.10999999999999999,0.04800000000000004,0.016608603747255313
0,mm1_sojourn,100,plugin_sd_nw_minus_fixed,0.08999999999999997,0.019333333333333397,-0.048768758114808866
0,mm1_sojourn,100,oracle_minus_fixed,-0.020000000000000018,-0.028666666666666646,-0.06537736186206418
0,mm1_sojourn,250,plugin_sd_nw_minus_oracle,0.13000000000000003,0.04733333333333334,0.026226422197783844
0,mm1_sojourn,250,plugin_sd_nw_minus_fixed,0.13000000000000003,0.04799999999999999,-0.003899362163811787
0,mm1_sojourn,250,oracle_minus_fixed,0.0,0.0006666666666666488,-0.03012578436159563
0,mm1_sojourn,500,plugin_sd_nw_minus_oracle,0.010000000000000009,-0.015777777777777807,0.0032377234102989733
0,mm1_sojourn,500,plugin_sd_nw_minus_fixed,-0.030000000000000027,-0.03511111111111112,-0.026139506528533515
0,mm1_sojourn,500,oracle_minus_fixed,-0.040000000000000036,-0.019333333333333313,-0.02937722993883249
0,mm1_sojourn,1000,plugin_sd_nw_minus_oracle,-0.06,-0.01200000000000001,-0.00668133707686
0,mm1_sojourn,1000,plugin_sd_nw_minus_fixed,-0.04999999999999999,-0.01244444444444448,-0.03815714840174883
0,mm1_sojourn,1000,oracle_minus_fixed,0.010000000000000009,-0.0004444444444444695,-0.03147581132488883
0,raised_floor_gauss,100,plugin_sd_nw_minus_oracle,0.42,0.18911111111111115,0.14041380463361752
0,raised_floor_gauss,100,plugin_sd_nw_minus_fixed,0.16999999999999993,0.05466666666666675,0.029090813908994567
0,raised_floor_gauss,100,oracle_minus_fixed,-0.25000000000000006,-0.1344444444444444,-0.11132299072462296
0,raised_floor_gauss,250,plugin_sd_nw_minus_oracle,0.24,0.13888888888888887,0.06930613590498459
0,raised_floor_gauss,250,plugin_sd_nw_minus_fixed,0.05999999999999994,0.03533333333333327,-0.0340227848225797
0,raised_floor_gauss,250,oracle_minus_fixed,-0.18000000000000005,-0.1035555555555556,-0.10332892072756429
0,raised_floor_gauss,500,plugin_sd_nw_minus_oracle,0.17999999999999994,0.1075555555555556,0.047176754699215326
0,raised_floor_gauss,500,plugin_sd_nw_minus_fixed,0.0,0.01533333333333331,-0.047551670849967545
0,raised_floor_gauss,500,oracle_minus_fixed,-0.17999999999999994,-0.09222222222222229,-0.09472842554918287
0,raised_floor_gauss,1000,plugin_sd_nw_minus_oracle,0.18,0.07555555555555554,0.044952229586178755
0,raised_floor_gauss,1000,plugin_sd_nw_minus_fixed,-0.09000000000000008,-0.010000000000000037,-0.04346502865240161
0,raised_floor_gauss,1000,oracle_minus_fixed,-0.2700000000000001,-0.08555555555555558,-0.08841725823858036
0,raised_floor_t3,100,plugin_sd_nw_minus_oracle,0.27,0.15177777777777776,0.08075656147337754
0,raised_floor_t3,100,plugin_sd_nw_minus_fixed,0.07999999999999996,0.012888888888888839,-0.03793508007219851
0,raised_floor_t3,100,oracle_minus_fixed,-0.19000000000000006,-0.13888888888888892,-0.11869164154557604
0,raised_floor_t3,250,plugin_sd_nw_minus_oracle,0.13,0.07711111111111107,0.04830618373971511
0,raised_floor_t3,250,plugin_sd_nw_minus_fixed,-0.17000000000000004,-0.055555555555555636,-0.0956923233575109
0,raised_floor_t3,250,oracle_minus_fixed,-0.30000000000000004,-0.1326666666666667,-0.143998507097226
0,raised_floor_t3,500,plugin_sd_nw_minus_oracle,0.07999999999999996,0.07999999999999999,0.06300983890705178
0,raised_floor_t3,500,plugin_sd_nw_minus_fixed,-0.16000000000000003,-0.06022222222222223,-0.07268119966592368
0,raised_floor_t3,500,oracle_minus_fixed,-0.24,-0.14022222222222222,-0.13569103857297546
0,raised_floor_t3,1000,plugin_sd_nw_minus_oracle,0.15999999999999998,0.06644444444444447,0.04946268033215795
0,raised_floor_t3,1000,plugin_sd_nw_minus_fixed,-0.09000000000000008,-0.06555555555555559,-0.07797183609979663
0,raised_floor_t3,1000,oracle_minus_fixed,-0.25000000000000006,-0.13200000000000006,-0.12743451643195458
1,mm1_sojourn,100,plugin_sd_nw_minus_oracle,0.13,0.03111111111111106,0.035271876291188775
1,mm1_sojourn,100,plugin_sd_nw_minus_fixed,0.22999999999999998,0.047111111111111076,0.010806182520062144
1,mm1_sojourn,100,oracle_minus_fixed,0.09999999999999998,0.016000000000000014,-0.02446569377112663
1,mm1_sojourn,250,plugin_sd_nw_minus_oracle,0.13,0.03644444444444442,0.023491999980826142
1,mm1_sojourn,250,plugin_sd_nw_minus_fixed,0.12,0.03266666666666662,0.011833153190581244
1,mm1_sojourn,250,oracle_minus_fixed,-0.010000000000000009,-0.0037777777777777966,-0.011658846790244898
1,mm1_sojourn,500,plugin_sd_nw_minus_oracle,0.06999999999999998,0.02333333333333333,0.021069882120110295
1,mm1_sojourn,500,plugin_sd_nw_minus_fixed,0.019999999999999962,-0.004888888888888859,-0.0072908094424521674
1,mm1_sojourn,500,oracle_minus_fixed,-0.05000000000000002,-0.02822222222222219,-0.028360691562562462
1,mm1_sojourn,1000,plugin_sd_nw_minus_oracle,-0.019999999999999962,-0.01422222222222222,-0.0036272547977306002
1,mm1_sojourn,1000,plugin_sd_nw_minus_fixed,0.030000000000000027,-0.009111111111111098,-0.013877149239223702
1,mm1_sojourn,1000,oracle_minus_fixed,0.04999999999999999,0.005111111111111122,-0.010249894441493101
1,raised_floor_gauss,100,plugin_sd_nw_minus_oracle,0.31999999999999995,0.17422222222222225,0.09399208047324373
1,raised_floor_gauss,100,plugin_sd_nw_minus_fixed,0.19999999999999996,0.10200000000000001,0.014558652405925798
1,raised_floor_gauss,100,oracle_minus_fixed,-0.12,-0.07222222222222224,-0.07943342806731793
1,raised_floor_gauss,250,plugin_sd_nw_minus_oracle,0.39999999999999997,0.1731111111111111,0.08575943248062595
1,raised_floor_gauss,250,plugin_sd_nw_minus_fixed,0.14,0.06311111111111106,-0.014236795786523287
1,raised_floor_gauss,250,oracle_minus_fixed,-0.25999999999999995,-0.11000000000000004,-0.09999622826714924
1,raised_floor_gauss,500,plugin_sd_nw_minus_oracle,0.21000000000000002,0.08266666666666667,0.043316547316454415
1,raised_floor_gauss,500,plugin_sd_nw_minus_fixed,-0.040000000000000036,-0.000222222222222207,-0.050006891271122025
1,raised_floor_gauss,500,oracle_minus_fixed,-0.25000000000000006,-0.08288888888888887,-0.09332343858757644
1,raised_floor_gauss,1000,plugin_sd_nw_minus_oracle,0.18,0.07622222222222222,0.058078931728281005
1,raised_floor_gauss,1000,plugin_sd_nw_minus_fixed,-0.02999999999999997,-0.008444444444444449,-0.03349440520503148
1,raised_floor_gauss,1000,oracle_minus_fixed,-0.20999999999999996,-0.08466666666666667,-0.09157333693331249
1,raised_floor_t3,100,plugin_sd_nw_minus_oracle,0.3,0.13711111111111107,0.06614153457445003
1,raised_floor_t3,100,plugin_sd_nw_minus_fixed,-0.050000000000000044,-0.01866666666666672,-0.06370151792950521
1,raised_floor_t3,100,oracle_minus_fixed,-0.35000000000000003,-0.1557777777777778,-0.12984305250395523
1,raised_floor_t3,250,plugin_sd_nw_minus_oracle,0.10999999999999999,0.0711111111111111,0.03156290961907582
1,raised_floor_t3,250,plugin_sd_nw_minus_fixed,-0.14,-0.0633333333333333,-0.09490408912758652
1,raised_floor_t3,250,oracle_minus_fixed,-0.25,-0.1344444444444444,-0.12646699874666234
1,raised_floor_t3,500,plugin_sd_nw_minus_oracle,0.13999999999999996,0.07533333333333331,0.04205717093439046
1,raised_floor_t3,500,plugin_sd_nw_minus_fixed,-0.2300000000000001,-0.07888888888888895,-0.10549981464578784
1,raised_floor_t3,500,oracle_minus_fixed,-0.37000000000000005,-0.15422222222222226,-0.1475569855801783
1,raised_floor_t3,1000,plugin_sd_nw_minus_oracle,0.12999999999999995,0.05755555555555564,0.032754542437494066
1,raised_floor_t3,1000,plugin_sd_nw_minus_fixed,-0.19000000000000006,-0.08488888888888879,-0.10014610504963681
1,raised_floor_t3,1000,oracle_minus_fixed,-0.32,-0.14244444444444443,-0.13290064748713087
2,mm1_sojourn,100,plugin_sd_nw_minus_oracle,0.18,0.06066666666666662,0.04003806911205256
2,mm1_sojourn,100,plugin_sd_nw_minus_fixed,0.12,0.02911111111111106,-0.028769944377633125
2,mm1_sojourn,100,oracle_minus_fixed,-0.06,-0.03155555555555556,-0.06880801348968568
2,mm1_sojourn,250,plugin_sd_nw_minus_oracle,0.06,0.04133333333333329,0.016239330996798695
2,mm1_sojourn,250,plugin_sd_nw_minus_fixed,0.04999999999999999,0.0242222222222222,-0.00032017054398605915
2,mm1_sojourn,250,oracle_minus_fixed,-0.010000000000000009,-0.01711111111111109,-0.016559501540784755
2,mm1_sojourn,500,plugin_sd_nw_minus_oracle,0.03,0.027555555555555555,0.010752074884814042
2,mm1_sojourn,500,plugin_sd_nw_minus_fixed,-0.03,-0.0020000000000000018,-0.012732834988283967
2,mm1_sojourn,500,oracle_minus_fixed,-0.06,-0.029555555555555557,-0.02348490987309801
2,mm1_sojourn,1000,plugin_sd_nw_minus_oracle,0.10999999999999999,0.029777777777777792,0.017952548534370227
2,mm1_sojourn,1000,plugin_sd_nw_minus_fixed,0.12,0.04844444444444444,-0.014929263188650038
2,mm1_sojourn,1000,oracle_minus_fixed,0.010000000000000009,0.01866666666666665,-0.032881811723020266
2,raised_floor_gauss,100,plugin_sd_nw_minus_oracle,0.46,0.20244444444444445,0.10285233110492509
2,raised_floor_gauss,100,plugin_sd_nw_minus_fixed,0.08000000000000007,0.0357777777777778,-0.03025792334130195
2,raised_floor_gauss,100,oracle_minus_fixed,-0.37999999999999995,-0.16666666666666666,-0.13311025444622704
2,raised_floor_gauss,250,plugin_sd_nw_minus_oracle,0.4,0.15466666666666656,0.08518791446054624
2,raised_floor_gauss,250,plugin_sd_nw_minus_fixed,0.18000000000000005,0.06844444444444434,-0.017441856343487522
2,raised_floor_gauss,250,oracle_minus_fixed,-0.21999999999999997,-0.08622222222222223,-0.10262977080403377
2,raised_floor_gauss,500,plugin_sd_nw_minus_oracle,0.27,0.10933333333333331,0.06337934415911092
2,raised_floor_gauss,500,plugin_sd_nw_minus_fixed,0.06000000000000005,0.014000000000000012,-0.03057351428689825
2,raised_floor_gauss,500,oracle_minus_fixed,-0.20999999999999996,-0.0953333333333333,-0.09395285844600917
2,raised_floor_gauss,1000,plugin_sd_nw_minus_oracle,0.23000000000000004,0.08377777777777781,0.06297210093531838
2,raised_floor_gauss,1000,plugin_sd_nw_minus_fixed,-0.07999999999999996,-0.02822222222222215,-0.05139319505277387
2,raised_floor_gauss,1000,oracle_minus_fixed,-0.31,-0.11199999999999996,-0.11436529598809225
2,raised_floor_t3,100,plugin_sd_nw_minus_oracle,0.41000000000000003,0.18933333333333335,0.0986073815360174
2,raised_floor_t3,100,plugin_sd_nw_minus_fixed,0.12,0.05466666666666664,-0.010738413092935217
2,raised_floor_t3,100,oracle_minus_fixed,-0.29000000000000004,-0.1346666666666667,-0.10934579462895262
2,raised_floor_t3,250,plugin_sd_nw_minus_oracle,0.10000000000000003,0.08266666666666664,0.05924645747163455
2,raised_floor_t3,250,plugin_sd_nw_minus_fixed,-0.1399999999999999,-0.04444444444444445,-0.09155563475508322
2,raised_floor_t3,250,oracle_minus_fixed,-0.23999999999999994,-0.1271111111111111,-0.15080209222671775
2,raised_floor_t3,500,plugin_sd_nw_minus_oracle,0.13000000000000006,0.04733333333333334,0.029823111016693438
2,raised_floor_t3,500,plugin_sd_nw_minus_fixed,-0.17999999999999994,-0.10399999999999998,-0.11843271941542394
2,raised_floor_t3,500,oracle_minus_fixed,-0.31,-0.15133333333333332,-0.14825583043211737
2,raised_floor_t3,1000,plugin_sd_nw_minus_oracle,0.13000000000000006,0.0542222222222222,0.02770153725553101
2,raised_floor_t3,1000,plugin_sd_nw_minus_fixed,-0.1499999999999999,-0.08177777777777773,-0.11348027418005793
2,raised_floor_t3,1000,oracle_minus_fixed,-0.27999999999999997,-0.13599999999999993,-0.14118181143558894
3,mm1_sojourn,100,plugin_sd_nw_minus_oracle,0.19999999999999996,0.060666666666666674,0.026977200119597394
3,mm1_sojourn,100,plugin_sd_nw_minus_fixed,0.19999999999999996,0.04422222222222222,0.011476450695340562
3,mm1_sojourn,100,oracle_minus_fixed,0.0,-0.016444444444444456,-0.015500749424256832
3,mm1_sojourn,250,plugin_sd_nw_minus_oracle,0.10999999999999999,0.03466666666666661,0.02743562517527688
3,mm1_sojourn,250,plugin_sd_nw_minus_fixed,0.06999999999999998,0.000222222222222207,0.013384841229227257
3,mm1_sojourn,250,oracle_minus_fixed,-0.04000000000000001,-0.0344444444444444,-0.014050783946049625
3,mm1_sojourn,500,plugin_sd_nw_minus_oracle,0.03999999999999998,0.01755555555555556,0.013034398929852517
3,mm1_sojourn,500,plugin_sd_nw_minus_fixed,0.07,0.0077777777777778,-0.005340231093096115
3,mm1_sojourn,500,oracle_minus_fixed,0.030000000000000027,-0.00977777777777776,-0.018374630022948632
3,mm1_sojourn,1000,plugin_sd_nw_minus_oracle,0.10000000000000003,0.03711111111111112,0.01865890266601619
3,mm1_sojourn,1000,plugin_sd_nw_minus_fixed,0.10000000000000003,0.03333333333333334,0.004181741372761727
3,mm1_sojourn,1000,oracle_minus_fixed,0.0,-0.0037777777777777827,-0.014477161293254465
3,raised_floor_gauss,100,plugin_sd_nw_minus_oracle,0.54,0.2395555555555556,0.13095927623865666
3,raised_floor_gauss,100,plugin_sd_nw_minus_fixed,0.19999999999999996,0.08933333333333338,0.013005908142083161
3,raised_floor_gauss,100,oracle_minus_fixed,-0.3400000000000001,-0.15022222222222223,-0.1179533680965735
3,raised_floor_gauss,250,plugin_sd_nw_minus_oracle,0.32,0.1302222222222222,0.08612764264096938
3,raised_floor_gauss,250,plugin_sd_nw_minus_fixed,0.08999999999999997,0.028222222222222176,-0.01618610991251976
3,raised_floor_gauss,250,oracle_minus_fixed,-0.23000000000000004,-0.10200000000000004,-0.10231375255348914
3,raised_floor_gauss,500,plugin_sd_nw_minus_oracle,0.21999999999999997,0.09244444444444447,0.050498776803705084
3,raised_floor_gauss,500,plugin_sd_nw_minus_fixed,-0.050000000000000044,0.002888888888888941,-0.038058627604174056
3,raised_floor_gauss,500,oracle_minus_fixed,-0.27,-0.08955555555555553,-0.08855740440787914
3,raised_floor_gauss,1000,plugin_sd_nw_minus_oracle,0.19,0.06155555555555556,0.02481792456025199
3,raised_floor_gauss,1000,plugin_sd_nw_minus_fixed,-0.09000000000000002,-0.032444444444444415,-0.07061160341068745
3,raised_floor_gauss,1000,oracle_minus_fixed,-0.28,-0.09399999999999997,-0.09542952797093944
3,raised_floor_t3,100,plugin_sd_nw_minus_oracle,0.24,0.17088888888888887,0.10695533852874967
3,raised_floor_t3,100,plugin_sd_nw_minus_fixed,0.050000000000000044,0.023555555555555496,-0.022178943522368127
3,raised_floor_t3,100,oracle_minus_fixed,-0.18999999999999995,-0.14733333333333337,-0.1291342820511178
3,raised_floor_t3,250,plugin_sd_nw_minus_oracle,0.18,0.10088888888888886,0.05040337164101405
3,raised_floor_t3,250,plugin_sd_nw_minus_fixed,-0.12,-0.04155555555555557,-0.08214133932909995
3,raised_floor_t3,250,oracle_minus_fixed,-0.3,-0.14244444444444443,-0.132544710970114
3,raised_floor_t3,500,plugin_sd_nw_minus_oracle,0.16999999999999998,0.09911111111111115,0.07170547107711533
3,raised_floor_t3,500,plugin_sd_nw_minus_fixed,-0.10999999999999999,-0.040000000000000036,-0.07488316449934848
3,raised_floor_t3,500,oracle_minus_fixed,-0.27999999999999997,-0.13911111111111119,-0.14658863557646382
3,raised_floor_t3,1000,plugin_sd_nw_minus_oracle,0.12000000000000005,0.05600000000000005,0.02906637985055721
3,raised_floor_t3,1000,plugin_sd_nw_minus_fixed,-0.21999999999999997,-0.07888888888888895,-0.10392889267826438
3,raised_floor_t3,1000,oracle_minus_fixed,-0.34,-0.134888888888889,-0.1329952725288216
4,mm1_sojourn,100,plugin_sd_nw_minus_oracle,-0.11000000000000001,-0.03311111111111109,0.007126947118836005
4,mm1_sojourn,100,plugin_sd_nw_minus_fixed,-0.18999999999999997,-0.09822222222222216,-0.07645232837817693
4,mm1_sojourn,100,oracle_minus_fixed,-0.07999999999999996,-0.06511111111111106,-0.08357927549701294
4,mm1_sojourn,250,plugin_sd_nw_minus_oracle,0.13,0.026222222222222244,0.023771449863522143
4,mm1_sojourn,250,plugin_sd_nw_minus_fixed,0.1,0.013333333333333364,-0.013242664462462028
4,mm1_sojourn,250,oracle_minus_fixed,-0.03,-0.01288888888888888,-0.03701411432598417
4,mm1_sojourn,500,plugin_sd_nw_minus_oracle,0.09000000000000002,0.022888888888888875,0.020300488553311735
4,mm1_sojourn,500,plugin_sd_nw_minus_fixed,0.020000000000000018,0.010888888888888892,-0.01317357104155678
4,mm1_sojourn,500,oracle_minus_fixed,-0.07,-0.011999999999999983,-0.033474059594868516
4,mm1_sojourn,1000,plugin_sd_nw_minus_oracle,-0.009999999999999981,0.005111111111111122,0.0003037674823703346
4,mm1_sojourn,1000,plugin_sd_nw_minus_fixed,-0.009999999999999981,-0.008666666666666628,-0.010684972327939649
4,mm1_sojourn,1000,oracle_minus_fixed,0.0,-0.01377777777777775,-0.010988739810309983
4,raised_floor_gauss,100,plugin_sd_nw_minus_oracle,0.24999999999999994,0.19355555555555543,0.11321547207058918
4,raised_floor_gauss,100,plugin_sd_nw_minus_fixed,-0.010000000000000009,0.03555555555555545,-0.026835265376486783
4,raised_floor_gauss,100,oracle_minus_fixed,-0.25999999999999995,-0.15799999999999997,-0.14005073744707597
4,raised_floor_gauss,250,plugin_sd_nw_minus_oracle,0.32999999999999996,0.15333333333333335,0.08430961256539056
4,raised_floor_gauss,250,plugin_sd_nw_minus_fixed,0.0,0.01866666666666672,-0.03927235968737547
4,raised_floor_gauss,250,oracle_minus_fixed,-0.32999999999999996,-0.13466666666666663,-0.12358197225276603
4,raised_floor_gauss,500,plugin_sd_nw_minus_oracle,0.27999999999999997,0.12799999999999997,0.07815419299086208
4,raised_floor_gauss,500,plugin_sd_nw_minus_fixed,-0.010000000000000009,0.01933333333333337,-0.03752696783499854
4,raised_floor_gauss,500,oracle_minus_fixed,-0.29,-0.1086666666666666,-0.11568116082586062
4,raised_floor_gauss,1000,plugin_sd_nw_minus_oracle,0.14,0.07755555555555557,0.04120842539855882
4,raised_floor_gauss,1000,plugin_sd_nw_minus_fixed,-0.040000000000000036,-0.008444444444444393,-0.039326613694660895
4,raised_floor_gauss,1000,oracle_minus_fixed,-0.18000000000000005,-0.08599999999999997,-0.08053503909321971
4,raised_floor_t3,100,plugin_sd_nw_minus_oracle,0.43999999999999995,0.19711111111111115,0.12297748580371833
4,raised_floor_t3,100,plugin_sd_nw_minus_fixed,0.15999999999999992,0.07800000000000012,0.02070076828371828
4,raised_floor_t3,100,oracle_minus_fixed,-0.28,-0.11911111111111103,-0.10227671752000005
4,raised_floor_t3,250,plugin_sd_nw_minus_oracle,0.12,0.09644444444444447,0.05201041325899686
4,raised_floor_t3,250,plugin_sd_nw_minus_fixed,-0.08999999999999997,-0.05111111111111116,-0.07234756929784558
4,raised_floor_t3,250,oracle_minus_fixed,-0.20999999999999996,-0.14755555555555563,-0.12435798255684244
4,raised_floor_t3,500,plugin_sd_nw_minus_oracle,0.18,0.07422222222222222,0.05724514028484161
4,raised_floor_t3,500,plugin_sd_nw_minus_fixed,-0.17000000000000004,-0.07777777777777772,-0.09031414790714598
4,raised_floor_t3,500,oracle_minus_fixed,-0.35000000000000003,-0.15199999999999994,-0.1475592881919876
4,raised_floor_t3,1000,plugin_sd_nw_minus_oracle,0.020000000000000018,0.028666666666666646,0.013215098282645124
4,raised_floor_t3,1000,plugin_sd_nw_minus_fixed,-0.20999999999999996,-0.09977777777777777,-0.1053828574394502
4,raised_floor_t3,1000,oracle_minus_fixed,-0.22999999999999998,-0.12844444444444442,-0.11859795572209532
5,mm1_sojourn,100,plugin_sd_nw_minus_oracle,0.2,0.07244444444444445,0.05043880173271542
5,mm1_sojourn,100,plugin_sd_nw_minus_fixed,0.030000000000000027,-0.0028888888888888575,-0.030765484637791357
5,mm1_sojourn,100,oracle_minus_fixed,-0.16999999999999998,-0.07533333333333331,-0.08120428637050678
5,mm1_sojourn,250,plugin_sd_nw_minus_oracle,-0.04999999999999999,-0.02555555555555558,-0.008915315294406492
5,mm1_sojourn,250,plugin_sd_nw_minus_fixed,-0.030000000000000027,-0.004888888888888915,-0.05549225435344149
5,mm1_sojourn,250,oracle_minus_fixed,0.019999999999999962,0.020666666666666667,-0.046576939059035
5,mm1_sojourn,500,plugin_sd_nw_minus_oracle,0.09999999999999998,0.03599999999999999,0.02079193634707624
5,mm1_sojourn,500,plugin_sd_nw_minus_fixed,0.09999999999999998,0.032000000000000015,-0.00409830778903314
5,mm1_sojourn,500,oracle_minus_fixed,0.0,-0.003999999999999976,-0.02489024413610938
5,mm1_sojourn,1000,plugin_sd_nw_minus_oracle,0.04000000000000001,0.012444444444444452,0.023290629718390757
5,mm1_sojourn,1000,plugin_sd_nw_minus_fixed,0.08000000000000002,0.02644444444444445,0.018159285835740516
5,mm1_sojourn,1000,oracle_minus_fixed,0.04000000000000001,0.013999999999999999,-0.005131343882650241
5,raised_floor_gauss,100,plugin_sd_nw_minus_oracle,0.44000000000000006,0.19577777777777777,0.12583642805433345
5,raised_floor_gauss,100,plugin_sd_nw_minus_fixed,0.010000000000000009,0.026666666666666616,-0.023329099331824504
5,raised_floor_gauss,100,oracle_minus_fixed,-0.43000000000000005,-0.16911111111111116,-0.14916552738615796
5,raised_floor_gauss,250,plugin_sd_nw_minus_oracle,0.2,0.0848888888888889,0.04951012557224507
5,raised_floor_gauss,250,plugin_sd_nw_minus_fixed,-0.039999999999999925,-0.004222222222222183,-0.07272000141233231
5,raised_floor_gauss,250,oracle_minus_fixed,-0.23999999999999994,-0.08911111111111109,-0.12223012698457739
5,raised_floor_gauss,500,plugin_sd_nw_minus_oracle,0.27,0.12199999999999994,0.06155654366874766
5,raised_floor_gauss,500,plugin_sd_nw_minus_fixed,-0.010000000000000009,0.01177777777777772,-0.03376386300388351
5,raised_floor_gauss,500,oracle_minus_fixed,-0.28,-0.11022222222222222,-0.09532040667263117
5,raised_floor_gauss,1000,plugin_sd_nw_minus_oracle,0.14,0.07222222222222222,0.04493289654460551
5,raised_floor_gauss,1000,plugin_sd_nw_minus_fixed,-0.06,-0.012666666666666632,-0.04935466466250203
5,raised_floor_gauss,1000,oracle_minus_fixed,-0.2,-0.08488888888888885,-0.09428756120710755
5,raised_floor_t3,100,plugin_sd_nw_minus_oracle,0.43,0.1942222222222222,0.10589051848313359
5,raised_floor_t3,100,plugin_sd_nw_minus_fixed,0.07999999999999996,0.06066666666666665,-0.0363812532681356
5,raised_floor_t3,100,oracle_minus_fixed,-0.35000000000000003,-0.13355555555555557,-0.1422717717512692
5,raised_floor_t3,250,plugin_sd_nw_minus_oracle,0.21000000000000008,0.10399999999999998,0.07940336445528137
5,raised_floor_t3,250,plugin_sd_nw_minus_fixed,-0.07999999999999996,-0.06044444444444452,-0.06819874600315867
5,raised_floor_t3,250,oracle_minus_fixed,-0.29000000000000004,-0.1644444444444445,-0.14760211045844004
5,raised_floor_t3,500,plugin_sd_nw_minus_oracle,0.11999999999999994,0.046222222222222165,0.02468333932687361
5,raised_floor_t3,500,plugin_sd_nw_minus_fixed,-0.10999999999999999,-0.07400000000000001,-0.09186010810107406
5,raised_floor_t3,500,oracle_minus_fixed,-0.22999999999999993,-0.12022222222222217,-0.11654344742794767
5,raised_floor_t3,1000,plugin_sd_nw_minus_oracle,0.09000000000000008,0.06222222222222221,0.043939088847826185
5,raised_floor_t3,1000,plugin_sd_nw_minus_fixed,-0.17999999999999994,-0.0815555555555556,-0.09229699547169701
5,raised_floor_t3,1000,oracle_minus_fixed,-0.27,-0.1437777777777778,-0.1362360843195232
6,mm1_sojourn,100,plugin_sd_nw_minus_oracle,-0.030000000000000027,0.006444444444444447,-0.0011643258181221056
6,mm1_sojourn,100,plugin_sd_nw_minus_fixed,-0.09000000000000002,-0.05133333333333334,-0.04387003795873348
6,mm1_sojourn,100,oracle_minus_fixed,-0.06,-0.05777777777777779,-0.04270571214061138
6,mm1_sojourn,250,plugin_sd_nw_minus_oracle,0.07,0.032222222222222235,0.007081633069445106
6,mm1_sojourn,250,plugin_sd_nw_minus_fixed,0.09,0.02733333333333332,-0.005182248333949674
6,mm1_sojourn,250,oracle_minus_fixed,0.01999999999999999,-0.004888888888888915,-0.01226388140339478
6,mm1_sojourn,500,plugin_sd_nw_minus_oracle,0.019999999999999962,0.02266666666666664,0.015147702583852493
6,mm1_sojourn,500,plugin_sd_nw_minus_fixed,0.0,0.016222222222222193,-0.012064984217860591
6,mm1_sojourn,500,oracle_minus_fixed,-0.019999999999999962,-0.006444444444444447,-0.027212686801713085
6,mm1_sojourn,1000,plugin_sd_nw_minus_oracle,0.09000000000000002,0.041111111111111126,0.007314613384726554
6,mm1_sojourn,1000,plugin_sd_nw_minus_fixed,0.13,0.044888888888888895,-0.004116173737291506
6,mm1_sojourn,1000,oracle_minus_fixed,0.03999999999999998,0.003777777777777769,-0.01143078712201806
6,raised_floor_gauss,100,plugin_sd_nw_minus_oracle,0.33,0.12288888888888896,0.06326213394550344
6,raised_floor_gauss,100,plugin_sd_nw_minus_fixed,0.050000000000000044,0.008666666666666656,-0.055997365590268106
6,raised_floor_gauss,100,oracle_minus_fixed,-0.27999999999999997,-0.11422222222222231,-0.11925949953577154
6,raised_floor_gauss,250,plugin_sd_nw_minus_oracle,0.26,0.13622222222222222,0.07108369244149838
6,raised_floor_gauss,250,plugin_sd_nw_minus_fixed,0.020000000000000018,0.0188888888888889,-0.040876379262906604
6,raised_floor_gauss,250,oracle_minus_fixed,-0.24,-0.11733333333333332,-0.11196007170440499
6,raised_floor_gauss,500,plugin_sd_nw_minus_oracle,0.19,0.10422222222222219,0.06324792352722138
6,raised_floor_gauss,500,plugin_sd_nw_minus_fixed,0.010000000000000009,0.022888888888888903,-0.023104146958422098
6,raised_floor_gauss,500,oracle_minus_fixed,-0.18,-0.08133333333333329,-0.08635207048564347
6,raised_floor_gauss,1000,plugin_sd_nw_minus_oracle,0.30000000000000004,0.10333333333333333,0.06566331565205138
6,raised_floor_gauss,1000,plugin_sd_nw_minus_fixed,0.040000000000000036,0.01844444444444454,-0.03278133290951371
6,raised_floor_gauss,1000,oracle_minus_fixed,-0.26,-0.08488888888888879,-0.0984446485615651
6,raised_floor_t3,100,plugin_sd_nw_minus_oracle,0.44000000000000006,0.20000000000000004,0.1279907972817254
6,raised_floor_t3,100,plugin_sd_nw_minus_fixed,0.15000000000000002,0.07644444444444454,0.02657211899574169
6,raised_floor_t3,100,oracle_minus_fixed,-0.29000000000000004,-0.1235555555555555,-0.10141867828598371
6,raised_floor_t3,250,plugin_sd_nw_minus_oracle,0.23000000000000004,0.09244444444444441,0.0671056755389506
6,raised_floor_t3,250,plugin_sd_nw_minus_fixed,-0.05999999999999994,-0.07355555555555554,-0.07394321419619856
6,raised_floor_t3,250,oracle_minus_fixed,-0.29,-0.16599999999999995,-0.14104888973514917
6,raised_floor_t3,500,plugin_sd_nw_minus_oracle,0.13999999999999996,0.07866666666666675,0.03008885086742552
6,raised_floor_t3,500,plugin_sd_nw_minus_fixed,-0.17000000000000004,-0.07088888888888883,-0.09911056118204381
6,raised_floor_t3,500,oracle_minus_fixed,-0.31,-0.14955555555555558,-0.12919941204946933
6,raised_floor_t3,1000,plugin_sd_nw_minus_oracle,0.10000000000000003,0.0615555555555555,0.04046868160828357
6,raised_floor_t3,1000,plugin_sd_nw_minus_fixed,-0.19999999999999996,-0.09511111111111104,-0.09550580077770962
6,raised_floor_t3,1000,oracle_minus_fixed,-0.3,-0.15666666666666654,-0.1359744823859932
7,mm1_sojourn,100,plugin_sd_nw_minus_oracle,0.22999999999999998,0.1037777777777778,0.03834890664544052
7,mm1_sojourn,100,plugin_sd_nw_minus_fixed,0.25,0.09822222222222224,0.01571133635143708
7,mm1_sojourn,100,oracle_minus_fixed,0.020000000000000018,-0.005555555555555564,-0.022637570294003442
7,mm1_sojourn,250,plugin_sd_nw_minus_oracle,0.03999999999999998,0.014444444444444454,0.02356896954479952
7,mm1_sojourn,250,plugin_sd_nw_minus_fixed,0.010000000000000009,-0.0035555555555555896,-0.006590666973755863
7,mm1_sojourn,250,oracle_minus_fixed,-0.02999999999999997,-0.018000000000000044,-0.030159636518555383
7,mm1_sojourn,500,plugin_sd_nw_minus_oracle,-0.04000000000000001,-0.02266666666666667,-0.015452482710991852
7,mm1_sojourn,500,plugin_sd_nw_minus_fixed,-0.05000000000000002,-0.0208888888888889,-0.05255069230448359
7,mm1_sojourn,500,oracle_minus_fixed,-0.010000000000000009,0.001777777777777767,-0.037098209593491735
7,mm1_sojourn,1000,plugin_sd_nw_minus_oracle,0.010000000000000009,0.0,0.00973073273474731
7,mm1_sojourn,1000,plugin_sd_nw_minus_fixed,0.020000000000000018,-0.004000000000000017,-0.010535992251221593
7,mm1_sojourn,1000,oracle_minus_fixed,0.010000000000000009,-0.004000000000000017,-0.020266724985968904
7,raised_floor_gauss,100,plugin_sd_nw_minus_oracle,0.46,0.21688888888888896,0.15318202772385703
7,raised_floor_gauss,100,plugin_sd_nw_minus_fixed,0.040000000000000036,0.034888888888888914,-0.011949698571129513
7,raised_floor_gauss,100,oracle_minus_fixed,-0.42,-0.18200000000000005,-0.16513172629498651
7,raised_floor_gauss,250,plugin_sd_nw_minus_oracle,0.27999999999999997,0.13088888888888886,0.08336861660291282
7,raised_floor_gauss,250,plugin_sd_nw_minus_fixed,0.020000000000000018,0.0048888888888888316,-0.030608494680537307
7,raised_floor_gauss,250,oracle_minus_fixed,-0.25999999999999995,-0.12600000000000003,-0.11397711128345013
7,raised_floor_gauss,500,plugin_sd_nw_minus_oracle,0.14999999999999997,0.08444444444444452,0.039470931188761035
7,raised_floor_gauss,500,plugin_sd_nw_minus_fixed,-0.09000000000000008,-0.019777777777777727,-0.049799155947779575
7,raised_floor_gauss,500,oracle_minus_fixed,-0.24000000000000005,-0.10422222222222224,-0.08927008713654061
7,raised_floor_gauss,1000,plugin_sd_nw_minus_oracle,0.10999999999999999,0.06288888888888886,0.026883555212129456
7,raised_floor_gauss,1000,plugin_sd_nw_minus_fixed,0.010000000000000009,-0.009333333333333388,-0.03703826923798348
7,raised_floor_gauss,1000,oracle_minus_fixed,-0.09999999999999998,-0.07222222222222224,-0.06392182445011294
7,raised_floor_t3,100,plugin_sd_nw_minus_oracle,0.31999999999999995,0.15444444444444438,0.0983821998884309
7,raised_floor_t3,100,plugin_sd_nw_minus_fixed,0.0,0.007111111111111068,-0.008049495865485257
7,raised_floor_t3,100,oracle_minus_fixed,-0.31999999999999995,-0.14733333333333332,-0.10643169575391616
7,raised_floor_t3,250,plugin_sd_nw_minus_oracle,0.20999999999999996,0.08666666666666661,0.07341087793131673
7,raised_floor_t3,250,plugin_sd_nw_minus_fixed,-0.1100000000000001,-0.05511111111111111,-0.056317171171056724
7,raised_floor_t3,250,oracle_minus_fixed,-0.32000000000000006,-0.14177777777777772,-0.12972804910237345
7,raised_floor_t3,500,plugin_sd_nw_minus_oracle,0.13,0.0802222222222222,0.04015478385113086
7,raised_floor_t3,500,plugin_sd_nw_minus_fixed,-0.13,-0.04644444444444451,-0.07921890269977122
7,raised_floor_t3,500,oracle_minus_fixed,-0.26,-0.1266666666666667,-0.11937368655090208
7,raised_floor_t3,1000,plugin_sd_nw_minus_oracle,0.050000000000000044,0.02155555555555555,0.009883734864581217
7,raised_floor_t3,1000,plugin_sd_nw_minus_fixed,-0.25999999999999995,-0.11244444444444443,-0.13417073557974785
7,raised_floor_t3,1000,oracle_minus_fixed,-0.31,-0.13399999999999998,-0.14405447044432906
8,mm1_sojourn,100,plugin_sd_nw_minus_oracle,0.040000000000000036,0.021111111111111136,0.018434224817413913
8,mm1_sojourn,100,plugin_sd_nw_minus_fixed,-0.02999999999999997,-0.01422222222222222,-0.02795086687727516
8,mm1_sojourn,100,oracle_minus_fixed,-0.07,-0.035333333333333355,-0.04638509169468907
8,mm1_sojourn,250,plugin_sd_nw_minus_oracle,0.14,0.05177777777777777,0.01695153742966979
8,mm1_sojourn,250,plugin_sd_nw_minus_fixed,0.09000000000000002,0.029111111111111143,0.0009551231443602204
8,mm1_sojourn,250,oracle_minus_fixed,-0.04999999999999999,-0.022666666666666627,-0.015996414285309568
8,mm1_sojourn,500,plugin_sd_nw_minus_oracle,0.14,0.04733333333333341,0.031121927584298492
8,mm1_sojourn,500,plugin_sd_nw_minus_fixed,0.10000000000000003,0.03666666666666672,0.019706797465863707
8,mm1_sojourn,500,oracle_minus_fixed,-0.03999999999999998,-0.010666666666666685,-0.011415130118434785
8,mm1_sojourn,1000,plugin_sd_nw_minus_oracle,-0.02999999999999997,0.006444444444444447,0.007335181897936319
8,mm1_sojourn,1000,plugin_sd_nw_minus_fixed,-0.010000000000000009,-0.0017777777777777948,-0.030822233849580258
8,mm1_sojourn,1000,oracle_minus_fixed,0.019999999999999962,-0.008222222222222242,-0.038157415747516576
8,raised_floor_gauss,100,plugin_sd_nw_minus_oracle,0.5,0.2231111111111111,0.130021459028955
8,raised_floor_gauss,100,plugin_sd_nw_minus_fixed,0.24,0.09688888888888886,0.023977593787989915
8,raised_floor_gauss,100,oracle_minus_fixed,-0.26,-0.12622222222222224,-0.1060438652409651
8,raised_floor_gauss,250,plugin_sd_nw_minus_oracle,0.31000000000000005,0.12822222222222227,0.07857211233677404
8,raised_floor_gauss,250,plugin_sd_nw_minus_fixed,0.06000000000000005,0.014888888888888951,-0.040817394908176846
8,raised_floor_gauss,250,oracle_minus_fixed,-0.25,-0.11333333333333331,-0.11938950724495088
8,raised_floor_gauss,500,plugin_sd_nw_minus_oracle,0.26,0.10844444444444445,0.08716212844352439
8,raised_floor_gauss,500,plugin_sd_nw_minus_fixed,-0.010000000000000009,-0.0022222222222222365,-0.031390955463217546
8,raised_floor_gauss,500,oracle_minus_fixed,-0.27,-0.11066666666666669,-0.11855308390674194
8,raised_floor_gauss,1000,plugin_sd_nw_minus_oracle,0.21000000000000002,0.05533333333333332,0.05341369501730012
8,raised_floor_gauss,1000,plugin_sd_nw_minus_fixed,-0.07,-0.034444444444444444,-0.049824700580715364
8,raised_floor_gauss,1000,oracle_minus_fixed,-0.28,-0.08977777777777776,-0.10323839559801548
8,raised_floor_t3,100,plugin_sd_nw_minus_oracle,0.38000000000000006,0.19422222222222219,0.1336435283718721
8,raised_floor_t3,100,plugin_sd_nw_minus_fixed,0.030000000000000027,0.04533333333333328,-0.013039360207822426
8,raised_floor_t3,100,oracle_minus_fixed,-0.35000000000000003,-0.1488888888888889,-0.14668288857969453
8,raised_floor_t3,250,plugin_sd_nw_minus_oracle,0.21000000000000002,0.11400000000000002,0.05747888820965366
8,raised_floor_t3,250,plugin_sd_nw_minus_fixed,-0.08999999999999997,-0.05288888888888882,-0.08726918753740764
8,raised_floor_t3,250,oracle_minus_fixed,-0.3,-0.16688888888888884,-0.1447480757470613
8,raised_floor_t3,500,plugin_sd_nw_minus_oracle,0.18999999999999995,0.08777777777777779,0.054334110463545846
8,raised_floor_t3,500,plugin_sd_nw_minus_fixed,-0.18000000000000005,-0.06444444444444442,-0.08871926944033001
8,raised_floor_t3,500,oracle_minus_fixed,-0.37,-0.1522222222222222,-0.14305337990387584
8,raised_floor_t3,1000,plugin_sd_nw_minus_oracle,0.029999999999999916,0.05311111111111114,0.026932495785258914
8,raised_floor_t3,1000,plugin_sd_nw_minus_fixed,-0.21000000000000008,-0.07911111111111108,-0.12309054168710501
8,raised_floor_t3,1000,oracle_minus_fixed,-0.24,-0.1322222222222222,-0.15002303747236392
9,mm1_sojourn,100,plugin_sd_nw_minus_oracle,0.0,0.008222222222222214,-0.00712355932040154
9,mm1_sojourn,100,plugin_sd_nw_minus_fixed,-0.22999999999999998,-0.05133333333333337,-0.08117317130676291
9,mm1_sojourn,100,oracle_minus_fixed,-0.22999999999999998,-0.059555555555555584,-0.07404961198636137
9,mm1_sojourn,250,plugin_sd_nw_minus_oracle,0.19,0.047111111111111104,0.03146014768972151
9,mm1_sojourn,250,plugin_sd_nw_minus_fixed,0.22,0.04377777777777778,0.01419980833857594
9,mm1_sojourn,250,oracle_minus_fixed,0.03,-0.003333333333333327,-0.01726033935114557
9,mm1_sojourn,500,plugin_sd_nw_minus_oracle,0.22,0.052000000000000005,0.03980858470902898
9,mm1_sojourn,500,plugin_sd_nw_minus_fixed,0.26,0.06333333333333331,0.03227811400888436
9,mm1_sojourn,500,oracle_minus_fixed,0.04000000000000001,0.011333333333333306,-0.00753047070014462
9,mm1_sojourn,1000,plugin_sd_nw_minus_oracle,0.010000000000000009,0.011999999999999983,-8.359479604966302e-05
9,mm1_sojourn,1000,plugin_sd_nw_minus_fixed,-0.04000000000000001,0.006888888888888861,-0.026161228140472476
9,mm1_sojourn,1000,oracle_minus_fixed,-0.05000000000000002,-0.005111111111111122,-0.026077633344422813
9,raised_floor_gauss,100,plugin_sd_nw_minus_oracle,0.43999999999999995,0.19600000000000006,0.11679114447157801
9,raised_floor_gauss,100,plugin_sd_nw_minus_fixed,0.20999999999999996,0.08733333333333337,-0.0012096238319941055
9,raised_floor_gauss,100,oracle_minus_fixed,-0.22999999999999998,-0.10866666666666669,-0.11800076830357212
9,raised_floor_gauss,250,plugin_sd_nw_minus_oracle,0.36,0.1546666666666667,0.08865954507347604
9,raised_floor_gauss,250,plugin_sd_nw_minus_fixed,0.06000000000000005,0.04333333333333339,-0.027791855701390755
9,raised_floor_gauss,250,oracle_minus_fixed,-0.29999999999999993,-0.11133333333333331,-0.11645140077486679
9,raised_floor_gauss,500,plugin_sd_nw_minus_oracle,0.20999999999999996,0.04600000000000001,0.03425699549182401
9,raised_floor_gauss,500,plugin_sd_nw_minus_fixed,-0.040000000000000036,-0.03311111111111106,-0.05270903941023947
9,raised_floor_gauss,500,oracle_minus_fixed,-0.25,-0.07911111111111108,-0.08696603490206348
9,raised_floor_gauss,1000,plugin_sd_nw_minus_oracle,0.10999999999999999,0.07422222222222224,0.04130458089295498
9,raised_floor_gauss,1000,plugin_sd_nw_minus_fixed,-0.08000000000000002,-0.005777777777777743,-0.0471607751031867
9,raised_floor_gauss,1000,oracle_minus_fixed,-0.19,-0.07999999999999999,-0.08846535599614168
9,raised_floor_t3,100,plugin_sd_nw_minus_oracle,0.35999999999999993,0.17133333333333337,0.08214319095007076
9,raised_floor_t3,100,plugin_sd_nw_minus_fixed,0.039999999999999925,0.03422222222222221,-0.04906565153547143
9,raised_floor_t3,100,oracle_minus_fixed,-0.32,-0.13711111111111116,-0.1312088424855422
9,raised_floor_t3,250,plugin_sd_nw_minus_oracle,0.04999999999999993,0.08511111111111114,0.023499175125591507
9,raised_floor_t3,250,plugin_sd_nw_minus_fixed,-0.18000000000000005,-0.055555555555555525,-0.13233141361480433
9,raised_floor_t3,250,oracle_minus_fixed,-0.22999999999999998,-0.14066666666666666,-0.15583058874039585
9,raised_floor_t3,500,plugin_sd_nw_minus_oracle,0.13999999999999996,0.058888888888888824,0.027410240784183873
9,raised_floor_t3,500,plugin_sd_nw_minus_fixed,-0.13,-0.06844444444444442,-0.09680705150184311
9,raised_floor_t3,500,oracle_minus_fixed,-0.26999999999999996,-0.12733333333333324,-0.12421729228602699
9,raised_floor_t3,1000,plugin_sd_nw_minus_oracle,0.10999999999999999,0.036666666666666736,0.0124269829361148
9,raised_floor_t3,1000,plugin_sd_nw_minus_fixed,-0.21999999999999997,-0.1242222222222222,-0.12371388191572341
9,raised_floor_t3,1000,oracle_minus_fixed,-0.32999999999999996,-0.16088888888888894,-0.1361408648518382
10,mm1_sojourn,100,plugin_sd_nw_minus_oracle,-0.030000000000000027,-0.011333333333333334,-0.00307377295414768
10,mm1_sojourn,100,plugin_sd_nw_minus_fixed,0.13,0.051333333333333286,-0.0009493015023240292
10,mm1_sojourn,100,oracle_minus_fixed,0.16000000000000003,0.06266666666666662,0.0021244714518236507
10,mm1_sojourn,250,plugin_sd_nw_minus_oracle,-0.010000000000000009,-0.003333333333333327,-0.003891524935676821
10,mm1_sojourn,250,plugin_sd_nw_minus_fixed,0.030000000000000027,0.006666666666666626,-0.02551745987666587
10,mm1_sojourn,250,oracle_minus_fixed,0.040000000000000036,0.009999999999999953,-0.02162593494098905
10,mm1_sojourn,500,plugin_sd_nw_minus_oracle,-0.02999999999999997,0.004666666666666652,0.014004425730086645
10,mm1_sojourn,500,plugin_sd_nw_minus_fixed,0.030000000000000027,0.005555555555555564,-0.016949627580192167
10,mm1_sojourn,500,oracle_minus_fixed,0.06,0.0008888888888889113,-0.030954053310278812
10,mm1_sojourn,1000,plugin_sd_nw_minus_oracle,0.09,0.019111111111111106,0.005583303650432553
10,mm1_sojourn,1000,plugin_sd_nw_minus_fixed,0.10999999999999999,0.011555555555555569,0.010368061100738943
10,mm1_sojourn,1000,oracle_minus_fixed,0.01999999999999999,-0.007555555555555538,0.00478475745030639
10,raised_floor_gauss,100,plugin_sd_nw_minus_oracle,0.36,0.17400000000000004,0.08861643689296667
10,raised_floor_gauss,100,plugin_sd_nw_minus_fixed,0.18,0.07222222222222227,0.011960073628821566
10,raised_floor_gauss,100,oracle_minus_fixed,-0.17999999999999997,-0.10177777777777777,-0.0766563632641451
10,raised_floor_gauss,250,plugin_sd_nw_minus_oracle,0.31,0.15933333333333333,0.07999037510394483
10,raised_floor_gauss,250,plugin_sd_nw_minus_fixed,-0.030000000000000027,0.009777777777777774,-0.043077917292882156
10,raised_floor_gauss,250,oracle_minus_fixed,-0.34,-0.14955555555555555,-0.12306829239682698
10,raised_floor_gauss,500,plugin_sd_nw_minus_oracle,0.21999999999999997,0.1120000000000001,0.07760480663166824
10,raised_floor_gauss,500,plugin_sd_nw_minus_fixed,0.030000000000000027,0.023555555555555635,-0.016259964911663427
10,raised_floor_gauss,500,oracle_minus_fixed,-0.18999999999999995,-0.08844444444444446,-0.09386477154333167
10,raised_floor_gauss,1000,plugin_sd_nw_minus_oracle,0.10000000000000003,0.06400000000000003,0.03094849565328993
10,raised_floor_gauss,1000,plugin_sd_nw_minus_fixed,-0.12,-0.02977777777777768,-0.07800625642224748
10,raised_floor_gauss,1000,oracle_minus_fixed,-0.22000000000000003,-0.09377777777777771,-0.10895475207553741
10,raised_floor_t3,100,plugin_sd_nw_minus_oracle,0.45,0.18577777777777787,0.13577841556084902
10,raised_floor_t3,100,plugin_sd_nw_minus_fixed,0.050000000000000044,-0.009111111111111014,-0.006652080777269059
10,raised_floor_t3,100,oracle_minus_fixed,-0.39999999999999997,-0.1948888888888889,-0.14243049633811808
10,raised_floor_t3,250,plugin_sd_nw_minus_oracle,0.26,0.13200000000000006,0.06809104517382136
10,raised_floor_t3,250,plugin_sd_nw_minus_fixed,-0.17000000000000004,-0.05066666666666664,-0.07648840031707713
10,raised_floor_t3,250,oracle_minus_fixed,-0.43000000000000005,-0.1826666666666667,-0.1445794454908985
10,raised_floor_t3,500,plugin_sd_nw_minus_oracle,0.12000000000000005,0.07911111111111108,0.04092431982866607
10,raised_floor_t3,500,plugin_sd_nw_minus_fixed,-0.21999999999999997,-0.09133333333333338,-0.10669977359462143
10,raised_floor_t3,500,oracle_minus_fixed,-0.34,-0.17044444444444445,-0.1476240934232875
10,raised_floor_t3,1000,plugin_sd_nw_minus_oracle,0.10999999999999999,0.045999999999999985,0.03937050103904753
10,raised_floor_t3,1000,plugin_sd_nw_minus_fixed,-0.15000000000000002,-0.0922222222222222,-0.09296474185535906
10,raised_floor_t3,1000,oracle_minus_fixed,-0.26,-0.1382222222222222,-0.1323352428944066
11,mm1_sojourn,100,plugin_sd_nw_minus_oracle,0.03999999999999998,0.027777777777777818,0.02061355411397317
11,mm1_sojourn,100,plugin_sd_nw_minus_fixed,0.15999999999999998,0.03311111111111115,-0.004951902461145255
11,mm1_sojourn,100,oracle_minus_fixed,0.12,0.005333333333333329,-0.025565456575118425
11,mm1_sojourn,250,plugin_sd_nw_minus_oracle,0.07,0.03288888888888891,0.03188669735520676
11,mm1_sojourn,250,plugin_sd_nw_minus_fixed,0.16999999999999998,0.0468888888888889,0.01669846683533388
11,mm1_sojourn,250,oracle_minus_fixed,0.09999999999999998,0.013999999999999985,-0.015188230519872878
11,mm1_sojourn,500,plugin_sd_nw_minus_oracle,0.11000000000000001,0.03888888888888889,0.0173913704937273
11,mm1_sojourn,500,plugin_sd_nw_minus_fixed,0.040000000000000036,0.009777777777777774,-0.01658429406442541
11,mm1_sojourn,500,oracle_minus_fixed,-0.06999999999999998,-0.029111111111111115,-0.03397566455815271
11,mm1_sojourn,1000,plugin_sd_nw_minus_oracle,0.08999999999999997,0.0008888888888889113,0.011828695469537145
11,mm1_sojourn,1000,plugin_sd_nw_minus_fixed,0.0,0.005333333333333301,-0.015467169715671303
11,mm1_sojourn,1000,oracle_minus_fixed,-0.08999999999999997,0.00444444444444439,-0.02729586518520845
11,raised_floor_gauss,100,plugin_sd_nw_minus_oracle,0.29999999999999993,0.17911111111111114,0.11051712965651733
11,raised_floor_gauss,100,plugin_sd_nw_minus_fixed,0.010000000000000009,0.05444444444444452,-0.02953071118404868
11,raised_floor_gauss,100,oracle_minus_fixed,-0.2899999999999999,-0.12466666666666662,-0.140047840840566
11,raised_floor_gauss,250,plugin_sd_nw_minus_oracle,0.3499999999999999,0.14288888888888893,0.10185574923985163
11,raised_floor_gauss,250,plugin_sd_nw_minus_fixed,0.08999999999999997,0.03933333333333339,-0.018676498617872767
11,raised_floor_gauss,250,oracle_minus_fixed,-0.25999999999999995,-0.10355555555555554,-0.1205322478577244
11,raised_floor_gauss,500,plugin_sd_nw_minus_oracle,0.26,0.11177777777777773,0.07087420162703313
11,raised_floor_gauss,500,plugin_sd_nw_minus_fixed,0.020000000000000018,0.01688888888888887,-0.030760159020277164
11,raised_floor_gauss,500,oracle_minus_fixed,-0.24,-0.09488888888888886,-0.1016343606473103
11,raised_floor_gauss,1000,plugin_sd_nw_minus_oracle,0.16999999999999998,0.07444444444444445,0.04481745561588095
11,raised_floor_gauss,1000,plugin_sd_nw_minus_fixed,-0.020000000000000018,-0.014222222222222192,-0.05416328724613792
11,raised_floor_gauss,1000,oracle_minus_fixed,-0.19,-0.08866666666666664,-0.09898074286201887
11,raised_floor_t3,100,plugin_sd_nw_minus_oracle,0.22000000000000003,0.15977777777777782,0.09899105962688518
11,raised_floor_t3,100,plugin_sd_nw_minus_fixed,0.050000000000000044,0.04488888888888892,-0.01065971278560382
11,raised_floor_t3,100,oracle_minus_fixed,-0.16999999999999998,-0.1148888888888889,-0.109650772412489
11,raised_floor_t3,250,plugin_sd_nw_minus_oracle,0.08000000000000007,0.07088888888888892,0.04309603762734926
11,raised_floor_t3,250,plugin_sd_nw_minus_fixed,-0.1399999999999999,-0.059111111111111114,-0.0823930056037116
11,raised_floor_t3,250,oracle_minus_fixed,-0.21999999999999997,-0.13000000000000003,-0.12548904323106086
11,raised_floor_t3,500,plugin_sd_nw_minus_oracle,0.10999999999999999,0.06444444444444444,0.03398325610371576
11,raised_floor_t3,500,plugin_sd_nw_minus_fixed,-0.20000000000000007,-0.07577777777777772,-0.0909365519494372
11,raised_floor_t3,500,oracle_minus_fixed,-0.31000000000000005,-0.14022222222222216,-0.12491980805315296
11,raised_floor_t3,1000,plugin_sd_nw_minus_oracle,0.19000000000000006,0.08244444444444443,0.05258412799558275
11,raised_floor_t3,1000,plugin_sd_nw_minus_fixed,-0.10999999999999999,-0.05377777777777776,-0.08712224778822575
11,raised_floor_t3,1000,oracle_minus_fixed,-0.30000000000000004,-0.1362222222222222,-0.1397063757838085
12,mm1_sojourn,100,plugin_sd_nw_minus_oracle,0.12,0.03422222222222221,0.026749199502125634
12,mm1_sojourn,100,plugin_sd_nw_minus_fixed,0.020000000000000018,-0.018222222222222223,-0.036771539496456854
12,mm1_sojourn,100,oracle_minus_fixed,-0.09999999999999998,-0.05244444444444443,-0.06352073899858249
12,mm1_sojourn,250,plugin_sd_nw_minus_oracle,0.03999999999999998,0.03155555555555553,0.007442123869393247
12,mm1_sojourn,250,plugin_sd_nw_minus_fixed,0.12,0.05533333333333332,-0.021754880678288846
12,mm1_sojourn,250,oracle_minus_fixed,0.08000000000000002,0.023777777777777787,-0.029197004547682093
12,mm1_sojourn,500,plugin_sd_nw_minus_oracle,0.15,0.03266666666666662,0.03584590378336382
12,mm1_sojourn,500,plugin_sd_nw_minus_fixed,0.09999999999999998,0.013555555555555543,-0.0007795858564049185
12,mm1_sojourn,500,oracle_minus_fixed,-0.05000000000000002,-0.01911111111111108,-0.036625489639768735
12,mm1_sojourn,1000,plugin_sd_nw_minus_oracle,0.09,0.027999999999999983,0.019712521169479677
12,mm1_sojourn,1000,plugin_sd_nw_minus_fixed,0.1,0.02244444444444442,0.002794020172528583
12,mm1_sojourn,1000,oracle_minus_fixed,0.010000000000000009,-0.005555555555555564,-0.016918500996951094
12,raised_floor_gauss,100,plugin_sd_nw_minus_oracle,0.29000000000000004,0.1713333333333333,0.08056170836581344
12,raised_floor_gauss,100,plugin_sd_nw_minus_fixed,0.020000000000000018,0.028888888888888853,-0.03900471820995993
12,raised_floor_gauss,100,oracle_minus_fixed,-0.27,-0.14244444444444446,-0.11956642657577338
12,raised_floor_gauss,250,plugin_sd_nw_minus_oracle,0.31000000000000005,0.1468888888888888,0.07325624836477389
12,raised_floor_gauss,250,plugin_sd_nw_minus_fixed,-0.039999999999999925,0.006888888888888778,-0.06233390526911946
12,raised_floor_gauss,250,oracle_minus_fixed,-0.35,-0.14,-0.13559015363389335
12,raised_floor_gauss,500,plugin_sd_nw_minus_oracle,0.16000000000000003,0.09399999999999997,0.04674307508743959
12,raised_floor_gauss,500,plugin_sd_nw_minus_fixed,-0.030000000000000027,-0.0102222222222223,-0.05163704233372848
12,raised_floor_gauss,500,oracle_minus_fixed,-0.19000000000000006,-0.10422222222222227,-0.09838011742116808
12,raised_floor_gauss,1000,plugin_sd_nw_minus_oracle,0.17000000000000004,0.07111111111111107,0.03776890396222245
12,raised_floor_gauss,1000,plugin_sd_nw_minus_fixed,-0.07999999999999996,-0.03288888888888891,-0.07242720707046613
12,raised_floor_gauss,1000,oracle_minus_fixed,-0.25,-0.10399999999999998,-0.11019611103268857
12,raised_floor_t3,100,plugin_sd_nw_minus_oracle,0.32,0.15044444444444438,0.06464603784587906
12,raised_floor_t3,100,plugin_sd_nw_minus_fixed,0.0,-0.002888888888888941,-0.02468214087151968
12,raised_floor_t3,100,oracle_minus_fixed,-0.32,-0.15333333333333332,-0.08932817871739875
12,raised_floor_t3,250,plugin_sd_nw_minus_oracle,0.12000000000000005,0.08600000000000008,0.04638871998235747
12,raised_floor_t3,250,plugin_sd_nw_minus_fixed,-0.15999999999999992,-0.07844444444444432,-0.09243298933864308
12,raised_floor_t3,250,oracle_minus_fixed,-0.27999999999999997,-0.1644444444444444,-0.13882170932100055
12,raised_floor_t3,500,plugin_sd_nw_minus_oracle,0.10000000000000003,0.07044444444444439,0.040411542489412366
12,raised_floor_t3,500,plugin_sd_nw_minus_fixed,-0.18999999999999995,-0.0977777777777778,-0.09023660953136864
12,raised_floor_t3,500,oracle_minus_fixed,-0.29,-0.1682222222222222,-0.130648152020781
12,raised_floor_t3,1000,plugin_sd_nw_minus_oracle,0.09000000000000002,0.0377777777777778,0.013907246696319903
12,raised_floor_t3,1000,plugin_sd_nw_minus_fixed,-0.19999999999999996,-0.12688888888888888,-0.11119787820448188
12,raised_floor_t3,1000,oracle_minus_fixed,-0.29,-0.16466666666666668,-0.12510512490080178
13,mm1_sojourn,100,plugin_sd_nw_minus_oracle,0.10000000000000003,0.021333333333333315,0.025871759910126593
13,mm1_sojourn,100,plugin_sd_nw_minus_fixed,0.22999999999999998,0.0606666666666667,0.011556213212687391
13,mm1_sojourn,100,oracle_minus_fixed,0.12999999999999995,0.03933333333333339,-0.014315546697439202
13,mm1_sojourn,250,plugin_sd_nw_minus_oracle,0.009999999999999981,-0.007111111111111096,0.00816853548434461
13,mm1_sojourn,250,plugin_sd_nw_minus_fixed,0.03,0.0020000000000000018,-0.004786630188499244
13,mm1_sojourn,250,oracle_minus_fixed,0.020000000000000018,0.009111111111111098,-0.012955165672843855
13,mm1_sojourn,500,plugin_sd_nw_minus_oracle,0.07,0.023333333333333345,0.0030068592361235102
13,mm1_sojourn,500,plugin_sd_nw_minus_fixed,-0.010000000000000009,0.016000000000000014,-0.014014779372824235
13,mm1_sojourn,500,oracle_minus_fixed,-0.08000000000000002,-0.007333333333333331,-0.017021638608947745
13,mm1_sojourn,1000,plugin_sd_nw_minus_oracle,-0.020000000000000018,0.011999999999999983,-0.006684991919140515
13,mm1_sojourn,1000,plugin_sd_nw_minus_fixed,0.04999999999999999,0.01733333333333334,-0.009607990642347186
13,mm1_sojourn,1000,oracle_minus_fixed,0.07,0.005333333333333357,-0.002922998723206671
13,raised_floor_gauss,100,plugin_sd_nw_minus_oracle,0.45000000000000007,0.1997777777777778,0.11735719223073103
13,raised_floor_gauss,100,plugin_sd_nw_minus_fixed,0.21000000000000002,0.10222222222222224,0.025446013374969517
13,raised_floor_gauss,100,oracle_minus_fixed,-0.24000000000000002,-0.09755555555555556,-0.09191117885576151
13,raised_floor_gauss,250,plugin_sd_nw_minus_oracle,0.29000000000000004,0.13733333333333328,0.07503841390244613
13,raised_floor_gauss,250,plugin_sd_nw_minus_fixed,0.020000000000000018,0.04266666666666663,-0.044053595753820174
13,raised_floor_gauss,250,oracle_minus_fixed,-0.27,-0.09466666666666665,-0.1190920096562663
13,raised_floor_gauss,500,plugin_sd_nw_minus_oracle,0.28,0.12000000000000002,0.07522090518483635
13,raised_floor_gauss,500,plugin_sd_nw_minus_fixed,-0.030000000000000027,0.0011111111111111738,-0.0368273475649413
13,raised_floor_gauss,500,oracle_minus_fixed,-0.31000000000000005,-0.11888888888888885,-0.11204825274977764
13,raised_floor_gauss,1000,plugin_sd_nw_minus_oracle,0.17000000000000004,0.09688888888888891,0.04153634238235934
13,raised_floor_gauss,1000,plugin_sd_nw_minus_fixed,-0.08999999999999997,-0.010444444444444423,-0.06138875379886852
13,raised_floor_gauss,1000,oracle_minus_fixed,-0.26,-0.10733333333333334,-0.10292509618122786
13,raised_floor_t3,100,plugin_sd_nw_minus_oracle,0.33,0.19466666666666663,0.09937419613221726
13,raised_floor_t3,100,plugin_sd_nw_minus_fixed,-0.020000000000000018,0.01622222222222225,-0.02471605317025627
13,raised_floor_t3,100,oracle_minus_fixed,-0.35000000000000003,-0.17844444444444438,-0.12409024930247353
13,raised_floor_t3,250,plugin_sd_nw_minus_oracle,0.14999999999999997,0.09288888888888891,0.04955421493147373
13,raised_floor_t3,250,plugin_sd_nw_minus_fixed,-0.08000000000000007,-0.03755555555555562,-0.07928346226911981
13,raised_floor_t3,250,oracle_minus_fixed,-0.23000000000000004,-0.13044444444444453,-0.12883767720059353
13,raised_floor_t3,500,plugin_sd_nw_minus_oracle,0.16999999999999998,0.07666666666666666,0.048692069925636766
13,raised_floor_t3,500,plugin_sd_nw_minus_fixed,-0.16000000000000003,-0.09088888888888885,-0.10690604760349054
13,raised_floor_t3,500,oracle_minus_fixed,-0.33,-0.1675555555555555,-0.1555981175291273
13,raised_floor_t3,1000,plugin_sd_nw_minus_oracle,0.12,0.06022222222222218,0.04147999788566269
13,raised_floor_t3,1000,plugin_sd_nw_minus_fixed,-0.17999999999999994,-0.08400000000000002,-0.08978448945313507
13,raised_floor_t3,1000,oracle_minus_fixed,-0.29999999999999993,-0.1442222222222222,-0.13126448733879775
14,mm1_sojourn,100,plugin_sd_nw_minus_oracle,0.030000000000000027,0.0022222222222222643,0.007832764373235102
14,mm1_sojourn,100,plugin_sd_nw_minus_fixed,0.08000000000000002,0.004000000000000031,-0.021129999360539886
14,mm1_sojourn,100,oracle_minus_fixed,0.04999999999999999,0.001777777777777767,-0.028962763733774988
14,mm1_sojourn,250,plugin_sd_nw_minus_oracle,0.010000000000000009,0.022222222222222213,0.004138808984425174
14,mm1_sojourn,250,plugin_sd_nw_minus_fixed,-0.01999999999999999,0.010888888888888892,-0.021157829288262597
14,mm1_sojourn,250,oracle_minus_fixed,-0.03,-0.01133333333333332,-0.02529663827268777
14,mm1_sojourn,500,plugin_sd_nw_minus_oracle,-0.020000000000000018,-0.005111111111111122,-0.004668432242156448
14,mm1_sojourn,500,plugin_sd_nw_minus_fixed,-0.08000000000000002,-0.012888888888888894,-0.06409987308998963
14,mm1_sojourn,500,oracle_minus_fixed,-0.06,-0.007777777777777772,-0.05943144084783318
14,mm1_sojourn,1000,plugin_sd_nw_minus_oracle,-0.030000000000000027,-0.01911111111111112,0.004286683048181111
14,mm1_sojourn,1000,plugin_sd_nw_minus_fixed,0.010000000000000009,-0.017111111111111063,-0.012424176174955642
14,mm1_sojourn,1000,oracle_minus_fixed,0.040000000000000036,0.0020000000000000573,-0.016710859223136754
14,raised_floor_gauss,100,plugin_sd_nw_minus_oracle,0.46,0.22044444444444447,0.11443909342156028
14,raised_floor_gauss,100,plugin_sd_nw_minus_fixed,0.18000000000000005,0.09333333333333343,0.009138687123822986
14,raised_floor_gauss,100,oracle_minus_fixed,-0.27999999999999997,-0.12711111111111104,-0.10530040629773729
14,raised_floor_gauss,250,plugin_sd_nw_minus_oracle,0.28,0.11599999999999994,0.074953912347563
14,raised_floor_gauss,250,plugin_sd_nw_minus_fixed,-0.010000000000000009,0.006888888888888861,-0.026638258590203565
14,raised_floor_gauss,250,oracle_minus_fixed,-0.29000000000000004,-0.10911111111111108,-0.10159217093776657
14,raised_floor_gauss,500,plugin_sd_nw_minus_oracle,0.19999999999999996,0.09244444444444433,0.05052739011666961
14,raised_floor_gauss,500,plugin_sd_nw_minus_fixed,-0.07000000000000006,-0.0155555555555556,-0.052115840152320125
14,raised_floor_gauss,500,oracle_minus_fixed,-0.27,-0.10799999999999993,-0.10264323026898974
14,raised_floor_gauss,1000,plugin_sd_nw_minus_oracle,0.23,0.08444444444444452,0.055022741147620735
14,raised_floor_gauss,1000,plugin_sd_nw_minus_fixed,0.0,-0.0086666666666666,-0.032552641661304504
14,raised_floor_gauss,1000,oracle_minus_fixed,-0.23,-0.09311111111111112,-0.08757538280892524
14,raised_floor_t3,100,plugin_sd_nw_minus_oracle,0.33999999999999997,0.1695555555555556,0.062309780233120504
14,raised_floor_t3,100,plugin_sd_nw_minus_fixed,0.039999999999999925,0.026666666666666672,-0.04472227839069051
14,raised_floor_t3,100,oracle_minus_fixed,-0.30000000000000004,-0.14288888888888893,-0.10703205862381102
14,raised_floor_t3,250,plugin_sd_nw_minus_oracle,0.11999999999999994,0.08155555555555555,0.03477425824582704
14,raised_floor_t3,250,plugin_sd_nw_minus_fixed,-0.15000000000000002,-0.0646666666666667,-0.11485960768219525
14,raised_floor_t3,250,oracle_minus_fixed,-0.26999999999999996,-0.14622222222222225,-0.1496338659280223
14,raised_floor_t3,500,plugin_sd_nw_minus_oracle,0.22000000000000003,0.08622222222222217,0.04822365911848536
14,raised_floor_t3,500,plugin_sd_nw_minus_fixed,-0.12,-0.050000000000000044,-0.057957944461683536
14,raised_floor_t3,500,oracle_minus_fixed,-0.34,-0.13622222222222222,-0.1061816035801689
14,raised_floor_t3,1000,plugin_sd_nw_minus_oracle,0.21999999999999997,0.07755555555555566,0.04988981271829228
14,raised_floor_t3,1000,plugin_sd_nw_minus_fixed,-0.12,-0.06466666666666665,-0.08399813199074105
14,raised_floor_t3,1000,oracle_minus_fixed,-0.33999999999999997,-0.1422222222222223,-0.1338879447090333
15,mm1_sojourn,100,plugin_sd_nw_minus_oracle,0.13,0.03311111111111115,0.027564337513420634
15,mm1_sojourn,100,plugin_sd_nw_minus_fixed,0.19999999999999996,0.039555555555555594,0.03040380223892622
15,mm1_sojourn,100,oracle_minus_fixed,0.06999999999999995,0.006444444444444447,0.002839464725505586
15,mm1_sojourn,250,plugin_sd_nw_minus_oracle,-0.010000000000000009,0.011555555555555569,0.01700067889183718
15,mm1_sojourn,250,plugin_sd_nw_minus_fixed,-0.010000000000000009,-0.0042222222222222106,-0.026609912194183044
15,mm1_sojourn,250,oracle_minus_fixed,0.0,-0.01577777777777778,-0.04361059108602022
15,mm1_sojourn,500,plugin_sd_nw_minus_oracle,0.04999999999999999,0.01733333333333331,0.0046934069951348745
15,mm1_sojourn,500,plugin_sd_nw_minus_fixed,0.03999999999999998,0.015111111111111075,-0.024360763039312477
15,mm1_sojourn,500,oracle_minus_fixed,-0.010000000000000009,-0.0022222222222222365,-0.029054170034447352
15,mm1_sojourn,1000,plugin_sd_nw_minus_oracle,-0.019999999999999962,0.02066666666666664,0.006398664143884236
15,mm1_sojourn,1000,plugin_sd_nw_minus_fixed,0.04000000000000001,0.034444444444444444,-0.011174282073029645
15,mm1_sojourn,1000,oracle_minus_fixed,0.05999999999999997,0.013777777777777805,-0.01757294621691388
15,raised_floor_gauss,100,plugin_sd_nw_minus_oracle,0.41,0.19377777777777777,0.11638594115735157
15,raised_floor_gauss,100,plugin_sd_nw_minus_fixed,0.10999999999999999,0.05400000000000005,-0.027679598018309354
15,raised_floor_gauss,100,oracle_minus_fixed,-0.3,-0.13977777777777772,-0.14406553917566092
15,raised_floor_gauss,250,plugin_sd_nw_minus_oracle,0.35000000000000003,0.16200000000000003,0.10419605751448019
15,raised_floor_gauss,250,plugin_sd_nw_minus_fixed,0.010000000000000009,0.040000000000000036,-0.026915235190424353
15,raised_floor_gauss,250,oracle_minus_fixed,-0.34,-0.122,-0.13111129270490454
15,raised_floor_gauss,500,plugin_sd_nw_minus_oracle,0.23000000000000004,0.11022222222222222,0.06729811183190446
15,raised_floor_gauss,500,plugin_sd_nw_minus_fixed,-0.030000000000000027,-0.0037777777777778243,-0.05109000389084897
15,raised_floor_gauss,500,oracle_minus_fixed,-0.26000000000000006,-0.11400000000000005,-0.11838811572275343
15,raised_floor_gauss,1000,plugin_sd_nw_minus_oracle,0.16000000000000003,0.07400000000000004,0.045231531085210094
15,raised_floor_gauss,1000,plugin_sd_nw_minus_fixed,-0.06,-0.004222222222222155,-0.04140519787844808
15,raised_floor_gauss,1000,oracle_minus_fixed,-0.22000000000000003,-0.07822222222222219,-0.08663672896365818
15,raised_floor_t3,100,plugin_sd_nw_minus_oracle,0.33999999999999997,0.16422222222222213,0.05854531352206235
15,raised_floor_t3,100,plugin_sd_nw_minus_fixed,-0.050000000000000044,-0.006888888888889,-0.0697391251212087
15,raised_floor_t3,100,oracle_minus_fixed,-0.39,-0.17111111111111113,-0.12828443864327105
15,raised_floor_t3,250,plugin_sd_nw_minus_oracle,0.17000000000000004,0.09466666666666668,0.05472837171777546
15,raised_floor_t3,250,plugin_sd_nw_minus_fixed,-0.10999999999999999,-0.05755555555555564,-0.08243055335050306
15,raised_floor_t3,250,oracle_minus_fixed,-0.28,-0.15222222222222231,-0.13715892506827854
15,raised_floor_t3,500,plugin_sd_nw_minus_oracle,0.15999999999999998,0.07511111111111102,0.04476249426745721
15,raised_floor_t3,500,plugin_sd_nw_minus_fixed,-0.10999999999999999,-0.06533333333333335,-0.07964603805848505
15,raised_floor_t3,500,oracle_minus_fixed,-0.26999999999999996,-0.14044444444444437,-0.12440853232594226
15,raised_floor_t3,1000,plugin_sd_nw_minus_oracle,0.09000000000000002,0.061111111111111116,0.013233346397647242
15,raised_floor_t3,1000,plugin_sd_nw_minus_fixed,-0.18000000000000005,-0.08333333333333337,-0.1165185878242892
15,raised_floor_t3,1000,oracle_minus_fixed,-0.2700000000000001,-0.1444444444444445,-0.12975193422193643
16,mm1_sojourn,100,plugin_sd_nw_minus_oracle,-0.06999999999999995,-0.0397777777777778,0.024508768057774327
16,mm1_sojourn,100,plugin_sd_nw_minus_fixed,-0.10999999999999999,-0.035555555555555535,-0.061449349881015386
16,mm1_sojourn,100,oracle_minus_fixed,-0.040000000000000036,0.004222222222222266,-0.08595811793878971
16,mm1_sojourn,250,plugin_sd_nw_minus_oracle,0.04999999999999999,0.00666666666666664,0.017467986349865655
16,mm1_sojourn,250,plugin_sd_nw_minus_fixed,0.09,0.017555555555555533,0.014596189096014872
16,mm1_sojourn,250,oracle_minus_fixed,0.04000000000000001,0.010888888888888892,-0.002871797253850783
16,mm1_sojourn,500,plugin_sd_nw_minus_oracle,0.04999999999999999,0.018666666666666665,0.007268229339184237
16,mm1_sojourn,500,plugin_sd_nw_minus_fixed,0.06,0.008000000000000007,-0.017437917259860478
16,mm1_sojourn,500,oracle_minus_fixed,0.010000000000000009,-0.010666666666666658,-0.024706146599044715
16,mm1_sojourn,1000,plugin_sd_nw_minus_oracle,0.0,0.009999999999999953,0.006770684700635618
16,mm1_sojourn,1000,plugin_sd_nw_minus_fixed,-0.03,0.0006666666666666488,-0.014123979840686085
16,mm1_sojourn,1000,oracle_minus_fixed,-0.03,-0.009333333333333305,-0.020894664541321703
16,raised_floor_gauss,100,plugin_sd_nw_minus_oracle,0.38,0.20088888888888887,0.12062209851752886
16,raised_floor_gauss,100,plugin_sd_nw_minus_fixed,0.26,0.09999999999999995,0.04525192690551427
16,raised_floor_gauss,100,oracle_minus_fixed,-0.12,-0.10088888888888892,-0.07537017161201459
16,raised_floor_gauss,250,plugin_sd_nw_minus_oracle,0.2,0.12422222222222223,0.05289330289656509
16,raised_floor_gauss,250,plugin_sd_nw_minus_fixed,0.06000000000000005,0.03266666666666668,-0.026253442422502424
16,raised_floor_gauss,250,oracle_minus_fixed,-0.13999999999999996,-0.09155555555555556,-0.07914674531906751
16,raised_floor_gauss,500,plugin_sd_nw_minus_oracle,0.25,0.10488888888888892,0.054498774534536706
16,raised_floor_gauss,500,plugin_sd_nw_minus_fixed,-0.09999999999999998,-0.01866666666666672,-0.058674271659534274
16,raised_floor_gauss,500,oracle_minus_fixed,-0.35,-0.12355555555555564,-0.11317304619407098
16,raised_floor_gauss,1000,plugin_sd_nw_minus_oracle,0.16999999999999998,0.0757777777777778,0.043744654715019024
16,raised_floor_gauss,1000,plugin_sd_nw_minus_fixed,-0.10000000000000003,-0.01222222222222219,-0.054184655248032926
16,raised_floor_gauss,1000,oracle_minus_fixed,-0.27,-0.088,-0.09792930996305195
16,raised_floor_t3,100,plugin_sd_nw_minus_oracle,0.44,0.19199999999999998,0.1478973464034962
16,raised_floor_t3,100,plugin_sd_nw_minus_fixed,0.13,0.030222222222222206,0.006696903281480704
16,raised_floor_t3,100,oracle_minus_fixed,-0.31,-0.16177777777777777,-0.1412004431220155
16,raised_floor_t3,250,plugin_sd_nw_minus_oracle,0.14999999999999997,0.11822222222222226,0.058275102979102086
16,raised_floor_t3,250,plugin_sd_nw_minus_fixed,-0.19000000000000006,-0.037333333333333274,-0.10618185228048249
16,raised_floor_t3,250,oracle_minus_fixed,-0.34,-0.15555555555555553,-0.1644569552595846
16,raised_floor_t3,500,plugin_sd_nw_minus_oracle,0.10000000000000003,0.076888888888889,0.04799720146295497
16,raised_floor_t3,500,plugin_sd_nw_minus_fixed,-0.15999999999999992,-0.05488888888888882,-0.07462228398648355
16,raised_floor_t3,500,oracle_minus_fixed,-0.25999999999999995,-0.13177777777777783,-0.12261948544943851
16,raised_floor_t3,1000,plugin_sd_nw_minus_oracle,0.07999999999999996,0.04888888888888887,0.025501315083112555
16,raised_floor_t3,1000,plugin_sd_nw_minus_fixed,-0.25,-0.1146666666666667,-0.11586625315946311
16,raised_floor_t3,1000,oracle_minus_fixed,-0.32999999999999996,-0.16355555555555557,-0.14136756824257568
17,mm1_sojourn,100,plugin_sd_nw_minus_oracle,0.04999999999999999,0.014444444444444454,-0.006515710999433114
17,mm1_sojourn,100,plugin_sd_nw_minus_fixed,0.010000000000000009,-0.029555555555555585,-0.0395684757583898
17,mm1_sojourn,100,oracle_minus_fixed,-0.03999999999999998,-0.04400000000000004,-0.03305276475895669
17,mm1_sojourn,250,plugin_sd_nw_minus_oracle,0.03,0.013777777777777764,-0.0023389684271105937
17,mm1_sojourn,250,plugin_sd_nw_minus_fixed,-0.020000000000000018,-0.0008888888888889113,-0.035924570406899836
17,mm1_sojourn,250,oracle_minus_fixed,-0.05000000000000002,-0.014666666666666675,-0.03358560197978924
17,mm1_sojourn,500,plugin_sd_nw_minus_oracle,0.04999999999999999,0.018888888888888872,0.032831640094500056
17,mm1_sojourn,500,plugin_sd_nw_minus_fixed,-0.020000000000000018,0.002888888888888941,-0.0058802427252894335
17,mm1_sojourn,500,oracle_minus_fixed,-0.07,-0.01599999999999993,-0.03871188281978949
17,mm1_sojourn,1000,plugin_sd_nw_minus_oracle,0.12,0.03155555555555556,0.014969662352595225
17,mm1_sojourn,1000,plugin_sd_nw_minus_fixed,0.17,0.03466666666666668,0.0017764857912927756
17,mm1_sojourn,1000,oracle_minus_fixed,0.05000000000000002,0.00311111111111112,-0.01319317656130245
17,raised_floor_gauss,100,plugin_sd_nw_minus_oracle,0.45999999999999996,0.2106666666666667,0.11247184549956347
17,raised_floor_gauss,100,plugin_sd_nw_minus_fixed,0.09999999999999998,0.06688888888888894,-0.016107142044881784
17,raised_floor_gauss,100,oracle_minus_fixed,-0.36,-0.14377777777777775,-0.12857898754444524
17,raised_floor_gauss,250,plugin_sd_nw_minus_oracle,0.27,0.10600000000000004,0.07525822621393655
17,raised_floor_gauss,250,plugin_sd_nw_minus_fixed,-0.030000000000000027,0.003555555555555534,-0.06126738082698538
17,raised_floor_gauss,250,oracle_minus_fixed,-0.30000000000000004,-0.1024444444444445,-0.13652560704092193
17,raised_floor_gauss,500,plugin_sd_nw_minus_oracle,0.19000000000000006,0.11155555555555549,0.05685310928544328
17,raised_floor_gauss,500,plugin_sd_nw_minus_fixed,0.0,0.01844444444444443,-0.04103081660822232
17,raised_floor_gauss,500,oracle_minus_fixed,-0.19000000000000006,-0.09311111111111106,-0.0978839258936656
17,raised_floor_gauss,1000,plugin_sd_nw_minus_oracle,0.18,0.09044444444444444,0.04006163289039737
17,raised_floor_gauss,1000,plugin_sd_nw_minus_fixed,-0.030000000000000027,0.00555555555555548,-0.05022124560390816
17,raised_floor_gauss,1000,oracle_minus_fixed,-0.21000000000000002,-0.08488888888888896,-0.09028287849430552
17,raised_floor_t3,100,plugin_sd_nw_minus_oracle,0.20000000000000007,0.11199999999999996,0.05871824439617333
17,raised_floor_t3,100,plugin_sd_nw_minus_fixed,-0.15999999999999992,-0.07866666666666672,-0.09652284117156218
17,raised_floor_t3,100,oracle_minus_fixed,-0.36,-0.19066666666666668,-0.15524108556773553
17,raised_floor_t3,250,plugin_sd_nw_minus_oracle,0.040000000000000036,0.031777777777777766,0.0006539933762559347
17,raised_floor_t3,250,plugin_sd_nw_minus_fixed,-0.20999999999999996,-0.1091111111111111,-0.15904327301214183
17,raised_floor_t3,250,oracle_minus_fixed,-0.25,-0.14088888888888887,-0.15969726638839776
17,raised_floor_t3,500,plugin_sd_nw_minus_oracle,0.15999999999999998,0.08355555555555552,0.04463339606677319
17,raised_floor_t3,500,plugin_sd_nw_minus_fixed,-0.13,-0.08244444444444443,-0.09687029806046832
17,raised_floor_t3,500,oracle_minus_fixed,-0.29,-0.16599999999999995,-0.1415036941272415
17,raised_floor_t3,1000,plugin_sd_nw_minus_oracle,0.06000000000000005,0.03266666666666673,0.0155572308947938
17,raised_floor_t3,1000,plugin_sd_nw_minus_fixed,-0.22999999999999998,-0.10622222222222216,-0.1289219090188579
17,raised_floor_t3,1000,oracle_minus_fixed,-0.29000000000000004,-0.1388888888888889,-0.1444791399136517
18,mm1_sojourn,100,plugin_sd_nw_minus_oracle,-0.09000000000000002,-0.03222222222222222,0.0027746585753702785
18,mm1_sojourn,100,plugin_sd_nw_minus_fixed,-0.14,-0.03199999999999999,-0.058257096012050466
18,mm1_sojourn,100,oracle_minus_fixed,-0.04999999999999999,0.00022222222222223476,-0.061031754587420745
18,mm1_sojourn,250,plugin_sd_nw_minus_oracle,0.19,0.03422222222222221,0.034690346322776594
18,mm1_sojourn,250,plugin_sd_nw_minus_fixed,0.2,0.05533333333333333,0.02271670394071776
18,mm1_sojourn,250,oracle_minus_fixed,0.010000000000000009,0.021111111111111122,-0.011973642382058836
18,mm1_sojourn,500,plugin_sd_nw_minus_oracle,0.1,0.019555555555555576,0.011468105431763062
18,mm1_sojourn,500,plugin_sd_nw_minus_fixed,0.14,0.01977777777777777,0.007088546859807865
18,mm1_sojourn,500,oracle_minus_fixed,0.04000000000000001,0.00022222222222219312,-0.004379558571955197
18,mm1_sojourn,1000,plugin_sd_nw_minus_oracle,0.050000000000000044,0.006000000000000033,0.012303913470895711
18,mm1_sojourn,1000,plugin_sd_nw_minus_fixed,0.18000000000000002,0.039333333333333345,0.0013239242871946333
18,mm1_sojourn,1000,oracle_minus_fixed,0.12999999999999998,0.03333333333333331,-0.010979989183701078
18,raised_floor_gauss,100,plugin_sd_nw_minus_oracle,0.38,0.18666666666666665,0.10630422731209455
18,raised_floor_gauss,100,plugin_sd_nw_minus_fixed,0.10999999999999999,0.08466666666666672,-0.015275514490915021
18,raised_floor_gauss,100,oracle_minus_fixed,-0.27,-0.10199999999999992,-0.12157974180300957
18,raised_floor_gauss,250,plugin_sd_nw_minus_oracle,0.28,0.12777777777777782,0.06686969408043063
18,raised_floor_gauss,250,plugin_sd_nw_minus_fixed,-0.009999999999999898,0.023333333333333345,-0.03690368753001251
18,raised_floor_gauss,250,oracle_minus_fixed,-0.2899999999999999,-0.10444444444444448,-0.10377338161044314
18,raised_floor_gauss,500,plugin_sd_nw_minus_oracle,0.21000000000000002,0.10355555555555551,0.05203695341358666
18,raised_floor_gauss,500,plugin_sd_nw_minus_fixed,-0.04999999999999993,-0.0008888888888888835,-0.06539198454681877
18,raised_floor_gauss,500,oracle_minus_fixed,-0.25999999999999995,-0.1044444444444444,-0.11742893796040543
18,raised_floor_gauss,1000,plugin_sd_nw_minus_oracle,0.19,0.058666666666666645,0.02763617415023993
18,raised_floor_gauss,1000,plugin_sd_nw_minus_fixed,-0.020000000000000018,-0.012666666666666687,-0.03757441768897041
18,raised_floor_gauss,1000,oracle_minus_fixed,-0.21000000000000002,-0.07133333333333333,-0.06521059183921034
18,raised_floor_t3,100,plugin_sd_nw_minus_oracle,0.43000000000000005,0.17911111111111114,0.0828472066697906
18,raised_floor_t3,100,plugin_sd_nw_minus_fixed,0.21000000000000008,0.05177777777777781,-0.025567597381212614
18,raised_floor_t3,100,oracle_minus_fixed,-0.21999999999999997,-0.12733333333333333,-0.10841480405100322
18,raised_floor_t3,250,plugin_sd_nw_minus_oracle,0.11000000000000004,0.06488888888888883,0.01129097373309973
18,raised_floor_t3,250,plugin_sd_nw_minus_fixed,-0.25,-0.10488888888888898,-0.10999662483177061
18,raised_floor_t3,250,oracle_minus_fixed,-0.36000000000000004,-0.1697777777777778,-0.12128759856487034
18,raised_floor_t3,500,plugin_sd_nw_minus_oracle,0.13,0.06199999999999997,0.04774293349155598
18,raised_floor_t3,500,plugin_sd_nw_minus_fixed,-0.16000000000000003,-0.07755555555555549,-0.09257402489070302
18,raised_floor_t3,500,oracle_minus_fixed,-0.29000000000000004,-0.13955555555555546,-0.140316958382259
18,raised_floor_t3,1000,plugin_sd_nw_minus_oracle,0.07999999999999996,0.04711111111111105,0.018611903974593003
18,raised_floor_t3,1000,plugin_sd_nw_minus_fixed,-0.19000000000000006,-0.11288888888888882,-0.13068604021332797
18,raised_floor_t3,1000,oracle_minus_fixed,-0.27,-0.15999999999999986,-0.14929794418792097
19,mm1_sojourn,100,plugin_sd_nw_minus_oracle,-0.010000000000000009,0.0042222222222222106,0.00419829651699323
19,mm1_sojourn,100,plugin_sd_nw_minus_fixed,0.030000000000000027,-0.0037777777777777966,-0.03332318302401606
19,mm1_sojourn,100,oracle_minus_fixed,0.040000000000000036,-0.008000000000000007,-0.03752147954100929
19,mm1_sojourn,250,plugin_sd_nw_minus_oracle,-0.019999999999999962,0.008888888888888863,0.01483879958225226
19,mm1_sojourn,250,plugin_sd_nw_minus_fixed,0.0,0.011111111111111127,-0.028927979529006345
19,mm1_sojourn,250,oracle_minus_fixed,0.019999999999999962,0.0022222222222222643,-0.043766779111258605
19,mm1_sojourn,500,plugin_sd_nw_minus_oracle,0.09,0.027999999999999997,0.020373894550058627
19,mm1_sojourn,500,plugin_sd_nw_minus_fixed,0.06,0.022888888888888875,0.006388515871360773
19,mm1_sojourn,500,oracle_minus_fixed,-0.03,-0.005111111111111122,-0.013985378678697855
19,mm1_sojourn,1000,plugin_sd_nw_minus_oracle,0.0,-0.0022222222222222088,-0.005930782142892069
19,mm1_sojourn,1000,plugin_sd_nw_minus_fixed,-0.04000000000000001,-0.012222222222222204,-0.03528620270639579
19,mm1_sojourn,1000,oracle_minus_fixed,-0.04000000000000001,-0.009999999999999995,-0.029355420563503723
19,raised_floor_gauss,100,plugin_sd_nw_minus_oracle,0.37999999999999995,0.20466666666666675,0.12313073224242319
19,raised_floor_gauss,100,plugin_sd_nw_minus_fixed,0.06999999999999995,0.07844444444444448,-0.011119717633241155
19,raised_floor_gauss,100,oracle_minus_fixed,-0.31,-0.12622222222222226,-0.13425044987566434
19,raised_floor_gauss,250,plugin_sd_nw_minus_oracle,0.27,0.14622222222222217,0.0729175794357655
19,raised_floor_gauss,250,plugin_sd_nw_minus_fixed,0.020000000000000018,0.014222222222222192,-0.03536445159294954
19,raised_floor_gauss,250,oracle_minus_fixed,-0.25,-0.13199999999999998,-0.10828203102871505
19,raised_floor_gauss,500,plugin_sd_nw_minus_oracle,0.24000000000000005,0.12177777777777776,0.07670090633245978
19,raised_floor_gauss,500,plugin_sd_nw_minus_fixed,-0.030000000000000027,0.0006666666666667043,-0.04576832742717954
19,raised_floor_gauss,500,oracle_minus_fixed,-0.2700000000000001,-0.12111111111111106,-0.12246923375963932
19,raised_floor_gauss,1000,plugin_sd_nw_minus_oracle,0.13,0.0431111111111111,0.02602687277260045
19,raised_floor_gauss,1000,plugin_sd_nw_minus_fixed,-0.10000000000000003,-0.052222222222222225,-0.08049845515954723
19,raised_floor_gauss,1000,oracle_minus_fixed,-0.23000000000000004,-0.09533333333333333,-0.10652532793214768
19,raised_floor_t3,100,plugin_sd_nw_minus_oracle,0.26999999999999996,0.14066666666666666,0.06966991739611461
19,raised_floor_t3,100,plugin_sd_nw_minus_fixed,0.06999999999999995,0.023777777777777787,-0.03954390770595678
19,raised_floor_t3,100,oracle_minus_fixed,-0.2,-0.11688888888888888,-0.1092138251020714
19,raised_floor_t3,250,plugin_sd_nw_minus_oracle,0.13000000000000006,0.09066666666666667,0.042455786107997634
19,raised_floor_t3,250,plugin_sd_nw_minus_fixed,-0.15999999999999992,-0.05688888888888882,-0.09698758674635649
19,raised_floor_t3,250,oracle_minus_fixed,-0.29,-0.1475555555555555,-0.13944337285435413
19,raised_floor_t3,500,plugin_sd_nw_minus_oracle,0.05999999999999994,0.06666666666666665,0.0341836752704915
19,raised_floor_t3,500,plugin_sd_nw_minus_fixed,-0.12,-0.06822222222222213,-0.09567194044749244
19,raised_floor_t3,500,oracle_minus_fixed,-0.17999999999999994,-0.13488888888888878,-0.12985561571798393
19,raised_floor_t3,1000,plugin_sd_nw_minus_oracle,0.09000000000000008,0.054222222222222255,0.03186695825526688
19,raised_floor_t3,1000,plugin_sd_nw_minus_fixed,-0.1399999999999999,-0.06311111111111106,-0.09177261544227974
19,raised_floor_t3,1000,oracle_minus_fixed,-0.22999999999999998,-0.11733333333333332,-0.12363957369754662
20,mm1_sojourn,100,plugin_sd_nw_minus_oracle,0.10999999999999999,0.037777777777777743,0.045299093522862696
20,mm1_sojourn,100,plugin_sd_nw_minus_fixed,0.09000000000000002,-0.014666666666666717,-0.03222723999729658
20,mm1_sojourn,100,oracle_minus_fixed,-0.019999999999999962,-0.05244444444444446,-0.07752633352015928
20,mm1_sojourn,250,plugin_sd_nw_minus_oracle,0.13999999999999999,0.027777777777777818,0.036502793742503634
20,mm1_sojourn,250,plugin_sd_nw_minus_fixed,0.18,0.03511111111111112,0.008492140344268234
20,mm1_sojourn,250,oracle_minus_fixed,0.04000000000000001,0.007333333333333303,-0.0280106533982354
20,mm1_sojourn,500,plugin_sd_nw_minus_oracle,0.15999999999999998,0.03577777777777777,0.029382620693638506
20,mm1_sojourn,500,plugin_sd_nw_minus_fixed,0.17999999999999997,0.032,0.004738310738895288
20,mm1_sojourn,500,oracle_minus_fixed,0.01999999999999999,-0.003777777777777769,-0.024644309954743218
20,mm1_sojourn,1000,plugin_sd_nw_minus_oracle,0.030000000000000027,0.012444444444444397,0.01788530816661653
20,mm1_sojourn,1000,plugin_sd_nw_minus_fixed,0.060000000000000026,0.017777777777777753,-0.009053980676964404
20,mm1_sojourn,1000,oracle_minus_fixed,0.03,0.005333333333333357,-0.026939288843580933
20,raised_floor_gauss,100,plugin_sd_nw_minus_oracle,0.42000000000000004,0.20422222222222217,0.12157774026107387
20,raised_floor_gauss,100,plugin_sd_nw_minus_fixed,0.23000000000000004,0.08866666666666667,0.015735339256766456
20,raised_floor_gauss,100,oracle_minus_fixed,-0.19,-0.1155555555555555,-0.10584240100430742
20,raised_floor_gauss,250,plugin_sd_nw_minus_oracle,0.27,0.12088888888888888,0.065757450237945
20,raised_floor_gauss,250,plugin_sd_nw_minus_fixed,-0.10999999999999999,0.0024444444444444158,-0.056047410076835905
20,raised_floor_gauss,250,oracle_minus_fixed,-0.38,-0.11844444444444446,-0.12180486031478091
20,raised_floor_gauss,500,plugin_sd_nw_minus_oracle,0.27,0.1357777777777778,0.06959552223880977
20,raised_floor_gauss,500,plugin_sd_nw_minus_fixed,0.0,0.0077777777777778,-0.037220096930415655
20,raised_floor_gauss,500,oracle_minus_fixed,-0.27,-0.128,-0.10681561916922543
20,raised_floor_gauss,1000,plugin_sd_nw_minus_oracle,0.29000000000000004,0.1002222222222223,0.06794990137313418
20,raised_floor_gauss,1000,plugin_sd_nw_minus_fixed,0.010000000000000009,-0.012666666666666632,-0.037974147732788927
20,raised_floor_gauss,1000,oracle_minus_fixed,-0.28,-0.11288888888888893,-0.10592404910592311
20,raised_floor_t3,100,plugin_sd_nw_minus_oracle,0.37999999999999995,0.17200000000000001,0.1106547833517028
20,raised_floor_t3,100,plugin_sd_nw_minus_fixed,0.15000000000000002,0.039555555555555566,-0.012759310375099364
20,raised_floor_t3,100,oracle_minus_fixed,-0.22999999999999993,-0.13244444444444445,-0.12341409372680216
20,raised_floor_t3,250,plugin_sd_nw_minus_oracle,0.18000000000000005,0.0977777777777778,0.03320538061124524
20,raised_floor_t3,250,plugin_sd_nw_minus_fixed,-0.12,-0.05466666666666664,-0.09044920906078233
20,raised_floor_t3,250,oracle_minus_fixed,-0.30000000000000004,-0.15244444444444444,-0.12365458967202757
20,raised_floor_t3,500,plugin_sd_nw_minus_oracle,0.11999999999999994,0.06599999999999998,0.036021449932488014
20,raised_floor_t3,500,plugin_sd_nw_minus_fixed,-0.06000000000000005,-0.04533333333333334,-0.0729847992250875
20,raised_floor_t3,500,oracle_minus_fixed,-0.18,-0.11133333333333331,-0.10900624915757551
20,raised_floor_t3,1000,plugin_sd_nw_minus_oracle,0.14,0.07399999999999998,0.042613037454296177
20,raised_floor_t3,1000,plugin_sd_nw_minus_fixed,-0.19999999999999996,-0.0886666666666667,-0.11008305271578665
20,raised_floor_t3,1000,oracle_minus_fixed,-0.33999999999999997,-0.16266666666666668,-0.15269609017008284
21,mm1_sojourn,100,plugin_sd_nw_minus_oracle,0.06,0.03044444444444447,0.012197629189845141
21,mm1_sojourn,100,plugin_sd_nw_minus_fixed,-0.16,-0.04599999999999996,-0.02719407656523344
21,mm1_sojourn,100,oracle_minus_fixed,-0.22,-0.07644444444444443,-0.03939170575507858
21,mm1_sojourn,250,plugin_sd_nw_minus_oracle,0.09,0.006000000000000033,0.025747102291768603
21,mm1_sojourn,250,plugin_sd_nw_minus_fixed,0.16,0.02511111111111114,0.02382037838654165
21,mm1_sojourn,250,oracle_minus_fixed,0.07,0.019111111111111106,-0.0019267239052269541
21,mm1_sojourn,500,plugin_sd_nw_minus_oracle,0.010000000000000009,-0.007333333333333358,-0.004589516552789094
21,mm1_sojourn,500,plugin_sd_nw_minus_fixed,-0.06,-0.01733333333333334,-0.0462807841457043
21,mm1_sojourn,500,oracle_minus_fixed,-0.07,-0.009999999999999981,-0.04169126759291521
21,mm1_sojourn,1000,plugin_sd_nw_minus_oracle,0.04000000000000001,0.020888888888888957,0.014200754020240694
21,mm1_sojourn,1000,plugin_sd_nw_minus_fixed,0.08000000000000002,0.03466666666666672,0.002167756945758187
21,mm1_sojourn,1000,oracle_minus_fixed,0.04000000000000001,0.013777777777777764,-0.012032997074482507
21,raised_floor_gauss,100,plugin_sd_nw_minus_oracle,0.42,0.21777777777777782,0.11953080915849085
21,raised_floor_gauss,100,plugin_sd_nw_minus_fixed,0.09999999999999998,0.06533333333333335,-0.027243993207347134
21,raised_floor_gauss,100,oracle_minus_fixed,-0.32,-0.15244444444444447,-0.14677480236583798
21,raised_floor_gauss,250,plugin_sd_nw_minus_oracle,0.33,0.12733333333333333,0.0706650909602966
21,raised_floor_gauss,250,plugin_sd_nw_minus_fixed,-0.030000000000000027,0.013111111111111101,-0.023661045690267085
21,raised_floor_gauss,250,oracle_minus_fixed,-0.36000000000000004,-0.11422222222222222,-0.09432613665056369
21,raised_floor_gauss,500,plugin_sd_nw_minus_oracle,0.19999999999999996,0.11155555555555546,0.0635520844453875
21,raised_floor_gauss,500,plugin_sd_nw_minus_fixed,0.0,0.011999999999999955,-0.041883602850918855
21,raised_floor_gauss,500,oracle_minus_fixed,-0.19999999999999996,-0.09955555555555551,-0.10543568729630635
21,raised_floor_gauss,1000,plugin_sd_nw_minus_oracle,0.18,0.08177777777777778,0.051460038001523656
21,raised_floor_gauss,1000,plugin_sd_nw_minus_fixed,-0.05999999999999994,-0.00555555555555548,-0.05020218242437485
21,raised_floor_gauss,1000,oracle_minus_fixed,-0.23999999999999994,-0.08733333333333326,-0.10166222042589851
21,raised_floor_t3,100,plugin_sd_nw_minus_oracle,0.35000000000000003,0.1833333333333333,0.06990511533253246
21,raised_floor_t3,100,plugin_sd_nw_minus_fixed,0.030000000000000027,0.03311111111111109,-0.07767113389874819
21,raised_floor_t3,100,oracle_minus_fixed,-0.32,-0.1502222222222222,-0.14757624923128065
21,raised_floor_t3,250,plugin_sd_nw_minus_oracle,0.19,0.07888888888888887,0.0544854625356736
21,raised_floor_t3,250,plugin_sd_nw_minus_fixed,-0.06000000000000005,-0.04466666666666674,-0.07252401185038179
21,raised_floor_t3,250,oracle_minus_fixed,-0.25000000000000006,-0.12355555555555561,-0.1270094743860554
21,raised_floor_t3,500,plugin_sd_nw_minus_oracle,0.14999999999999997,0.07755555555555543,0.031252945479291666
21,raised_floor_t3,500,plugin_sd_nw_minus_fixed,-0.16000000000000003,-0.06622222222222224,-0.08929235408313801
21,raised_floor_t3,500,oracle_minus_fixed,-0.31,-0.14377777777777767,-0.12054529956242968
21,raised_floor_t3,1000,plugin_sd_nw_minus_oracle,0.09000000000000002,0.04444444444444451,0.02760142626058465
21,raised_floor_t3,1000,plugin_sd_nw_minus_fixed,-0.15000000000000002,-0.08155555555555555,-0.08806753656184749
21,raised_floor_t3,1000,oracle_minus_fixed,-0.24000000000000005,-0.12600000000000006,-0.11566896282243214
22,mm1_sojourn,100,plugin_sd_nw_minus_oracle,0.18,0.052888888888888846,0.045561424453332236
22,mm1_sojourn,100,plugin_sd_nw_minus_fixed,0.18,0.04044444444444442,0.015105631014965343
22,mm1_sojourn,100,oracle_minus_fixed,0.0,-0.012444444444444425,-0.030455793438366893
22,mm1_sojourn,250,plugin_sd_nw_minus_oracle,0.2,0.0577777777777778,0.02824697691998089
22,mm1_sojourn,250,plugin_sd_nw_minus_fixed,0.10999999999999999,0.014666666666666689,-0.01396897311572702
22,mm1_sojourn,250,oracle_minus_fixed,-0.09000000000000002,-0.043111111111111114,-0.04221595003570791
22,mm1_sojourn,500,plugin_sd_nw_minus_oracle,0.07000000000000003,0.028222222222222204,0.026415594819290414
22,mm1_sojourn,500,plugin_sd_nw_minus_fixed,0.060000000000000026,0.0011111111111110905,-0.012808097334222904
22,mm1_sojourn,500,oracle_minus_fixed,-0.010000000000000009,-0.027111111111111114,-0.03922369215351332
22,mm1_sojourn,1000,plugin_sd_nw_minus_oracle,0.04999999999999999,0.011999999999999983,0.003698383933678412
22,mm1_sojourn,1000,plugin_sd_nw_minus_fixed,0.03999999999999998,0.013777777777777778,-0.01527239688616297
22,mm1_sojourn,1000,oracle_minus_fixed,-0.010000000000000009,0.0017777777777777948,-0.018970780819841382
22,raised_floor_gauss,100,plugin_sd_nw_minus_oracle,0.45000000000000007,0.19533333333333333,0.10596180899658549
22,raised_floor_gauss,100,plugin_sd_nw_minus_fixed,0.17000000000000004,0.07799999999999996,-0.008240000107659545
22,raised_floor_gauss,100,oracle_minus_fixed,-0.28,-0.11733333333333337,-0.11420180910424503
22,raised_floor_gauss,250,plugin_sd_nw_minus_oracle,0.37,0.17088888888888892,0.09129795253626448
22,raised_floor_gauss,250,plugin_sd_nw_minus_fixed,0.14,0.07355555555555554,0.0016805398546807793
22,raised_floor_gauss,250,oracle_minus_fixed,-0.22999999999999998,-0.09733333333333338,-0.0896174126815837
22,raised_floor_gauss,500,plugin_sd_nw_minus_oracle,0.23999999999999994,0.10933333333333331,0.06758036161145842
22,raised_floor_gauss,500,plugin_sd_nw_minus_fixed,0.010000000000000009,0.01622222222222222,-0.03714785471014387
22,raised_floor_gauss,500,oracle_minus_fixed,-0.22999999999999993,-0.09311111111111109,-0.10472821632160229
22,raised_floor_gauss,1000,plugin_sd_nw_minus_oracle,0.16000000000000003,0.08799999999999997,0.034748356924867316
22,raised_floor_gauss,1000,plugin_sd_nw_minus_fixed,-0.12,-0.01688888888888887,-0.0858040814525114
22,raised_floor_gauss,1000,oracle_minus_fixed,-0.28,-0.10488888888888884,-0.12055243837737871
22,raised_floor_t3,100,plugin_sd_nw_minus_oracle,0.36,0.1548888888888889,0.07836916231111944
22,raised_floor_t3,100,plugin_sd_nw_minus_fixed,0.06999999999999995,0.05399999999999999,-0.06677642773014111
22,raised_floor_t3,100,oracle_minus_fixed,-0.29000000000000004,-0.10088888888888892,-0.14514559004126054
22,raised_floor_t3,250,plugin_sd_nw_minus_oracle,0.27999999999999997,0.11977777777777779,0.09306524135533693
22,raised_floor_t3,250,plugin_sd_nw_minus_fixed,-0.07000000000000006,-0.058888888888888935,-0.10031718839690074
22,raised_floor_t3,250,oracle_minus_fixed,-0.35000000000000003,-0.17866666666666672,-0.19338242975223768
22,raised_floor_t3,500,plugin_sd_nw_minus_oracle,0.24,0.08622222222222223,0.07701898161405211
22,raised_floor_t3,500,plugin_sd_nw_minus_fixed,-0.13,-0.04977777777777781,-0.08018785657026734
22,raised_floor_t3,500,oracle_minus_fixed,-0.37,-0.13600000000000004,-0.15720683818431946
22,raised_floor_t3,1000,plugin_sd_nw_minus_oracle,0.08999999999999997,0.06466666666666657,0.031279147560475284
22,raised_floor_t3,1000,plugin_sd_nw_minus_fixed,-0.16000000000000003,-0.07533333333333347,-0.09718724119716451
22,raised_floor_t3,1000,oracle_minus_fixed,-0.25,-0.14000000000000004,-0.1284663887576398
23,mm1_sojourn,100,plugin_sd_nw_minus_oracle,-0.030000000000000027,0.009999999999999953,-0.002446734631889741
23,mm1_sojourn,100,plugin_sd_nw_minus_fixed,0.0,-0.015555555555555545,-0.06393809566031336
23,mm1_sojourn,100,oracle_minus_fixed,0.030000000000000027,-0.025555555555555498,-0.06149136102842362
23,mm1_sojourn,250,plugin_sd_nw_minus_oracle,0.04999999999999999,0.029111111111111088,0.009822091437489827
23,mm1_sojourn,250,plugin_sd_nw_minus_fixed,0.020000000000000018,0.0011111111111111183,-0.04525544220985983
23,mm1_sojourn,250,oracle_minus_fixed,-0.02999999999999997,-0.02799999999999997,-0.05507753364734966
23,mm1_sojourn,500,plugin_sd_nw_minus_oracle,0.07999999999999996,0.032222222222222235,0.017850988957278574
23,mm1_sojourn,500,plugin_sd_nw_minus_fixed,0.12,0.03955555555555554,-0.013223158831803417
23,mm1_sojourn,500,oracle_minus_fixed,0.040000000000000036,0.007333333333333303,-0.03107414778908199
23,mm1_sojourn,1000,plugin_sd_nw_minus_oracle,0.08000000000000002,0.017777777777777753,0.02279710079213909
23,mm1_sojourn,1000,plugin_sd_nw_minus_fixed,0.13000000000000003,0.020444444444444404,-0.007470744250144712
23,mm1_sojourn,1000,oracle_minus_fixed,0.05000000000000002,0.0026666666666666505,-0.030267845042283803
23,raised_floor_gauss,100,plugin_sd_nw_minus_oracle,0.4600000000000001,0.2313333333333334,0.14061111032541224
23,raised_floor_gauss,100,plugin_sd_nw_minus_fixed,0.16000000000000003,0.07333333333333336,-0.007661470967614659
23,raised_floor_gauss,100,oracle_minus_fixed,-0.30000000000000004,-0.15800000000000003,-0.1482725812930269
23,raised_floor_gauss,250,plugin_sd_nw_minus_oracle,0.27999999999999997,0.11000000000000001,0.057016588151085915
23,raised_floor_gauss,250,plugin_sd_nw_minus_fixed,0.0,0.007555555555555538,-0.05479835134497345
23,raised_floor_gauss,250,oracle_minus_fixed,-0.27999999999999997,-0.10244444444444448,-0.11181493949605936
23,raised_floor_gauss,500,plugin_sd_nw_minus_oracle,0.16999999999999998,0.088,0.03995785900786171
23,raised_floor_gauss,500,plugin_sd_nw_minus_fixed,-0.07,-0.00666666666666671,-0.06374240675101885
23,raised_floor_gauss,500,oracle_minus_fixed,-0.24,-0.0946666666666667,-0.10370026575888056
23,raised_floor_gauss,1000,plugin_sd_nw_minus_oracle,0.10999999999999999,0.07355555555555562,0.0376435336266733
23,raised_floor_gauss,1000,plugin_sd_nw_minus_fixed,-0.08000000000000002,-0.01666666666666658,-0.057495655821649144
23,raised_floor_gauss,1000,oracle_minus_fixed,-0.19,-0.0902222222222222,-0.09513918944832245
23,raised_floor_t3,100,plugin_sd_nw_minus_oracle,0.3500000000000001,0.16355555555555557,0.07707410559568434
23,raised_floor_t3,100,plugin_sd_nw_minus_fixed,-0.07999999999999996,-0.042444444444444396,-0.0827182811985552
23,raised_floor_t3,100,oracle_minus_fixed,-0.43000000000000005,-0.20599999999999996,-0.15979238679423954
23,raised_floor_t3,250,plugin_sd_nw_minus_oracle,0.15999999999999998,0.09755555555555556,0.06586065550354064
23,raised_floor_t3,250,plugin_sd_nw_minus_fixed,-0.14,-0.04755555555555552,-0.0741829652853255
23,raised_floor_t3,250,oracle_minus_fixed,-0.3,-0.14511111111111108,-0.14004362078886615
23,raised_floor_t3,500,plugin_sd_nw_minus_oracle,0.14000000000000007,0.08488888888888899,0.04834030755949728
23,raised_floor_t3,500,plugin_sd_nw_minus_fixed,-0.17999999999999994,-0.06288888888888883,-0.07812162789446903
23,raised_floor_t3,500,oracle_minus_fixed,-0.32,-0.1477777777777778,-0.1264619354539663
23,raised_floor_t3,1000,plugin_sd_nw_minus_oracle,0.10999999999999999,0.04733333333333334,0.03501699561296982
23,raised_floor_t3,1000,plugin_sd_nw_minus_fixed,-0.22999999999999998,-0.09088888888888891,-0.10144480705158987
23,raised_floor_t3,1000,oracle_minus_fixed,-0.33999999999999997,-0.13822222222222225,-0.1364618026645597
24,mm1_sojourn,100,plugin_sd_nw_minus_oracle,0.11000000000000004,0.029111111111111088,0.01546716651483801
24,mm1_sojourn,100,plugin_sd_nw_minus_fixed,0.050000000000000044,0.028666666666666674,-0.05964628470653002
24,mm1_sojourn,100,oracle_minus_fixed,-0.06,-0.000444444444444414,-0.07511345122136803
24,mm1_sojourn,250,plugin_sd_nw_minus_oracle,0.13999999999999999,0.053333333333333344,0.027241866007907026
24,mm1_sojourn,250,plugin_sd_nw_minus_fixed,0.04999999999999999,0.019777777777777783,0.004675352469563077
24,mm1_sojourn,250,oracle_minus_fixed,-0.09,-0.03355555555555556,-0.02256651353834395
24,mm1_sojourn,500,plugin_sd_nw_minus_oracle,0.09,0.030444444444444427,0.019140827862349247
24,mm1_sojourn,500,plugin_sd_nw_minus_fixed,0.06,0.02177777777777777,-0.00358229743386701
24,mm1_sojourn,500,oracle_minus_fixed,-0.03,-0.008666666666666656,-0.022723125296216257
24,mm1_sojourn,1000,plugin_sd_nw_minus_oracle,0.1,0.02688888888888885,0.010750342007235278
24,mm1_sojourn,1000,plugin_sd_nw_minus_fixed,0.15,0.039777777777777745,0.012517482236513305
24,mm1_sojourn,1000,oracle_minus_fixed,0.04999999999999999,0.012888888888888894,0.0017671402292780275
24,raised_floor_gauss,100,plugin_sd_nw_minus_oracle,0.32000000000000006,0.16555555555555554,0.09094437520133758
24,raised_floor_gauss,100,plugin_sd_nw_minus_fixed,0.19000000000000006,0.09977777777777772,-0.005050185751694358
24,raised_floor_gauss,100,oracle_minus_fixed,-0.13,-0.06577777777777782,-0.09599456095303194
24,raised_floor_gauss,250,plugin_sd_nw_minus_oracle,0.35000000000000003,0.16066666666666668,0.07499195269082737
24,raised_floor_gauss,250,plugin_sd_nw_minus_fixed,0.040000000000000036,0.023999999999999966,-0.052739667839429016
24,raised_floor_gauss,250,oracle_minus_fixed,-0.31,-0.13666666666666671,-0.12773162053025638
24,raised_floor_gauss,500,plugin_sd_nw_minus_oracle,0.18,0.10955555555555557,0.06724806823943916
24,raised_floor_gauss,500,plugin_sd_nw_minus_fixed,-0.03999999999999998,0.0006666666666667598,-0.040494530365439374
24,raised_floor_gauss,500,oracle_minus_fixed,-0.21999999999999997,-0.10888888888888881,-0.10774259860487853
24,raised_floor_gauss,1000,plugin_sd_nw_minus_oracle,0.16999999999999998,0.08022222222222225,0.055290894187421474
24,raised_floor_gauss,1000,plugin_sd_nw_minus_fixed,-0.040000000000000036,-0.034666666666666596,-0.049044347990008064
24,raised_floor_gauss,1000,oracle_minus_fixed,-0.21000000000000002,-0.11488888888888885,-0.10433524217742954
24,raised_floor_t3,100,plugin_sd_nw_minus_oracle,0.46,0.1675555555555555,0.10206896093245461
24,raised_floor_t3,100,plugin_sd_nw_minus_fixed,0.07000000000000006,-0.026222222222222258,-0.023566255506772354
24,raised_floor_t3,100,oracle_minus_fixed,-0.38999999999999996,-0.19377777777777777,-0.12563521643922698
24,raised_floor_t3,250,plugin_sd_nw_minus_oracle,0.2,0.0904444444444445,0.0757944413295128
24,raised_floor_t3,250,plugin_sd_nw_minus_fixed,-0.09999999999999998,-0.07066666666666671,-0.08277468066047555
24,raised_floor_t3,250,oracle_minus_fixed,-0.3,-0.1611111111111112,-0.15856912198998835
24,raised_floor_t3,500,plugin_sd_nw_minus_oracle,0.14999999999999997,0.06244444444444444,0.02734245561018135
24,raised_floor_t3,500,plugin_sd_nw_minus_fixed,-0.20000000000000007,-0.08177777777777784,-0.10612249203002455
24,raised_floor_t3,500,oracle_minus_fixed,-0.35000000000000003,-0.14422222222222228,-0.1334649476402059
24,raised_floor_t3,1000,plugin_sd_nw_minus_oracle,0.12,0.06133333333333335,0.0523656158089254
24,raised_floor_t3,1000,plugin_sd_nw_minus_fixed,-0.21999999999999997,-0.09311111111111109,-0.09842647820687242
24,raised_floor_t3,1000,oracle_minus_fixed,-0.33999999999999997,-0.15444444444444444,-0.15079209401579782
25,mm1_sojourn,100,plugin_sd_nw_minus_oracle,0.13,0.04911111111111108,0.023471876748236545
25,mm1_sojourn,100,plugin_sd_nw_minus_fixed,-0.04999999999999999,-0.026222222222222286,-0.07082304085043666
25,mm1_sojourn,100,oracle_minus_fixed,-0.18,-0.07533333333333336,-0.0942949175986732
25,mm1_sojourn,250,plugin_sd_nw_minus_oracle,0.08000000000000002,0.04155555555555557,0.014163753754111982
25,mm1_sojourn,250,plugin_sd_nw_minus_fixed,0.14,0.03977777777777777,-0.014206690387698603
25,mm1_sojourn,250,oracle_minus_fixed,0.06,-0.0017777777777777948,-0.028370444141810586
25,mm1_sojourn,500,plugin_sd_nw_minus_oracle,0.05000000000000002,0.01755555555555556,0.007855608536423031
25,mm1_sojourn,500,plugin_sd_nw_minus_fixed,0.04000000000000001,0.012888888888888894,-0.03517022029445849
25,mm1_sojourn,500,oracle_minus_fixed,-0.010000000000000009,-0.004666666666666666,-0.04302582883088152
25,mm1_sojourn,1000,plugin_sd_nw_minus_oracle,0.12,0.029111111111111143,0.015361630377341035
25,mm1_sojourn,1000,plugin_sd_nw_minus_fixed,0.06,0.007111111111111124,-0.00747879198091464
25,mm1_sojourn,1000,oracle_minus_fixed,-0.06,-0.02200000000000002,-0.022840422358255674
25,raised_floor_gauss,100,plugin_sd_nw_minus_oracle,0.34,0.1588888888888889,0.09222137632622912
25,raised_floor_gauss,100,plugin_sd_nw_minus_fixed,0.16000000000000003,0.05555555555555558,-0.017689047448341433
25,raised_floor_gauss,100,oracle_minus_fixed,-0.18,-0.10333333333333333,-0.10991042377457055
25,raised_floor_gauss,250,plugin_sd_nw_minus_oracle,0.32999999999999996,0.14444444444444443,0.09610903873373094
25,raised_floor_gauss,250,plugin_sd_nw_minus_fixed,0.09999999999999998,0.0488888888888889,1.0382863926683417e-05
25,raised_floor_gauss,250,oracle_minus_fixed,-0.22999999999999998,-0.09555555555555553,-0.09609865586980426
25,raised_floor_gauss,500,plugin_sd_nw_minus_oracle,0.26000000000000006,0.10800000000000001,0.05953646783172094
25,raised_floor_gauss,500,plugin_sd_nw_minus_fixed,-0.009999999999999898,-0.0008888888888888835,-0.04737954893808066
25,raised_floor_gauss,500,oracle_minus_fixed,-0.26999999999999996,-0.1088888888888889,-0.1069160167698016
25,raised_floor_gauss,1000,plugin_sd_nw_minus_oracle,0.23000000000000004,0.09400000000000003,0.05571796264641879
25,raised_floor_gauss,1000,plugin_sd_nw_minus_fixed,-0.04999999999999993,8.326672684688674e-17,-0.04917998730593941
25,raised_floor_gauss,1000,oracle_minus_fixed,-0.27999999999999997,-0.09399999999999994,-0.1048979499523582
25,raised_floor_t3,100,plugin_sd_nw_minus_oracle,0.37,0.17044444444444448,0.08966990989233728
25,raised_floor_t3,100,plugin_sd_nw_minus_fixed,0.12,0.019111111111111245,-0.028116020456030233
25,raised_floor_t3,100,oracle_minus_fixed,-0.25,-0.15133333333333324,-0.11778593034836751
25,raised_floor_t3,250,plugin_sd_nw_minus_oracle,0.10999999999999999,0.06533333333333341,0.04737254622682119
25,raised_floor_t3,250,plugin_sd_nw_minus_fixed,-0.14,-0.07955555555555549,-0.10611742658287993
25,raised_floor_t3,250,oracle_minus_fixed,-0.25,-0.1448888888888889,-0.15348997280970111
25,raised_floor_t3,500,plugin_sd_nw_minus_oracle,0.14999999999999997,0.08288888888888887,0.03486200456341727
25,raised_floor_t3,500,plugin_sd_nw_minus_fixed,-0.15000000000000002,-0.07377777777777772,-0.10653121352353259
25,raised_floor_t3,500,oracle_minus_fixed,-0.3,-0.1566666666666666,-0.14139321808694988
25,raised_floor_t3,1000,plugin_sd_nw_minus_oracle,0.23000000000000004,0.07155555555555557,0.05154075978952111
25,raised_floor_t3,1000,plugin_sd_nw_minus_fixed,-0.16000000000000003,-0.07422222222222219,-0.09707117348678981
25,raised_floor_t3,1000,oracle_minus_fixed,-0.39000000000000007,-0.14577777777777776,-0.14861193327631092
26,mm1_sojourn,100,plugin_sd_nw_minus_oracle,0.08999999999999997,0.020222222222222225,0.028190697938861822
26,mm1_sojourn,100,plugin_sd_nw_minus_fixed,0.020000000000000018,-0.02888888888888888,-0.030761399185257457
26,mm1_sojourn,100,oracle_minus_fixed,-0.06999999999999995,-0.049111111111111105,-0.05895209712411928
26,mm1_sojourn,250,plugin_sd_nw_minus_oracle,0.15,0.05422222222222223,0.017533415807235497
26,mm1_sojourn,250,plugin_sd_nw_minus_fixed,0.04999999999999999,0.022888888888888875,-0.01577709861611884
26,mm1_sojourn,250,oracle_minus_fixed,-0.1,-0.03133333333333335,-0.03331051442335434
26,mm1_sojourn,500,plugin_sd_nw_minus_oracle,0.08000000000000002,0.019333333333333313,0.030951739044514107
26,mm1_sojourn,500,plugin_sd_nw_minus_fixed,0.030000000000000027,0.005555555555555591,0.004973425386623487
26,mm1_sojourn,500,oracle_minus_fixed,-0.04999999999999999,-0.013777777777777722,-0.02597831365789062
26,mm1_sojourn,1000,plugin_sd_nw_minus_oracle,0.03,0.018222222222222223,0.0005420176563998291
26,mm1_sojourn,1000,plugin_sd_nw_minus_fixed,-0.010000000000000009,0.01044444444444445,-0.018154832167342844
26,mm1_sojourn,1000,oracle_minus_fixed,-0.04000000000000001,-0.007777777777777772,-0.018696849823742673
26,raised_floor_gauss,100,plugin_sd_nw_minus_oracle,0.39999999999999997,0.16444444444444445,0.07492198907690444
26,raised_floor_gauss,100,plugin_sd_nw_minus_fixed,0.039999999999999925,0.01244444444444448,-0.07735761818160733
26,raised_floor_gauss,100,oracle_minus_fixed,-0.36000000000000004,-0.15199999999999997,-0.15227960725851175
26,raised_floor_gauss,250,plugin_sd_nw_minus_oracle,0.33,0.1468888888888889,0.07230483208787696
26,raised_floor_gauss,250,plugin_sd_nw_minus_fixed,0.10999999999999999,0.0626666666666667,-0.031950636003933025
26,raised_floor_gauss,250,oracle_minus_fixed,-0.22000000000000003,-0.0842222222222222,-0.10425546809180998
26,raised_floor_gauss,500,plugin_sd_nw_minus_oracle,0.21000000000000002,0.09177777777777782,0.07457499474248032
26,raised_floor_gauss,500,plugin_sd_nw_minus_fixed,-0.06999999999999995,-0.016666666666666607,-0.05852474880772558
26,raised_floor_gauss,500,oracle_minus_fixed,-0.27999999999999997,-0.10844444444444443,-0.1330997435502059
26,raised_floor_gauss,1000,plugin_sd_nw_minus_oracle,0.10999999999999999,0.068,0.044991693070560376
26,raised_floor_gauss,1000,plugin_sd_nw_minus_fixed,-0.11999999999999994,-0.02422222222222223,-0.05867481864822266
26,raised_floor_gauss,1000,oracle_minus_fixed,-0.22999999999999993,-0.09222222222222223,-0.10366651171878304
26,raised_floor_t3,100,plugin_sd_nw_minus_oracle,0.37,0.17622222222222217,0.11038957826331354
26,raised_floor_t3,100,plugin_sd_nw_minus_fixed,0.020000000000000018,0.0348888888888888,-0.00012951592002391488
26,raised_floor_t3,100,oracle_minus_fixed,-0.35,-0.14133333333333337,-0.11051909418333745
26,raised_floor_t3,250,plugin_sd_nw_minus_oracle,0.18000000000000005,0.09577777777777777,0.06246019814216133
26,raised_floor_t3,250,plugin_sd_nw_minus_fixed,-0.13,-0.0417777777777778,-0.07543397207566799
26,raised_floor_t3,250,oracle_minus_fixed,-0.31000000000000005,-0.13755555555555557,-0.13789417021782932
26,raised_floor_t3,500,plugin_sd_nw_minus_oracle,0.13,0.07755555555555566,0.04519276676466066
26,raised_floor_t3,500,plugin_sd_nw_minus_fixed,-0.15000000000000002,-0.055555555555555525,-0.10013088372026197
26,raised_floor_t3,500,oracle_minus_fixed,-0.28,-0.13311111111111118,-0.14532365048492263
26,raised_floor_t3,1000,plugin_sd_nw_minus_oracle,0.04999999999999993,0.0468888888888889,0.02817559955102142
26,raised_floor_t3,1000,plugin_sd_nw_minus_fixed,-0.19000000000000006,-0.08911111111111114,-0.0866385921601886
26,raised_floor_t3,1000,oracle_minus_fixed,-0.24,-0.13600000000000004,-0.11481419171121002
27,mm1_sojourn,100,plugin_sd_nw_minus_oracle,0.37,0.11955555555555555,0.08964415077724885
27,mm1_sojourn,100,plugin_sd_nw_minus_fixed,0.07999999999999996,-0.005333333333333384,-0.042988727943881366
27,mm1_sojourn,100,oracle_minus_fixed,-0.29000000000000004,-0.12488888888888894,-0.13263287872113022
27,mm1_sojourn,250,plugin_sd_nw_minus_oracle,0.13999999999999999,0.021555555555555578,0.026651381138168062
27,mm1_sojourn,250,plugin_sd_nw_minus_fixed,0.15,0.034888888888888914,0.025925270077415893
27,mm1_sojourn,250,oracle_minus_fixed,0.010000000000000009,0.013333333333333336,-0.0007261110607521687
27,mm1_sojourn,500,plugin_sd_nw_minus_oracle,0.15000000000000002,0.026666666666666713,0.032593063309885
27,mm1_sojourn,500,plugin_sd_nw_minus_fixed,0.07,-0.00022222222222217924,0.005853834226262497
27,mm1_sojourn,500,oracle_minus_fixed,-0.08000000000000002,-0.026888888888888893,-0.0267392290836225
27,mm1_sojourn,1000,plugin_sd_nw_minus_oracle,0.009999999999999981,0.014888888888888868,-0.0007316527720889338
27,mm1_sojourn,1000,plugin_sd_nw_minus_fixed,-0.040000000000000036,-0.0008888888888889113,-0.022944971898153838
27,mm1_sojourn,1000,oracle_minus_fixed,-0.05000000000000002,-0.01577777777777778,-0.022213319126064904
27,raised_floor_gauss,100,plugin_sd_nw_minus_oracle,0.44000000000000006,0.18711111111111106,0.11321481420095211
27,raised_floor_gauss,100,plugin_sd_nw_minus_fixed,0.08000000000000007,0.07799999999999996,0.00405421816712398
27,raised_floor_gauss,100,oracle_minus_fixed,-0.36,-0.1091111111111111,-0.10916059603382813
27,raised_floor_gauss,250,plugin_sd_nw_minus_oracle,0.26999999999999996,0.13288888888888886,0.07812907397243656
27,raised_floor_gauss,250,plugin_sd_nw_minus_fixed,-0.030000000000000027,0.022888888888888848,-0.03197470918422615
27,raised_floor_gauss,250,oracle_minus_fixed,-0.3,-0.11000000000000001,-0.11010378315666271
27,raised_floor_gauss,500,plugin_sd_nw_minus_oracle,0.25000000000000006,0.12644444444444444,0.07457647943676068
27,raised_floor_gauss,500,plugin_sd_nw_minus_fixed,0.0,0.00977777777777783,-0.03296877153536509
27,raised_floor_gauss,500,oracle_minus_fixed,-0.25000000000000006,-0.11666666666666661,-0.10754525097212578
27,raised_floor_gauss,1000,plugin_sd_nw_minus_oracle,0.19,0.08688888888888888,0.06044544548728514
27,raised_floor_gauss,1000,plugin_sd_nw_minus_fixed,-0.020000000000000018,-0.01933333333333337,-0.04545781205463073
27,raised_floor_gauss,1000,oracle_minus_fixed,-0.21000000000000002,-0.10622222222222225,-0.10590325754191587
27,raised_floor_t3,100,plugin_sd_nw_minus_oracle,0.25999999999999995,0.19488888888888886,0.09368439128174093
27,raised_floor_t3,100,plugin_sd_nw_minus_fixed,0.09999999999999998,0.07444444444444437,0.004017255467900993
27,raised_floor_t3,100,oracle_minus_fixed,-0.15999999999999998,-0.12044444444444449,-0.08966713581383993
27,raised_floor_t3,250,plugin_sd_nw_minus_oracle,0.3,0.14288888888888887,0.09042240698735997
27,raised_floor_t3,250,plugin_sd_nw_minus_fixed,-0.040000000000000036,-0.03022222222222226,-0.07522269695127301
27,raised_floor_t3,250,oracle_minus_fixed,-0.34,-0.17311111111111113,-0.16564510393863296
27,raised_floor_t3,500,plugin_sd_nw_minus_oracle,0.09000000000000002,0.05555555555555561,0.011113955520828167
27,raised_floor_t3,500,plugin_sd_nw_minus_fixed,-0.20999999999999996,-0.11244444444444446,-0.13145836234788646
27,raised_floor_t3,500,oracle_minus_fixed,-0.3,-0.16800000000000007,-0.14257231786871463
27,raised_floor_t3,1000,plugin_sd_nw_minus_oracle,0.04999999999999999,0.04644444444444443,0.038020391851283294
27,raised_floor_t3,1000,plugin_sd_nw_minus_fixed,-0.21999999999999997,-0.09466666666666668,-0.09859447960371712
27,raised_floor_t3,1000,oracle_minus_fixed,-0.26999999999999996,-0.1411111111111111,-0.1366148714550004
28,mm1_sojourn,100,plugin_sd_nw_minus_oracle,-0.08000000000000002,-0.024666666666666698,-0.017328975146979245
28,mm1_sojourn,100,plugin_sd_nw_minus_fixed,-0.03999999999999998,-0.021999999999999992,-0.026798440918005456
28,mm1_sojourn,100,oracle_minus_fixed,0.040000000000000036,0.002666666666666706,-0.009469465771026211
28,mm1_sojourn,250,plugin_sd_nw_minus_oracle,0.010000000000000009,0.00311111111111112,0.019473479436389857
28,mm1_sojourn,250,plugin_sd_nw_minus_fixed,0.09000000000000002,0.018222222222222223,-0.0010940028168656413
28,mm1_sojourn,250,oracle_minus_fixed,0.08000000000000002,0.015111111111111103,-0.020567482253255498
28,mm1_sojourn,500,plugin_sd_nw_minus_oracle,0.15000000000000002,0.04066666666666667,0.017005463539725124
28,mm1_sojourn,500,plugin_sd_nw_minus_fixed,0.13,0.020888888888888874,0.0027215186355107474
28,mm1_sojourn,500,oracle_minus_fixed,-0.020000000000000018,-0.019777777777777797,-0.014283944904214377
28,mm1_sojourn,1000,plugin_sd_nw_minus_oracle,0.050000000000000044,0.023111111111111138,0.005875253072491107
28,mm1_sojourn,1000,plugin_sd_nw_minus_fixed,0.08000000000000002,0.01777777777777781,-0.014119530666903926
28,mm1_sojourn,1000,oracle_minus_fixed,0.02999999999999997,-0.005333333333333329,-0.019994783739395033
28,raised_floor_gauss,100,plugin_sd_nw_minus_oracle,0.49,0.1984444444444445,0.1676507645102561
28,raised_floor_gauss,100,plugin_sd_nw_minus_fixed,0.09999999999999998,0.06733333333333336,0.018591443114329753
28,raised_floor_gauss,100,oracle_minus_fixed,-0.39,-0.13111111111111115,-0.14905932139592634
28,raised_floor_gauss,250,plugin_sd_nw_minus_oracle,0.31000000000000005,0.11688888888888893,0.0747276992392765
28,raised_floor_gauss,250,plugin_sd_nw_minus_fixed,-0.019999999999999907,0.016444444444444484,-0.038156034256433435
28,raised_floor_gauss,250,oracle_minus_fixed,-0.32999999999999996,-0.10044444444444445,-0.11288373349570993
28,raised_floor_gauss,500,plugin_sd_nw_minus_oracle,0.14999999999999997,0.05977777777777782,0.03681501374916182
28,raised_floor_gauss,500,plugin_sd_nw_minus_fixed,-0.020000000000000018,-0.014222222222222192,-0.0336099397714672
28,raised_floor_gauss,500,oracle_minus_fixed,-0.16999999999999998,-0.07400000000000001,-0.07042495352062902
28,raised_floor_gauss,1000,plugin_sd_nw_minus_oracle,0.15999999999999998,0.08066666666666669,0.036966404674311615
28,raised_floor_gauss,1000,plugin_sd_nw_minus_fixed,-0.10999999999999999,-0.019777777777777727,-0.06687840251346908
28,raised_floor_gauss,1000,oracle_minus_fixed,-0.26999999999999996,-0.10044444444444442,-0.10384480718778069
28,raised_floor_t3,100,plugin_sd_nw_minus_oracle,0.33,0.15022222222222228,0.09615867844293055
28,raised_floor_t3,100,plugin_sd_nw_minus_fixed,0.10999999999999999,0.02888888888888891,-0.007206141291899754
28,raised_floor_t3,100,oracle_minus_fixed,-0.22000000000000003,-0.12133333333333338,-0.1033648197348303
28,raised_floor_t3,250,plugin_sd_nw_minus_oracle,0.23000000000000004,0.10955555555555557,0.06477765755659724
28,raised_floor_t3,250,plugin_sd_nw_minus_fixed,-0.10999999999999999,-0.04377777777777775,-0.06368306483214192
28,raised_floor_t3,250,oracle_minus_fixed,-0.34,-0.15333333333333332,-0.12846072238873918
28,raised_floor_t3,500,plugin_sd_nw_minus_oracle,0.11000000000000004,0.06622222222222221,0.05610561562727885
28,raised_floor_t3,500,plugin_sd_nw_minus_fixed,-0.20999999999999996,-0.10288888888888892,-0.09794387425840245
28,raised_floor_t3,500,oracle_minus_fixed,-0.32,-0.16911111111111113,-0.1540494898856813
28,raised_floor_t3,1000,plugin_sd_nw_minus_oracle,0.12999999999999995,0.039111111111111124,0.04064016600433479
28,raised_floor_t3,1000,plugin_sd_nw_minus_fixed,-0.14,-0.07311111111111118,-0.08531714886704662
28,raised_floor_t3,1000,oracle_minus_fixed,-0.26999999999999996,-0.1122222222222223,-0.1259573148713814
29,mm1_sojourn,100,plugin_sd_nw_minus_oracle,-0.06,-0.0222222222222222,0.022514922519769276
29,mm1_sojourn,100,plugin_sd_nw_minus_fixed,-0.06,-0.014888888888888896,-0.0382803237293525
29,mm1_sojourn,100,oracle_minus_fixed,0.0,0.007333333333333303,-0.060795246249121776
29,mm1_sojourn,250,plugin_sd_nw_minus_oracle,0.04000000000000001,0.016444444444444456,0.0002950432808785791
29,mm1_sojourn,250,plugin_sd_nw_minus_fixed,0.05000000000000002,0.019555555555555548,0.0021051272792605435
29,mm1_sojourn,250,oracle_minus_fixed,0.010000000000000009,0.0031111111111110923,0.0018100839983819644
29,mm1_sojourn,500,plugin_sd_nw_minus_oracle,0.14,0.04222222222222222,0.03256493110336804
29,mm1_sojourn,500,plugin_sd_nw_minus_fixed,0.050000000000000044,0.00311111111111112,0.003221431308394543
29,mm1_sojourn,500,oracle_minus_fixed,-0.08999999999999997,-0.039111111111111097,-0.0293434997949735
29,mm1_sojourn,1000,plugin_sd_nw_minus_oracle,0.1,0.023555555555555524,0.034044304794743935
29,mm1_sojourn,1000,plugin_sd_nw_minus_fixed,0.020000000000000018,-0.0040000000000000036,-0.017023661713475857
29,mm1_sojourn,1000,oracle_minus_fixed,-0.07999999999999999,-0.027555555555555528,-0.05106796650821979
29,raised_floor_gauss,100,plugin_sd_nw_minus_oracle,0.52,0.20177777777777778,0.14747362479240228
29,raised_floor_gauss,100,plugin_sd_nw_minus_fixed,0.19000000000000006,0.0553333333333334,0.019612759076588993
29,raised_floor_gauss,100,oracle_minus_fixed,-0.32999999999999996,-0.14644444444444438,-0.1278608657158133
29,raised_floor_gauss,250,plugin_sd_nw_minus_oracle,0.25,0.12377777777777774,0.06924938630740886
29,raised_floor_gauss,250,plugin_sd_nw_minus_fixed,0.06999999999999995,0.030000000000000027,-0.02480026118707848
29,raised_floor_gauss,250,oracle_minus_fixed,-0.18000000000000005,-0.09377777777777771,-0.09404964749448734
29,raised_floor_gauss,500,plugin_sd_nw_minus_oracle,0.23000000000000004,0.10399999999999998,0.05832008666623545
29,raised_floor_gauss,500,plugin_sd_nw_minus_fixed,-0.08999999999999997,-0.010666666666666658,-0.052968981030887416
29,raised_floor_gauss,500,oracle_minus_fixed,-0.32,-0.11466666666666664,-0.11128906769712286
29,raised_floor_gauss,1000,plugin_sd_nw_minus_oracle,0.24,0.09333333333333332,0.05161149646181018
29,raised_floor_gauss,1000,plugin_sd_nw_minus_fixed,-0.040000000000000036,-0.005777777777777798,-0.055816848635705116
29,raised_floor_gauss,1000,oracle_minus_fixed,-0.28,-0.09911111111111112,-0.1074283450975153
29,raised_floor_t3,100,plugin_sd_nw_minus_oracle,0.41,0.18755555555555556,0.13776628849514772
29,raised_floor_t3,100,plugin_sd_nw_minus_fixed,0.16999999999999993,0.05311111111111111,0.018849646781641832
29,raised_floor_t3,100,oracle_minus_fixed,-0.24000000000000005,-0.13444444444444445,-0.1189166417135059
29,raised_floor_t3,250,plugin_sd_nw_minus_oracle,0.19,0.09133333333333338,0.07599968515030792
29,raised_floor_t3,250,plugin_sd_nw_minus_fixed,-0.14,-0.07044444444444442,-0.08319081545262022
29,raised_floor_t3,250,oracle_minus_fixed,-0.33,-0.1617777777777778,-0.15919050060292814
29,raised_floor_t3,500,plugin_sd_nw_minus_oracle,0.18000000000000005,0.10488888888888889,0.05083739070566144
29,raised_floor_t3,500,plugin_sd_nw_minus_fixed,-0.12,-0.05711111111111111,-0.07323202250961058
29,raised_floor_t3,500,oracle_minus_fixed,-0.30000000000000004,-0.162,-0.12406941321527203
29,raised_floor_t3,1000,plugin_sd_nw_minus_oracle,0.09000000000000002,0.056222222222222173,0.028001866129481218
29,raised_floor_t3,1000,plugin_sd_nw_minus_fixed,-0.16999999999999993,-0.09555555555555564,-0.1123988747188921
29,raised_floor_t3,1000,oracle_minus_fixed,-0.25999999999999995,-0.15177777777777782,-0.1404007408483733
30,mm1_sojourn,100,plugin_sd_nw_minus_oracle,-0.07,-0.027111111111111114,-0.001102485223809055
30,mm1_sojourn,100,plugin_sd_nw_minus_fixed,-0.10000000000000003,-0.05622222222222223,-0.057901084790300594
30,mm1_sojourn,100,oracle_minus_fixed,-0.030000000000000027,-0.029111111111111115,-0.05679859956649154
30,mm1_sojourn,250,plugin_sd_nw_minus_oracle,0.11000000000000001,0.034888888888888886,0.0386050414269819
30,mm1_sojourn,250,plugin_sd_nw_minus_fixed,0.08000000000000002,0.0044444444444444176,0.006299527371253111
30,mm1_sojourn,250,oracle_minus_fixed,-0.03,-0.03044444444444447,-0.03230551405572879
30,mm1_sojourn,500,plugin_sd_nw_minus_oracle,0.030000000000000027,0.026666666666666672,0.011837346771049195
30,mm1_sojourn,500,plugin_sd_nw_minus_fixed,0.16,0.06888888888888892,0.001268692880981026
30,mm1_sojourn,500,oracle_minus_fixed,0.12999999999999998,0.042222222222222244,-0.01056865389006817
30,mm1_sojourn,1000,plugin_sd_nw_minus_oracle,0.13999999999999999,0.03422222222222222,0.026628723317542277
30,mm1_sojourn,1000,plugin_sd_nw_minus_fixed,0.16,0.04755555555555553,0.016861828001885792
30,mm1_sojourn,1000,oracle_minus_fixed,0.020000000000000018,0.013333333333333308,-0.009766895315656485
30,raised_floor_gauss,100,plugin_sd_nw_minus_oracle,0.43000000000000005,0.2066666666666666,0.12548016747932492
30,raised_floor_gauss,100,plugin_sd_nw_minus_fixed,0.16000000000000003,0.0822222222222222,0.0194346962529047
30,raised_floor_gauss,100,oracle_minus_fixed,-0.27,-0.12444444444444441,-0.10604547122642022
30,raised_floor_gauss,250,plugin_sd_nw_minus_oracle,0.33,0.13711111111111116,0.10115657188522853
30,raised_floor_gauss,250,plugin_sd_nw_minus_fixed,0.030000000000000027,0.018222222222222223,-0.01372852716215825
30,raised_floor_gauss,250,oracle_minus_fixed,-0.3,-0.11888888888888893,-0.11488509904738678
30,raised_floor_gauss,500,plugin_sd_nw_minus_oracle,0.2700000000000001,0.12066666666666667,0.06466786943847685
30,raised_floor_gauss,500,plugin_sd_nw_minus_fixed,-0.05999999999999994,-0.00933333333333336,-0.05291536588251715
30,raised_floor_gauss,500,oracle_minus_fixed,-0.33,-0.13000000000000003,-0.117583235320994
30,raised_floor_gauss,1000,plugin_sd_nw_minus_oracle,0.13999999999999996,0.06911111111111112,0.03679628462283056
30,raised_floor_gauss,1000,plugin_sd_nw_minus_fixed,-0.09000000000000008,-0.020222222222222253,-0.06332231591138171
30,raised_floor_gauss,1000,oracle_minus_fixed,-0.23000000000000004,-0.08933333333333338,-0.10011860053421227
30,raised_floor_t3,100,plugin_sd_nw_minus_oracle,0.45999999999999996,0.1984444444444445,0.11047266907774525
30,raised_floor_t3,100,plugin_sd_nw_minus_fixed,0.14,0.04755555555555557,-0.006604998059193928
30,raised_floor_t3,100,oracle_minus_fixed,-0.31999999999999995,-0.15088888888888893,-0.11707766713693918
30,raised_floor_t3,250,plugin_sd_nw_minus_oracle,0.09999999999999998,0.07577777777777767,0.03136112381613651
30,raised_floor_t3,250,plugin_sd_nw_minus_fixed,-0.16000000000000003,-0.09466666666666673,-0.13046535740799153
30,raised_floor_t3,250,oracle_minus_fixed,-0.26,-0.1704444444444444,-0.16182648122412807
30,raised_floor_t3,500,plugin_sd_nw_minus_oracle,0.12000000000000005,0.07799999999999999,0.05766415367865167
30,raised_floor_t3,500,plugin_sd_nw_minus_fixed,-0.10999999999999999,-0.05688888888888888,-0.07131081385383772
30,raised_floor_t3,500,oracle_minus_fixed,-0.23000000000000004,-0.13488888888888886,-0.12897496753248938
30,raised_floor_t3,1000,plugin_sd_nw_minus_oracle,0.029999999999999916,0.0624444444444445,0.04637968217555688
30,raised_floor_t3,1000,plugin_sd_nw_minus_fixed,-0.17000000000000004,-0.0835555555555555,-0.1073405457149132
30,raised_floor_t3,1000,oracle_minus_fixed,-0.19999999999999996,-0.146,-0.15372022789047007
31,mm1_sojourn,100,plugin_sd_nw_minus_oracle,0.12000000000000002,0.049777777777777754,0.020515546614317787
31,mm1_sojourn,100,plugin_sd_nw_minus_fixed,0.07,0.010444444444444395,-0.007480510682548652
31,mm1_sojourn,100,oracle_minus_fixed,-0.05000000000000002,-0.03933333333333336,-0.02799605729686644
31,mm1_sojourn,250,plugin_sd_nw_minus_oracle,0.01999999999999999,0.02511111111111114,0.009975715012896458
31,mm1_sojourn,250,plugin_sd_nw_minus_fixed,-0.010000000000000009,-0.010666666666666658,-0.013847800293998486
31,mm1_sojourn,250,oracle_minus_fixed,-0.03,-0.0357777777777778,-0.023823515306894943
31,mm1_sojourn,500,plugin_sd_nw_minus_oracle,0.13999999999999999,0.024444444444444463,0.010252388175091817
31,mm1_sojourn,500,plugin_sd_nw_minus_fixed,0.09999999999999998,0.01733333333333334,0.0007363653842955842
31,mm1_sojourn,500,oracle_minus_fixed,-0.04000000000000001,-0.007111111111111124,-0.009516022790796233
31,mm1_sojourn,1000,plugin_sd_nw_minus_oracle,0.13,0.03377777777777777,0.023339645120209737
31,mm1_sojourn,1000,plugin_sd_nw_minus_fixed,0.06,0.01733333333333334,-0.011664816479591916
31,mm1_sojourn,1000,oracle_minus_fixed,-0.07,-0.016444444444444428,-0.03500446159980165
31,raised_floor_gauss,100,plugin_sd_nw_minus_oracle,0.45,0.20822222222222217,0.12972038735516292
31,raised_floor_gauss,100,plugin_sd_nw_minus_fixed,0.10999999999999999,0.0759999999999999,-0.01872722277269004
31,raised_floor_gauss,100,oracle_minus_fixed,-0.34,-0.13222222222222227,-0.14844761012785296
31,raised_floor_gauss,250,plugin_sd_nw_minus_oracle,0.26999999999999996,0.10911111111111105,0.07513553569311628
31,raised_floor_gauss,250,plugin_sd_nw_minus_fixed,-0.010000000000000009,0.003555555555555534,-0.028393758248008494
31,raised_floor_gauss,250,oracle_minus_fixed,-0.27999999999999997,-0.10555555555555551,-0.10352929394112477
31,raised_floor_gauss,500,plugin_sd_nw_minus_oracle,0.13,0.06422222222222218,0.03686770407395222
31,raised_floor_gauss,500,plugin_sd_nw_minus_fixed,-0.08000000000000002,-0.034,-0.04403174198427043
31,raised_floor_gauss,500,oracle_minus_fixed,-0.21000000000000002,-0.09822222222222218,-0.08089944605822265
31,raised_floor_gauss,1000,plugin_sd_nw_minus_oracle,0.21999999999999997,0.09155555555555553,0.041665071601282286
31,raised_floor_gauss,1000,plugin_sd_nw_minus_fixed,-0.09000000000000008,-0.0022222222222222643,-0.0510325411005
31,raised_floor_gauss,1000,oracle_minus_fixed,-0.31000000000000005,-0.0937777777777778,-0.09269761270178228
31,raised_floor_t3,100,plugin_sd_nw_minus_oracle,0.36000000000000004,0.1686666666666667,0.09860266159188302
31,raised_floor_t3,100,plugin_sd_nw_minus_fixed,-0.020000000000000018,-0.019333333333333258,-0.05732115699066778
31,raised_floor_t3,100,oracle_minus_fixed,-0.38000000000000006,-0.18799999999999994,-0.1559238185825508
31,raised_floor_t3,250,plugin_sd_nw_minus_oracle,0.18999999999999995,0.08955555555555553,0.054017288070321134
31,raised_floor_t3,250,plugin_sd_nw_minus_fixed,-0.07000000000000006,-0.0344444444444445,-0.08781926012338759
31,raised_floor_t3,250,oracle_minus_fixed,-0.26,-0.12400000000000003,-0.14183654819370872
31,raised_floor_t3,500,plugin_sd_nw_minus_oracle,0.16999999999999998,0.0855555555555556,0.06348741360269955
31,raised_floor_t3,500,plugin_sd_nw_minus_fixed,-0.13,-0.05422222222222217,-0.07839480090560869
31,raised_floor_t3,500,oracle_minus_fixed,-0.3,-0.13977777777777778,-0.14188221450830824
31,raised_floor_t3,1000,plugin_sd_nw_minus_oracle,0.12,0.05533333333333329,0.04895063551519384
31,raised_floor_t3,1000,plugin_sd_nw_minus_fixed,-0.17000000000000004,-0.08133333333333331,-0.0934416778477796
31,raised_floor_t3,1000,oracle_minus_fixed,-0.29000000000000004,-0.1366666666666666,-0.14239231336297342
32,mm1_sojourn,100,plugin_sd_nw_minus_oracle,-0.03999999999999998,0.011999999999999983,0.024190521405477144
32,mm1_sojourn,100,plugin_sd_nw_minus_fixed,-0.03999999999999998,-0.018222222222222195,-0.028912535043949764
32,mm1_sojourn,100,oracle_minus_fixed,0.0,-0.030222222222222178,-0.05310305644942691
32,mm1_sojourn,250,plugin_sd_nw_minus_oracle,0.0,0.01200000000000001,-0.0024264448562795887
32,mm1_sojourn,250,plugin_sd_nw_minus_fixed,0.06,0.016000000000000042,-0.03959975712924428
32,mm1_sojourn,250,oracle_minus_fixed,0.06,0.004000000000000031,-0.03717331227296469
32,mm1_sojourn,500,plugin_sd_nw_minus_oracle,0.10999999999999999,0.018666666666666706,0.01755384567560546
32,mm1_sojourn,500,plugin_sd_nw_minus_fixed,0.04999999999999999,-0.0008888888888888558,-0.018663258752629905
32,mm1_sojourn,500,oracle_minus_fixed,-0.06,-0.019555555555555562,-0.036217104428235364
32,mm1_sojourn,1000,plugin_sd_nw_minus_oracle,0.03999999999999998,0.002666666666666706,0.012737639251710398
32,mm1_sojourn,1000,plugin_sd_nw_minus_fixed,0.03999999999999998,0.014888888888888924,-0.015174329971085435
32,mm1_sojourn,1000,oracle_minus_fixed,0.0,0.012222222222222218,-0.027911969222795832
32,raised_floor_gauss,100,plugin_sd_nw_minus_oracle,0.41,0.20777777777777778,0.13385731763318612
32,raised_floor_gauss,100,plugin_sd_nw_minus_fixed,0.15999999999999992,0.10622222222222227,0.021820926808543334
32,raised_floor_gauss,100,oracle_minus_fixed,-0.25000000000000006,-0.10155555555555551,-0.11203639082464278
32,raised_floor_gauss,250,plugin_sd_nw_minus_oracle,0.21000000000000008,0.12666666666666662,0.07836179355796556
32,raised_floor_gauss,250,plugin_sd_nw_minus_fixed,0.0,0.023999999999999966,-0.02771166167656139
32,raised_floor_gauss,250,oracle_minus_fixed,-0.21000000000000008,-0.10266666666666666,-0.10607345523452695
32,raised_floor_gauss,500,plugin_sd_nw_minus_oracle,0.09000000000000002,0.06111111111111106,0.03198986544726093
32,raised_floor_gauss,500,plugin_sd_nw_minus_fixed,-0.11999999999999994,-0.040666666666666684,-0.0729771447008023
32,raised_floor_gauss,500,oracle_minus_fixed,-0.20999999999999996,-0.10177777777777774,-0.10496701014806323
32,raised_floor_gauss,1000,plugin_sd_nw_minus_oracle,0.15000000000000002,0.08066666666666672,0.05190457264501863
32,raised_floor_gauss,1000,plugin_sd_nw_minus_fixed,-0.07,-0.007555555555555482,-0.0486622848409298
32,raised_floor_gauss,1000,oracle_minus_fixed,-0.22000000000000003,-0.0882222222222222,-0.10056685748594843
32,raised_floor_t3,100,plugin_sd_nw_minus_oracle,0.35000000000000003,0.15177777777777776,0.10825028799591013
32,raised_floor_t3,100,plugin_sd_nw_minus_fixed,0.15000000000000002,0.046444444444444455,0.020624735611993517
32,raised_floor_t3,100,oracle_minus_fixed,-0.2,-0.1053333333333333,-0.08762555238391662
32,raised_floor_t3,250,plugin_sd_nw_minus_oracle,0.2,0.09644444444444442,0.05030042941320391
32,raised_floor_t3,250,plugin_sd_nw_minus_fixed,-0.06999999999999995,-0.07155555555555548,-0.08808428688499106
32,raised_floor_t3,250,oracle_minus_fixed,-0.26999999999999996,-0.1679999999999999,-0.138384716298195
32,raised_floor_t3,500,plugin_sd_nw_minus_oracle,0.16000000000000003,0.09488888888888891,0.060093743179967865
32,raised_floor_t3,500,plugin_sd_nw_minus_fixed,-0.16999999999999993,-0.07399999999999995,-0.08193437480111523
32,raised_floor_t3,500,oracle_minus_fixed,-0.32999999999999996,-0.16888888888888887,-0.1420281179810831
32,raised_floor_t3,1000,plugin_sd_nw_minus_oracle,0.13,0.04444444444444448,0.027039640434167067
32,raised_floor_t3,1000,plugin_sd_nw_minus_fixed,-0.16000000000000003,-0.09577777777777774,-0.10692711876000525
32,raised_floor_t3,1000,oracle_minus_fixed,-0.29000000000000004,-0.14022222222222222,-0.13396675919417234
33,mm1_sojourn,100,plugin_sd_nw_minus_oracle,0.10000000000000003,0.025777777777777705,0.02601696910268393
33,mm1_sojourn,100,plugin_sd_nw_minus_fixed,0.030000000000000027,0.026444444444444437,-0.02502910650430619
33,mm1_sojourn,100,oracle_minus_fixed,-0.07,0.000666666666666732,-0.05104607560699012
33,mm1_sojourn,250,plugin_sd_nw_minus_oracle,0.18,0.062000000000000055,0.052898501698871975
33,mm1_sojourn,250,plugin_sd_nw_minus_fixed,0.06,0.015333333333333365,-0.019625684088180828
33,mm1_sojourn,250,oracle_minus_fixed,-0.12,-0.04666666666666669,-0.0725241857870528
33,mm1_sojourn,500,plugin_sd_nw_minus_oracle,0.16999999999999998,0.04688888888888887,0.04520809875049096
33,mm1_sojourn,500,plugin_sd_nw_minus_fixed,0.08999999999999997,0.003999999999999976,0.011467432445635084
33,mm1_sojourn,500,oracle_minus_fixed,-0.08000000000000002,-0.04288888888888889,-0.03374066630485588
33,mm1_sojourn,1000,plugin_sd_nw_minus_oracle,0.020000000000000018,0.024444444444444463,0.02398272142677918
33,mm1_sojourn,1000,plugin_sd_nw_minus_fixed,0.03,0.017333333333333326,-0.004081637474435351
33,mm1_sojourn,1000,oracle_minus_fixed,0.009999999999999981,-0.0071111111111111375,-0.02806435890121453
33,raised_floor_gauss,100,plugin_sd_nw_minus_oracle,0.39999999999999997,0.2311111111111111,0.12620845817615792
33,raised_floor_gauss,100,plugin_sd_nw_minus_fixed,0.17999999999999994,0.11066666666666664,0.006770491363303738
33,raised_floor_gauss,100,oracle_minus_fixed,-0.22000000000000003,-0.12044444444444447,-0.11943796681285418
33,raised_floor_gauss,250,plugin_sd_nw_minus_oracle,0.27,0.13066666666666674,0.07638121891777526
33,raised_floor_gauss,250,plugin_sd_nw_minus_fixed,0.03999999999999998,0.047111111111111215,-0.024168169806950482
33,raised_floor_gauss,250,oracle_minus_fixed,-0.23,-0.08355555555555552,-0.10054938872472574
33,raised_floor_gauss,500,plugin_sd_nw_minus_oracle,0.26000000000000006,0.11844444444444449,0.07570205797494249
33,raised_floor_gauss,500,plugin_sd_nw_minus_fixed,0.0,0.017555555555555574,-0.03656268734048729
33,raised_floor_gauss,500,oracle_minus_fixed,-0.26000000000000006,-0.10088888888888892,-0.11226474531542978
33,raised_floor_gauss,1000,plugin_sd_nw_minus_oracle,0.21000000000000002,0.07800000000000007,0.053382369218485035
33,raised_floor_gauss,1000,plugin_sd_nw_minus_fixed,-0.010000000000000009,-0.009777777777777635,-0.03996199523830904
33,raised_floor_gauss,1000,oracle_minus_fixed,-0.22000000000000003,-0.0877777777777777,-0.09334436445679407
33,raised_floor_t3,100,plugin_sd_nw_minus_oracle,0.38,0.20577777777777784,0.11739246121617747
33,raised_floor_t3,100,plugin_sd_nw_minus_fixed,0.09000000000000008,0.055999999999999994,0.00432441315942389
33,raised_floor_t3,100,oracle_minus_fixed,-0.2899999999999999,-0.14977777777777784,-0.11306804805675358
33,raised_floor_t3,250,plugin_sd_nw_minus_oracle,0.17000000000000004,0.1011111111111111,0.05888475549627972
33,raised_floor_t3,250,plugin_sd_nw_minus_fixed,-0.09999999999999998,-0.029333333333333322,-0.07089102816108558
33,raised_floor_t3,250,oracle_minus_fixed,-0.27,-0.13044444444444442,-0.1297757836573653
33,raised_floor_t3,500,plugin_sd_nw_minus_oracle,0.17000000000000004,0.07177777777777783,0.06030966943493081
33,raised_floor_t3,500,plugin_sd_nw_minus_fixed,-0.10999999999999999,-0.07444444444444442,-0.08179443795473468
33,raised_floor_t3,500,oracle_minus_fixed,-0.28,-0.14622222222222225,-0.1421041073896655
33,raised_floor_t3,1000,plugin_sd_nw_minus_oracle,0.07999999999999996,0.07066666666666663,0.04338306154917054
33,raised_floor_t3,1000,plugin_sd_nw_minus_fixed,-0.15000000000000002,-0.0655555555555557,-0.09009709523465165
33,raised_floor_t3,1000,oracle_minus_fixed,-0.22999999999999998,-0.13622222222222233,-0.1334801567838222
34,mm1_sojourn,100,plugin_sd_nw_minus_oracle,0.08000000000000002,0.021333333333333343,0.03960076299705309
34,mm1_sojourn,100,plugin_sd_nw_minus_fixed,0.09000000000000002,-0.005111111111111122,0.016682555464448606
34,mm1_sojourn,100,oracle_minus_fixed,0.010000000000000009,-0.026444444444444465,-0.022918207532604484
34,mm1_sojourn,250,plugin_sd_nw_minus_oracle,-0.020000000000000018,-0.007111111111111124,0.008053435822972355
34,mm1_sojourn,250,plugin_sd_nw_minus_fixed,0.15,0.06444444444444443,0.004599384407926177
34,mm1_sojourn,250,oracle_minus_fixed,0.17,0.07155555555555555,-0.0034540514150461776
34,mm1_sojourn,500,plugin_sd_nw_minus_oracle,0.1,0.01933333333333334,0.022227953168429626
34,mm1_sojourn,500,plugin_sd_nw_minus_fixed,0.10999999999999999,0.010000000000000009,0.004535660605231445
34,mm1_sojourn,500,oracle_minus_fixed,0.009999999999999981,-0.009333333333333332,-0.01769229256319818
34,mm1_sojourn,1000,plugin_sd_nw_minus_oracle,0.18999999999999997,0.04688888888888887,0.037808881017667884
34,mm1_sojourn,1000,plugin_sd_nw_minus_fixed,0.24,0.07155555555555555,0.021865741702306624
34,mm1_sojourn,1000,oracle_minus_fixed,0.05000000000000002,0.024666666666666684,-0.01594313931536126
34,raised_floor_gauss,100,plugin_sd_nw_minus_oracle,0.42000000000000004,0.19355555555555556,0.11428483560655175
34,raised_floor_gauss,100,plugin_sd_nw_minus_fixed,0.17000000000000004,0.06133333333333335,0.03424531602759673
34,raised_floor_gauss,100,oracle_minus_fixed,-0.24999999999999997,-0.1322222222222222,-0.08003951957895503
34,raised_floor_gauss,250,plugin_sd_nw_minus_oracle,0.31,0.1382222222222222,0.08272585436564443
34,raised_floor_gauss,250,plugin_sd_nw_minus_fixed,0.06000000000000005,0.03911111111111104,-0.01702689050502057
34,raised_floor_gauss,250,oracle_minus_fixed,-0.24999999999999994,-0.09911111111111115,-0.099752744870665
34,raised_floor_gauss,500,plugin_sd_nw_minus_oracle,0.21999999999999997,0.10955555555555552,0.05662055633194543
34,raised_floor_gauss,500,plugin_sd_nw_minus_fixed,-0.010000000000000009,0.0015555555555555045,-0.0361981671068511
34,raised_floor_gauss,500,oracle_minus_fixed,-0.22999999999999998,-0.10800000000000001,-0.09281872343879653
34,raised_floor_gauss,1000,plugin_sd_nw_minus_oracle,0.18999999999999995,0.06622222222222218,0.04541970838709966
34,raised_floor_gauss,1000,plugin_sd_nw_minus_fixed,-0.08000000000000007,-0.015555555555555628,-0.04702635803231868
34,raised_floor_gauss,1000,oracle_minus_fixed,-0.27,-0.08177777777777781,-0.09244606641941834
34,raised_floor_t3,100,plugin_sd_nw_minus_oracle,0.27999999999999997,0.13400000000000004,0.06778248698548268
34,raised_floor_t3,100,plugin_sd_nw_minus_fixed,0.030000000000000027,0.00599999999999995,-0.06472861233136462
34,raised_floor_t3,100,oracle_minus_fixed,-0.24999999999999994,-0.12800000000000009,-0.1325110993168473
34,raised_floor_t3,250,plugin_sd_nw_minus_oracle,0.20000000000000007,0.08288888888888896,0.048687999389706096
34,raised_floor_t3,250,plugin_sd_nw_minus_fixed,-0.1499999999999999,-0.056222222222222173,-0.10409474723207998
34,raised_floor_t3,250,oracle_minus_fixed,-0.35,-0.13911111111111113,-0.1527827466217861
34,raised_floor_t3,500,plugin_sd_nw_minus_oracle,0.10999999999999999,0.07488888888888892,0.03312510106704207
34,raised_floor_t3,500,plugin_sd_nw_minus_fixed,-0.17999999999999994,-0.06444444444444442,-0.08912665465916636
34,raised_floor_t3,500,oracle_minus_fixed,-0.2899999999999999,-0.13933333333333334,-0.12225175572620843
34,raised_floor_t3,1000,plugin_sd_nw_minus_oracle,0.030000000000000027,0.037111111111111095,0.009254722857451395
34,raised_floor_t3,1000,plugin_sd_nw_minus_fixed,-0.23999999999999994,-0.08888888888888888,-0.1353997924662576
34,raised_floor_t3,1000,oracle_minus_fixed,-0.26999999999999996,-0.12599999999999997,-0.144654515323709
35,mm1_sojourn,100,plugin_sd_nw_minus_oracle,0.08000000000000002,0.03422222222222218,0.019797358696776318
35,mm1_sojourn,100,plugin_sd_nw_minus_fixed,0.19000000000000003,0.07333333333333328,0.003689558561393219
35,mm1_sojourn,100,oracle_minus_fixed,0.11000000000000001,0.039111111111111097,-0.0161078001353831
35,mm1_sojourn,250,plugin_sd_nw_minus_oracle,0.07999999999999996,0.04600000000000001,0.02103301107394502
35,mm1_sojourn,250,plugin_sd_nw_minus_fixed,0.07999999999999996,0.05355555555555555,-0.013936664837970472
35,mm1_sojourn,250,oracle_minus_fixed,0.0,0.007555555555555538,-0.03496967591191549
35,mm1_sojourn,500,plugin_sd_nw_minus_oracle,0.09999999999999998,0.024444444444444408,0.01705720474408358
35,mm1_sojourn,500,plugin_sd_nw_minus_fixed,0.09999999999999998,0.011333333333333279,-0.0066094332283116175
35,mm1_sojourn,500,oracle_minus_fixed,0.0,-0.013111111111111129,-0.023666637972395196
35,mm1_sojourn,1000,plugin_sd_nw_minus_oracle,0.07,0.015111111111111117,0.006020063095062381
35,mm1_sojourn,1000,plugin_sd_nw_minus_fixed,0.03,0.009333333333333332,-0.017732869636899726
35,mm1_sojourn,1000,oracle_minus_fixed,-0.04000000000000001,-0.0057777777777777845,-0.023752932731962106
35,raised_floor_gauss,100,plugin_sd_nw_minus_oracle,0.49,0.19911111111111113,0.15819414744981622
35,raised_floor_gauss,100,plugin_sd_nw_minus_fixed,0.13,0.05399999999999999,0.012526263455151648
35,raised_floor_gauss,100,oracle_minus_fixed,-0.36,-0.14511111111111114,-0.14566788399466457
35,raised_floor_gauss,250,plugin_sd_nw_minus_oracle,0.24,0.11133333333333328,0.0689123379782875
35,raised_floor_gauss,250,plugin_sd_nw_minus_fixed,0.020000000000000018,0.0015555555555555323,-0.04149817885855789
35,raised_floor_gauss,250,oracle_minus_fixed,-0.21999999999999997,-0.10977777777777775,-0.11041051683684538
35,raised_floor_gauss,500,plugin_sd_nw_minus_oracle,0.22000000000000003,0.09733333333333338,0.05217732340789384
35,raised_floor_gauss,500,plugin_sd_nw_minus_fixed,-0.020000000000000018,-0.011777777777777665,-0.062277626205528264
35,raised_floor_gauss,500,oracle_minus_fixed,-0.24000000000000005,-0.10911111111111105,-0.1144549496134221
35,raised_floor_gauss,1000,plugin_sd_nw_minus_oracle,0.2,0.06888888888888889,0.048580053794896105
35,raised_floor_gauss,1000,plugin_sd_nw_minus_fixed,0.010000000000000009,-0.011777777777777748,-0.03426891851707156
35,raised_floor_gauss,1000,oracle_minus_fixed,-0.19,-0.08066666666666664,-0.08284897231196767
35,raised_floor_t3,100,plugin_sd_nw_minus_oracle,0.30999999999999994,0.14177777777777784,0.07572954760725435
35,raised_floor_t3,100,plugin_sd_nw_minus_fixed,-0.010000000000000009,0.01200000000000001,-0.05545086124642003
35,raised_floor_t3,100,oracle_minus_fixed,-0.31999999999999995,-0.12977777777777783,-0.13118040885367438
35,raised_floor_t3,250,plugin_sd_nw_minus_oracle,0.23000000000000004,0.10822222222222222,0.06177768611614451
35,raised_floor_t3,250,plugin_sd_nw_minus_fixed,-0.07999999999999996,-0.04822222222222228,-0.06355064566774862
35,raised_floor_t3,250,oracle_minus_fixed,-0.31,-0.1564444444444445,-0.12532833178389313
35,raised_floor_t3,500,plugin_sd_nw_minus_oracle,0.15999999999999998,0.08511111111111108,0.049277175821889674
35,raised_floor_t3,500,plugin_sd_nw_minus_fixed,-0.10999999999999999,-0.05777777777777782,-0.0970027482021108
35,raised_floor_t3,500,oracle_minus_fixed,-0.26999999999999996,-0.1428888888888889,-0.14627992402400047
35,raised_floor_t3,1000,plugin_sd_nw_minus_oracle,0.09999999999999998,0.05644444444444438,0.040355448525050866
35,raised_floor_t3,1000,plugin_sd_nw_minus_fixed,-0.17000000000000004,-0.08000000000000007,-0.0884896101322909
35,raised_floor_t3,1000,oracle_minus_fixed,-0.27,-0.13644444444444445,-0.12884505865734175
36,mm1_sojourn,100,plugin_sd_nw_minus_oracle,0.06,0.049777777777777865,0.008864569578163853
36,mm1_sojourn,100,plugin_sd_nw_minus_fixed,-0.08999999999999997,-0.02888888888888888,-0.08145307544033117
36,mm1_sojourn,100,oracle_minus_fixed,-0.14999999999999997,-0.07866666666666675,-0.09031764501849503
36,mm1_sojourn,250,plugin_sd_nw_minus_oracle,0.10999999999999999,0.035555555555555535,0.030244461038344883
36,mm1_sojourn,250,plugin_sd_nw_minus_fixed,0.0,-0.008666666666666656,-0.03129519404402892
36,mm1_sojourn,250,oracle_minus_fixed,-0.10999999999999999,-0.04422222222222219,-0.0615396550823738
36,mm1_sojourn,500,plugin_sd_nw_minus_oracle,0.04999999999999999,0.018888888888888872,0.01022039870816592
36,mm1_sojourn,500,plugin_sd_nw_minus_fixed,0.0,0.007111111111111124,-0.004454709365523529
36,mm1_sojourn,500,oracle_minus_fixed,-0.04999999999999999,-0.011777777777777748,-0.01467510807368945
36,mm1_sojourn,1000,plugin_sd_nw_minus_oracle,0.020000000000000018,0.009777777777777788,0.0009967093919332065
36,mm1_sojourn,1000,plugin_sd_nw_minus_fixed,0.04000000000000001,0.013555555555555557,0.009940085630855203
36,mm1_sojourn,1000,oracle_minus_fixed,0.01999999999999999,0.003777777777777769,0.008943376238921996
36,raised_floor_gauss,100,plugin_sd_nw_minus_oracle,0.30000000000000004,0.16577777777777777,0.08517508897597346
36,raised_floor_gauss,100,plugin_sd_nw_minus_fixed,0.08999999999999997,0.03511111111111109,-0.028958412048151916
36,raised_floor_gauss,100,oracle_minus_fixed,-0.21000000000000008,-0.13066666666666668,-0.11413350102412538
36,raised_floor_gauss,250,plugin_sd_nw_minus_oracle,0.31999999999999995,0.134,0.08379332433628149
36,raised_floor_gauss,250,plugin_sd_nw_minus_fixed,0.020000000000000018,0.016444444444444456,-0.012861743579908894
36,raised_floor_gauss,250,oracle_minus_fixed,-0.29999999999999993,-0.11755555555555557,-0.09665506791619038
36,raised_floor_gauss,500,plugin_sd_nw_minus_oracle,0.28,0.10311111111111113,0.0653663564450145
36,raised_floor_gauss,500,plugin_sd_nw_minus_fixed,0.030000000000000027,0.020666666666666694,-0.020815909920421635
36,raised_floor_gauss,500,oracle_minus_fixed,-0.25,-0.08244444444444443,-0.08618226636543613
36,raised_floor_gauss,1000,plugin_sd_nw_minus_oracle,0.18,0.07600000000000001,0.049962666918022744
36,raised_floor_gauss,1000,plugin_sd_nw_minus_fixed,-0.09000000000000002,-0.02577777777777779,-0.05772998467097125
36,raised_floor_gauss,1000,oracle_minus_fixed,-0.27,-0.1017777777777778,-0.10769265158899399
36,raised_floor_t3,100,plugin_sd_nw_minus_oracle,0.32000000000000006,0.16733333333333336,0.08922704435892498
36,raised_floor_t3,100,plugin_sd_nw_minus_fixed,0.10000000000000009,0.055333333333333345,-0.008227307987179855
36,raised_floor_t3,100,oracle_minus_fixed,-0.21999999999999997,-0.11200000000000002,-0.09745435234610483
36,raised_floor_t3,250,plugin_sd_nw_minus_oracle,0.14999999999999997,0.10022222222222224,0.05974491632993065
36,raised_floor_t3,250,plugin_sd_nw_minus_fixed,-0.14,-0.051999999999999935,-0.08915184027235398
36,raised_floor_t3,250,oracle_minus_fixed,-0.29,-0.15222222222222218,-0.14889675660228463
36,raised_floor_t3,500,plugin_sd_nw_minus_oracle,0.11000000000000004,0.05466666666666667,0.05194480572162774
36,raised_floor_t3,500,plugin_sd_nw_minus_fixed,-0.18999999999999995,-0.0957777777777778,-0.09874882367519203
36,raised_floor_t3,500,oracle_minus_fixed,-0.3,-0.15044444444444446,-0.15069362939681977
36,raised_floor_t3,1000,plugin_sd_nw_minus_oracle,0.06,0.022000000000000103,0.00952779000863016
36,raised_floor_t3,1000,plugin_sd_nw_minus_fixed,-0.25,-0.12266666666666656,-0.12807009493737956
36,raised_floor_t3,1000,oracle_minus_fixed,-0.31,-0.14466666666666667,-0.13759788494600972
37,mm1_sojourn,100,plugin_sd_nw_minus_oracle,-0.03999999999999998,-0.0006666666666666488,-0.0056819298772162186
37,mm1_sojourn,100,plugin_sd_nw_minus_fixed,-0.15999999999999998,-0.07977777777777775,-0.0844121883697456
37,mm1_sojourn,100,oracle_minus_fixed,-0.12,-0.0791111111111111,-0.07873025849252938
37,mm1_sojourn,250,plugin_sd_nw_minus_oracle,-0.020000000000000018,0.010222222222222188,0.007257146524937447
37,mm1_sojourn,250,plugin_sd_nw_minus_fixed,-0.03,-0.011333333333333376,-0.0009870250556240079
37,mm1_sojourn,250,oracle_minus_fixed,-0.009999999999999981,-0.021555555555555564,-0.008244171580561455
37,mm1_sojourn,500,plugin_sd_nw_minus_oracle,-0.04999999999999999,-0.010222222222222216,0.001456918829670098
37,mm1_sojourn,500,plugin_sd_nw_minus_fixed,0.01999999999999999,0.017555555555555546,-0.00030132403681457087
37,mm1_sojourn,500,oracle_minus_fixed,0.06999999999999998,0.027777777777777762,-0.0017582428664846689
37,mm1_sojourn,1000,plugin_sd_nw_minus_oracle,0.11999999999999997,0.03511111111111112,0.018665730144293236
37,mm1_sojourn,1000,plugin_sd_nw_minus_fixed,0.07999999999999999,0.028000000000000025,-0.00110084965857149
37,mm1_sojourn,1000,oracle_minus_fixed,-0.03999999999999998,-0.007111111111111096,-0.019766579802864725
37,raised_floor_gauss,100,plugin_sd_nw_minus_oracle,0.27,0.1375555555555556,0.06324630410862953
37,raised_floor_gauss,100,plugin_sd_nw_minus_fixed,0.07000000000000006,0.04800000000000004,-0.051397790422368084
37,raised_floor_gauss,100,oracle_minus_fixed,-0.19999999999999996,-0.08955555555555555,-0.11464409453099761
37,raised_floor_gauss,250,plugin_sd_nw_minus_oracle,0.22000000000000003,0.1064444444444444,0.050070938607091636
37,raised_floor_gauss,250,plugin_sd_nw_minus_fixed,-0.05999999999999994,-0.0026666666666666505,-0.0685237536349374
37,raised_floor_gauss,250,oracle_minus_fixed,-0.27999999999999997,-0.10911111111111105,-0.11859469224202904
37,raised_floor_gauss,500,plugin_sd_nw_minus_oracle,0.29000000000000004,0.1282222222222223,0.0830382797887359
37,raised_floor_gauss,500,plugin_sd_nw_minus_fixed,-0.05999999999999994,0.0037777777777778243,-0.02915454769459286
37,raised_floor_gauss,500,oracle_minus_fixed,-0.35,-0.12444444444444447,-0.11219282748332876
37,raised_floor_gauss,1000,plugin_sd_nw_minus_oracle,0.18,0.08288888888888882,0.04201278967513407
37,raised_floor_gauss,1000,plugin_sd_nw_minus_fixed,-0.08000000000000002,-0.010666666666666685,-0.049699771072262644
37,raised_floor_gauss,1000,oracle_minus_fixed,-0.26,-0.0935555555555555,-0.09171256074739671
37,raised_floor_t3,100,plugin_sd_nw_minus_oracle,0.36,0.1573333333333333,0.08164045358893711
37,raised_floor_t3,100,plugin_sd_nw_minus_fixed,0.12,0.045777777777777806,0.003500864120450864
37,raised_floor_t3,100,oracle_minus_fixed,-0.24,-0.11155555555555549,-0.07813958946848625
37,raised_floor_t3,250,plugin_sd_nw_minus_oracle,0.19999999999999996,0.10022222222222218,0.06279897746342386
37,raised_floor_t3,250,plugin_sd_nw_minus_fixed,-0.10999999999999999,-0.059111111111111114,-0.08897594190714911
37,raised_floor_t3,250,oracle_minus_fixed,-0.30999999999999994,-0.1593333333333333,-0.15177491937057297
37,raised_floor_t3,500,plugin_sd_nw_minus_oracle,0.16000000000000003,0.04400000000000004,0.03882007167086737
37,raised_floor_t3,500,plugin_sd_nw_minus_fixed,-0.14,-0.0866666666666667,-0.0814789570488895
37,raised_floor_t3,500,oracle_minus_fixed,-0.30000000000000004,-0.13066666666666674,-0.12029902871975687
37,raised_floor_t3,1000,plugin_sd_nw_minus_oracle,0.13,0.07733333333333328,0.04488407684605536
37,raised_floor_t3,1000,plugin_sd_nw_minus_fixed,-0.09999999999999998,-0.05199999999999999,-0.08026736581147809
37,raised_floor_t3,1000,oracle_minus_fixed,-0.22999999999999998,-0.12933333333333327,-0.12515144265753345
38,mm1_sojourn,100,plugin_sd_nw_minus_oracle,0.019999999999999962,0.015333333333333282,0.024244494071392467
38,mm1_sojourn,100,plugin_sd_nw_minus_fixed,-0.050000000000000044,-0.03266666666666668,-0.038382905493685976
38,mm1_sojourn,100,oracle_minus_fixed,-0.07,-0.04799999999999996,-0.06262739956507844
38,mm1_sojourn,250,plugin_sd_nw_minus_oracle,0.15,0.05511111111111108,0.048068913326941604
38,mm1_sojourn,250,plugin_sd_nw_minus_fixed,0.04999999999999999,0.006000000000000005,0.010399604786278174
38,mm1_sojourn,250,oracle_minus_fixed,-0.1,-0.04911111111111108,-0.03766930854066343
38,mm1_sojourn,500,plugin_sd_nw_minus_oracle,0.07000000000000003,0.03422222222222222,0.006465247992795561
38,mm1_sojourn,500,plugin_sd_nw_minus_fixed,0.08000000000000002,0.01733333333333334,-0.013286834723326896
38,mm1_sojourn,500,oracle_minus_fixed,0.009999999999999981,-0.016888888888888884,-0.019752082716122457
38,mm1_sojourn,1000,plugin_sd_nw_minus_oracle,0.09,0.02311111111111111,0.010861061132664732
38,mm1_sojourn,1000,plugin_sd_nw_minus_fixed,0.07999999999999999,0.023777777777777787,9.652202598992021e-06
38,mm1_sojourn,1000,oracle_minus_fixed,-0.010000000000000009,0.0006666666666666765,-0.01085140893006574
38,raised_floor_gauss,100,plugin_sd_nw_minus_oracle,0.36,0.19888888888888892,0.10004079704318548
38,raised_floor_gauss,100,plugin_sd_nw_minus_fixed,0.09999999999999998,0.08511111111111117,0.011150967269396572
38,raised_floor_gauss,100,oracle_minus_fixed,-0.26,-0.11377777777777776,-0.08888982977378891
38,raised_floor_gauss,250,plugin_sd_nw_minus_oracle,0.22999999999999998,0.12266666666666667,0.08067010781249741
38,raised_floor_gauss,250,plugin_sd_nw_minus_fixed,0.02999999999999997,0.04355555555555557,-0.013469193365066065
38,raised_floor_gauss,250,oracle_minus_fixed,-0.2,-0.0791111111111111,-0.09413930117756347
38,raised_floor_gauss,500,plugin_sd_nw_minus_oracle,0.25,0.1013333333333333,0.06006216927022004
38,raised_floor_gauss,500,plugin_sd_nw_minus_fixed,-0.040000000000000036,0.0011111111111110905,-0.033520464499046235
38,raised_floor_gauss,500,oracle_minus_fixed,-0.29000000000000004,-0.10022222222222221,-0.09358263376926627
38,raised_floor_gauss,1000,plugin_sd_nw_minus_oracle,0.21999999999999997,0.08177777777777781,0.06235635661331822
38,raised_floor_gauss,1000,plugin_sd_nw_minus_fixed,-0.06000000000000005,-0.025999999999999968,-0.03790837962957977
38,raised_floor_gauss,1000,oracle_minus_fixed,-0.28,-0.10777777777777778,-0.10026473624289799
38,raised_floor_t3,100,plugin_sd_nw_minus_oracle,0.3499999999999999,0.16377777777777774,0.08564033464543429
38,raised_floor_t3,100,plugin_sd_nw_minus_fixed,-0.07000000000000006,-0.005333333333333357,-0.0732795460416441
38,raised_floor_t3,100,oracle_minus_fixed,-0.42,-0.1691111111111111,-0.1589198806870784
38,raised_floor_t3,250,plugin_sd_nw_minus_oracle,0.18999999999999995,0.11488888888888887,0.08708232825879186
38,raised_floor_t3,250,plugin_sd_nw_minus_fixed,-0.09000000000000008,-0.049777777777777865,-0.08015052034858566
38,raised_floor_t3,250,oracle_minus_fixed,-0.28,-0.16466666666666674,-0.16723284860737753
38,raised_floor_t3,500,plugin_sd_nw_minus_oracle,0.09999999999999998,0.043999999999999984,0.02157719397916963
38,raised_floor_t3,500,plugin_sd_nw_minus_fixed,-0.22999999999999998,-0.09733333333333338,-0.10730711538947887
38,raised_floor_t3,500,oracle_minus_fixed,-0.32999999999999996,-0.14133333333333337,-0.1288843093686485
38,raised_floor_t3,1000,plugin_sd_nw_minus_oracle,0.04999999999999999,0.03466666666666668,0.027858712784132142
38,raised_floor_t3,1000,plugin_sd_nw_minus_fixed,-0.20999999999999996,-0.08688888888888882,-0.09218599449123296
38,raised_floor_t3,1000,oracle_minus_fixed,-0.25999999999999995,-0.1215555555555555,-0.1200447072753651
39,mm1_sojourn,100,plugin_sd_nw_minus_oracle,0.18,0.05444444444444449,0.04339021007484038
39,mm1_sojourn,100,plugin_sd_nw_minus_fixed,0.13,0.04311111111111118,-0.015131475330224409
39,mm1_sojourn,100,oracle_minus_fixed,-0.04999999999999999,-0.011333333333333306,-0.05852168540506479
39,mm1_sojourn,250,plugin_sd_nw_minus_oracle,0.10999999999999999,0.04466666666666666,0.030435304646465836
39,mm1_sojourn,250,plugin_sd_nw_minus_fixed,0.2,0.061555555555555586,0.013491900818747904
39,mm1_sojourn,250,oracle_minus_fixed,0.09000000000000002,0.016888888888888925,-0.01694340382771793
39,mm1_sojourn,500,plugin_sd_nw_minus_oracle,0.03,0.014222222222222247,0.0018690922840512714
39,mm1_sojourn,500,plugin_sd_nw_minus_fixed,-0.03,0.008000000000000035,-0.0210051954200893
39,mm1_sojourn,500,oracle_minus_fixed,-0.06,-0.006222222222222212,-0.022874287704140572
39,mm1_sojourn,1000,plugin_sd_nw_minus_oracle,0.0,-0.005333333333333329,-0.010024429420024197
39,mm1_sojourn,1000,plugin_sd_nw_minus_fixed,-0.01999999999999999,-0.008444444444444477,-0.014674273193482593
39,mm1_sojourn,1000,oracle_minus_fixed,-0.01999999999999999,-0.003111111111111148,-0.004649843773458395
39,raised_floor_gauss,100,plugin_sd_nw_minus_oracle,0.36000000000000004,0.19333333333333336,0.10170978262070604
39,raised_floor_gauss,100,plugin_sd_nw_minus_fixed,0.10999999999999999,0.07533333333333336,-0.0036183716602606886
39,raised_floor_gauss,100,oracle_minus_fixed,-0.25000000000000006,-0.118,-0.10532815428096673
39,raised_floor_gauss,250,plugin_sd_nw_minus_oracle,0.30000000000000004,0.1542222222222222,0.09178112974646893
39,raised_floor_gauss,250,plugin_sd_nw_minus_fixed,0.020000000000000018,0.026888888888888962,-0.015477106024487014
39,raised_floor_gauss,250,oracle_minus_fixed,-0.28,-0.12733333333333324,-0.10725823577095595
39,raised_floor_gauss,500,plugin_sd_nw_minus_oracle,0.25000000000000006,0.08066666666666664,0.0780045256949187
39,raised_floor_gauss,500,plugin_sd_nw_minus_fixed,0.0,-0.013111111111111184,-0.03136733595292346
39,raised_floor_gauss,500,oracle_minus_fixed,-0.25000000000000006,-0.09377777777777782,-0.10937186164784216
39,raised_floor_gauss,1000,plugin_sd_nw_minus_oracle,0.11000000000000004,0.08133333333333334,0.05375377834277287
39,raised_floor_gauss,1000,plugin_sd_nw_minus_fixed,-0.020000000000000018,5.551115123125783e-17,-0.0372841877183136
39,raised_floor_gauss,1000,oracle_minus_fixed,-0.13000000000000006,-0.08133333333333329,-0.09103796606108647
39,raised_floor_t3,100,plugin_sd_nw_minus_oracle,0.42999999999999994,0.19799999999999995,0.11526031298295082
39,raised_floor_t3,100,plugin_sd_nw_minus_fixed,0.12,0.04488888888888887,-0.00914953198769991
39,raised_floor_t3,100,oracle_minus_fixed,-0.30999999999999994,-0.1531111111111111,-0.12440984497065073
39,raised_floor_t3,250,plugin_sd_nw_minus_oracle,0.24,0.1075555555555556,0.054395779458556545
39,raised_floor_t3,250,plugin_sd_nw_minus_fixed,-0.13,-0.06355555555555548,-0.08661564540681266
39,raised_floor_t3,250,oracle_minus_fixed,-0.37,-0.17111111111111107,-0.14101142486536922
39,raised_floor_t3,500,plugin_sd_nw_minus_oracle,0.10999999999999999,0.05511111111111114,0.04507572783414625
39,raised_floor_t3,500,plugin_sd_nw_minus_fixed,-0.19999999999999996,-0.08044444444444443,-0.0904952049666975
39,raised_floor_t3,500,oracle_minus_fixed,-0.30999999999999994,-0.13555555555555557,-0.13557093280084376
39,raised_floor_t3,1000,plugin_sd_nw_minus_oracle,0.08000000000000007,0.05066666666666669,0.037244807264502994
39,raised_floor_t3,1000,plugin_sd_nw_minus_fixed,-0.13,-0.06866666666666671,-0.08885362585429407
39,raised_floor_t3,1000,oracle_minus_fixed,-0.21000000000000008,-0.1193333333333334,-0.12609843311879707
40,mm1_sojourn,100,plugin_sd_nw_minus_oracle,0.10999999999999999,0.020666666666666667,0.035984867521981365
40,mm1_sojourn,100,plugin_sd_nw_minus_fixed,0.03999999999999998,-0.020666666666666694,-0.0008815903644258938
40,mm1_sojourn,100,oracle_minus_fixed,-0.07,-0.04133333333333336,-0.03686645788640726
40,mm1_sojourn,250,plugin_sd_nw_minus_oracle,0.11999999999999997,0.030888888888888882,0.014899813617385169
40,mm1_sojourn,250,plugin_sd_nw_minus_fixed,0.06999999999999995,0.017111111111111132,0.0007725047435273441
40,mm1_sojourn,250,oracle_minus_fixed,-0.05000000000000002,-0.01377777777777775,-0.014127308873857825
40,mm1_sojourn,500,plugin_sd_nw_minus_oracle,0.07999999999999999,0.031777777777777794,0.00322301441493833
40,mm1_sojourn,500,plugin_sd_nw_minus_fixed,-0.030000000000000027,-0.02266666666666664,-0.03650528350835214
40,mm1_sojourn,500,oracle_minus_fixed,-0.11000000000000001,-0.054444444444444434,-0.03972829792329047
40,mm1_sojourn,1000,plugin_sd_nw_minus_oracle,0.010000000000000009,0.008666666666666725,0.010327986142323414
40,mm1_sojourn,1000,plugin_sd_nw_minus_fixed,0.04000000000000001,0.00511111111111115,-0.012179478682797965
40,mm1_sojourn,1000,oracle_minus_fixed,0.03,-0.0035555555555555757,-0.02250746482512138
40,raised_floor_gauss,100,plugin_sd_nw_minus_oracle,0.45000000000000007,0.20933333333333332,0.12363938345906333
40,raised_floor_gauss,100,plugin_sd_nw_minus_fixed,0.24000000000000005,0.10000000000000003,0.054533484792648135
40,raised_floor_gauss,100,oracle_minus_fixed,-0.21,-0.10933333333333328,-0.0691058986664152
40,raised_floor_gauss,250,plugin_sd_nw_minus_oracle,0.32000000000000006,0.1433333333333333,0.07726979224318828
40,raised_floor_gauss,250,plugin_sd_nw_minus_fixed,0.020000000000000018,0.014666666666666717,-0.033805372021396135
40,raised_floor_gauss,250,oracle_minus_fixed,-0.30000000000000004,-0.1286666666666666,-0.11107516426458441
40,raised_floor_gauss,500,plugin_sd_nw_minus_oracle,0.31,0.10155555555555545,0.07056230178568888
40,raised_floor_gauss,500,plugin_sd_nw_minus_fixed,0.020000000000000018,0.0019999999999998352,-0.03486460648917661
40,raised_floor_gauss,500,oracle_minus_fixed,-0.29,-0.09955555555555562,-0.10542690827486549
40,raised_floor_gauss,1000,plugin_sd_nw_minus_oracle,0.10000000000000003,0.04466666666666666,0.029063355990480474
40,raised_floor_gauss,1000,plugin_sd_nw_minus_fixed,-0.16000000000000003,-0.04244444444444445,-0.07220357208503868
40,raised_floor_gauss,1000,oracle_minus_fixed,-0.26000000000000006,-0.08711111111111111,-0.10126692807551915
40,raised_floor_t3,100,plugin_sd_nw_minus_oracle,0.41999999999999993,0.20177777777777778,0.13437247441337286
40,raised_floor_t3,100,plugin_sd_nw_minus_fixed,0.15999999999999992,0.061333333333333295,0.02274582443224546
40,raised_floor_t3,100,oracle_minus_fixed,-0.26,-0.14044444444444448,-0.1116266499811274
40,raised_floor_t3,250,plugin_sd_nw_minus_oracle,0.23999999999999994,0.11533333333333337,0.09264984909691756
40,raised_floor_t3,250,plugin_sd_nw_minus_fixed,-0.1100000000000001,-0.05822222222222234,-0.08120406453690404
40,raised_floor_t3,250,oracle_minus_fixed,-0.35000000000000003,-0.1735555555555557,-0.1738539136338216
40,raised_floor_t3,500,plugin_sd_nw_minus_oracle,0.15999999999999998,0.06288888888888888,0.04658849417280986
40,raised_floor_t3,500,plugin_sd_nw_minus_fixed,-0.15000000000000002,-0.08600000000000002,-0.08374064146808131
40,raised_floor_t3,500,oracle_minus_fixed,-0.31,-0.1488888888888889,-0.13032913564089116
40,raised_floor_t3,1000,plugin_sd_nw_minus_oracle,0.09999999999999998,0.050000000000000044,0.022880294367338502
40,raised_floor_t3,1000,plugin_sd_nw_minus_fixed,-0.21000000000000008,-0.07133333333333333,-0.08499192995150376
40,raised_floor_t3,1000,oracle_minus_fixed,-0.31000000000000005,-0.12133333333333338,-0.10787222431884226
41,mm1_sojourn,100,plugin_sd_nw_minus_oracle,0.23000000000000004,0.10911111111111119,0.04824254796540936
41,mm1_sojourn,100,plugin_sd_nw_minus_fixed,0.21000000000000002,0.06533333333333344,0.022097495207471424
41,mm1_sojourn,100,oracle_minus_fixed,-0.020000000000000018,-0.04377777777777775,-0.026145052757937937
41,mm1_sojourn,250,plugin_sd_nw_minus_oracle,0.10999999999999999,0.027111111111111058,0.030924750264583467
41,mm1_sojourn,250,plugin_sd_nw_minus_fixed,0.12999999999999998,0.008222222222222186,0.025095205747805216
41,mm1_sojourn,250,oracle_minus_fixed,0.01999999999999999,-0.018888888888888872,-0.005829544516778251
41,mm1_sojourn,500,plugin_sd_nw_minus_oracle,0.01999999999999999,0.014666666666666689,0.005780311435545943
41,mm1_sojourn,500,plugin_sd_nw_minus_fixed,0.03999999999999998,0.014888888888888896,-0.00862614076013457
41,mm1_sojourn,500,oracle_minus_fixed,0.01999999999999999,0.000222222222222207,-0.014406452195680514
41,mm1_sojourn,1000,plugin_sd_nw_minus_oracle,0.11000000000000001,0.03422222222222224,0.009013700643880102
41,mm1_sojourn,1000,plugin_sd_nw_minus_fixed,0.06,0.017333333333333353,-0.013910338179651038
41,mm1_sojourn,1000,oracle_minus_fixed,-0.05000000000000002,-0.016888888888888884,-0.02292403882353114
41,raised_floor_gauss,100,plugin_sd_nw_minus_oracle,0.39,0.19977777777777778,0.1314659866335086
41,raised_floor_gauss,100,plugin_sd_nw_minus_fixed,0.17000000000000004,0.05755555555555558,0.012292602528114122
41,raised_floor_gauss,100,oracle_minus_fixed,-0.21999999999999997,-0.1422222222222222,-0.11917338410539449
41,raised_floor_gauss,250,plugin_sd_nw_minus_oracle,0.37,0.16222222222222224,0.10161213308050417
41,raised_floor_gauss,250,plugin_sd_nw_minus_fixed,0.010000000000000009,0.035999999999999976,-0.04873273940217179
41,raised_floor_gauss,250,oracle_minus_fixed,-0.36,-0.12622222222222226,-0.15034487248267597
41,raised_floor_gauss,500,plugin_sd_nw_minus_oracle,0.18,0.11977777777777776,0.07121345209693032
41,raised_floor_gauss,500,plugin_sd_nw_minus_fixed,-0.10999999999999999,-0.005333333333333357,-0.043467802908914555
41,raised_floor_gauss,500,oracle_minus_fixed,-0.29,-0.12511111111111112,-0.11468125500584488
41,raised_floor_gauss,1000,plugin_sd_nw_minus_oracle,0.18,0.08599999999999997,0.05302113008679789
41,raised_floor_gauss,1000,plugin_sd_nw_minus_fixed,-0.06000000000000005,-0.020000000000000073,-0.04649819628755772
41,raised_floor_gauss,1000,oracle_minus_fixed,-0.24000000000000005,-0.10600000000000004,-0.09951932637435561
41,raised_floor_t3,100,plugin_sd_nw_minus_oracle,0.33999999999999997,0.15466666666666662,0.0925945949915072
41,raised_floor_t3,100,plugin_sd_nw_minus_fixed,0.13,0.05199999999999999,0.0012879538869810803
41,raised_floor_t3,100,oracle_minus_fixed,-0.20999999999999996,-0.10266666666666663,-0.09130664110452612
41,raised_floor_t3,250,plugin_sd_nw_minus_oracle,0.19,0.09866666666666674,0.0756407045696921
41,raised_floor_t3,250,plugin_sd_nw_minus_fixed,-0.08999999999999997,-0.03688888888888886,-0.07970929155474493
41,raised_floor_t3,250,oracle_minus_fixed,-0.27999999999999997,-0.1355555555555556,-0.15534999612443703
41,raised_floor_t3,500,plugin_sd_nw_minus_oracle,0.12,0.07066666666666663,0.03367672594927948
41,raised_floor_t3,500,plugin_sd_nw_minus_fixed,-0.19999999999999996,-0.07266666666666671,-0.07716680650415852
41,raised_floor_t3,500,oracle_minus_fixed,-0.31999999999999995,-0.14333333333333334,-0.110843532453438
41,raised_floor_t3,1000,plugin_sd_nw_minus_oracle,0.18000000000000005,0.06866666666666663,0.03837652281736331
41,raised_floor_t3,1000,plugin_sd_nw_minus_fixed,-0.10999999999999999,-0.08377777777777778,-0.0891258675303851
41,raised_floor_t3,1000,oracle_minus_fixed,-0.29000000000000004,-0.1524444444444444,-0.1275023903477484
42,mm1_sojourn,100,plugin_sd_nw_minus_oracle,-0.14,-0.06222222222222221,-0.015010780992008754
42,mm1_sojourn,100,plugin_sd_nw_minus_fixed,-0.08000000000000002,-0.015333333333333365,-0.043472880753323645
42,mm1_sojourn,100,oracle_minus_fixed,0.06,0.04688888888888884,-0.02846209976131489
42,mm1_sojourn,250,plugin_sd_nw_minus_oracle,0.06,0.01711111111111112,0.012015387587414328
42,mm1_sojourn,250,plugin_sd_nw_minus_fixed,-0.13999999999999999,-0.04844444444444443,-0.05349791477421839
42,mm1_sojourn,250,oracle_minus_fixed,-0.19999999999999998,-0.06555555555555555,-0.06551330236163272
42,mm1_sojourn,500,plugin_sd_nw_minus_oracle,0.08000000000000002,0.012888888888888866,0.031096619621547084
42,mm1_sojourn,500,plugin_sd_nw_minus_fixed,0.13000000000000003,0.029777777777777764,0.011763600482592507
42,mm1_sojourn,500,oracle_minus_fixed,0.05000000000000002,0.016888888888888898,-0.019333019138954577
42,mm1_sojourn,1000,plugin_sd_nw_minus_oracle,-0.03,-0.00911111111111114,-0.0050845664881060265
42,mm1_sojourn,1000,plugin_sd_nw_minus_fixed,0.0,0.004444444444444445,-0.0174209440275154
42,mm1_sojourn,1000,oracle_minus_fixed,0.03,0.013555555555555585,-0.012336377539409374
42,raised_floor_gauss,100,plugin_sd_nw_minus_oracle,0.49,0.2133333333333334,0.13223323123108008
42,raised_floor_gauss,100,plugin_sd_nw_minus_fixed,0.05999999999999994,0.07311111111111118,-0.038522608148459175
42,raised_floor_gauss,100,oracle_minus_fixed,-0.43000000000000005,-0.14022222222222222,-0.17075583937953925
42,raised_floor_gauss,250,plugin_sd_nw_minus_oracle,0.25999999999999995,0.14888888888888885,0.09814025116348321
42,raised_floor_gauss,250,plugin_sd_nw_minus_fixed,-0.06000000000000005,0.029111111111111088,-0.03626012557595654
42,raised_floor_gauss,250,oracle_minus_fixed,-0.32,-0.11977777777777776,-0.13440037673943975
42,raised_floor_gauss,500,plugin_sd_nw_minus_oracle,0.29000000000000004,0.1124444444444444,0.07565761456323754
42,raised_floor_gauss,500,plugin_sd_nw_minus_fixed,-0.030000000000000027,-0.007111111111111124,-0.03348049629695804
42,raised_floor_gauss,500,oracle_minus_fixed,-0.32000000000000006,-0.11955555555555553,-0.10913811086019558
42,raised_floor_gauss,1000,plugin_sd_nw_minus_oracle,0.11000000000000004,0.04622222222222225,0.016110121574603953
42,raised_floor_gauss,1000,plugin_sd_nw_minus_fixed,-0.10999999999999999,-0.03222222222222221,-0.07844107815208222
42,raised_floor_gauss,1000,oracle_minus_fixed,-0.22000000000000003,-0.07844444444444446,-0.09455119972668617
42,raised_floor_t3,100,plugin_sd_nw_minus_oracle,0.41999999999999993,0.21377777777777782,0.12526296178640917
42,raised_floor_t3,100,plugin_sd_nw_minus_fixed,0.24,0.07266666666666671,0.0269018225667626
42,raised_floor_t3,100,oracle_minus_fixed,-0.17999999999999994,-0.1411111111111111,-0.09836113921964657
42,raised_floor_t3,250,plugin_sd_nw_minus_oracle,0.24000000000000005,0.11133333333333337,0.08631225590513603
42,raised_floor_t3,250,plugin_sd_nw_minus_fixed,-0.12,-0.04111111111111104,-0.04232774300185427
42,raised_floor_t3,250,oracle_minus_fixed,-0.36000000000000004,-0.1524444444444444,-0.1286399989069903
42,raised_floor_t3,500,plugin_sd_nw_minus_oracle,0.18000000000000005,0.08022222222222228,0.0692137240847531
42,raised_floor_t3,500,plugin_sd_nw_minus_fixed,-0.06999999999999995,-0.057999999999999996,-0.08537572425780315
42,raised_floor_t3,500,oracle_minus_fixed,-0.25,-0.13822222222222227,-0.15458944834255625
42,raised_floor_t3,1000,plugin_sd_nw_minus_oracle,0.09000000000000008,0.07511111111111102,0.045596611344107835
42,raised_floor_t3,1000,plugin_sd_nw_minus_fixed,-0.1299999999999999,-0.06355555555555559,-0.08737571250462481
42,raised_floor_t3,1000,oracle_minus_fixed,-0.21999999999999997,-0.1386666666666666,-0.13297232384873264
43,mm1_sojourn,100,plugin_sd_nw_minus_oracle,0.09999999999999998,0.05444444444444449,0.033763191578897345
43,mm1_sojourn,100,plugin_sd_nw_minus_fixed,0.09000000000000002,0.01933333333333337,-0.005358638708701541
43,mm1_sojourn,100,oracle_minus_fixed,-0.009999999999999953,-0.03511111111111112,-0.039121830287598885
43,mm1_sojourn,250,plugin_sd_nw_minus_oracle,0.010000000000000009,0.027111111111111114,0.012216262643812592
43,mm1_sojourn,250,plugin_sd_nw_minus_fixed,0.08000000000000002,0.03222222222222222,-0.005787265369113448
43,mm1_sojourn,250,oracle_minus_fixed,0.07,0.005111111111111108,-0.01800352801292604
43,mm1_sojourn,500,plugin_sd_nw_minus_oracle,0.04000000000000001,0.010222222222222244,0.009264840348078313
43,mm1_sojourn,500,plugin_sd_nw_minus_fixed,0.09,0.012222222222222204,-0.018108119775847545
43,mm1_sojourn,500,oracle_minus_fixed,0.04999999999999999,0.00199999999999996,-0.027372960123925857
43,mm1_sojourn,1000,plugin_sd_nw_minus_oracle,0.009999999999999953,0.0006666666666666488,0.014693208368313906
43,mm1_sojourn,1000,plugin_sd_nw_minus_fixed,0.06999999999999998,0.018666666666666665,0.00421767602509604
43,mm1_sojourn,1000,oracle_minus_fixed,0.060000000000000026,0.018000000000000016,-0.010475532343217867
43,raised_floor_gauss,100,plugin_sd_nw_minus_oracle,0.42999999999999994,0.21599999999999994,0.12119067139682285
43,raised_floor_gauss,100,plugin_sd_nw_minus_fixed,0.1399999999999999,0.04044444444444434,-0.00047427870081129253
43,raised_floor_gauss,100,oracle_minus_fixed,-0.29000000000000004,-0.1755555555555556,-0.12166495009763414
43,raised_floor_gauss,250,plugin_sd_nw_minus_oracle,0.28,0.15288888888888888,0.07878204579260395
43,raised_floor_gauss,250,plugin_sd_nw_minus_fixed,-0.050000000000000044,0.013111111111111129,-0.04206762005624698
43,raised_floor_gauss,250,oracle_minus_fixed,-0.33000000000000007,-0.13977777777777775,-0.12084966584885093
43,raised_floor_gauss,500,plugin_sd_nw_minus_oracle,0.26,0.10577777777777775,0.07440155478151367
43,raised_floor_gauss,500,plugin_sd_nw_minus_fixed,0.0,0.0004444444444444695,-0.032765548863061614
43,raised_floor_gauss,500,oracle_minus_fixed,-0.26,-0.10533333333333328,-0.10716710364457528
43,raised_floor_gauss,1000,plugin_sd_nw_minus_oracle,0.10000000000000003,0.061777777777777765,0.016745876226855513
43,raised_floor_gauss,1000,plugin_sd_nw_minus_fixed,-0.07,-0.021999999999999992,-0.0724245266231411
43,raised_floor_gauss,1000,oracle_minus_fixed,-0.17000000000000004,-0.08377777777777776,-0.08917040284999661
43,raised_floor_t3,100,plugin_sd_nw_minus_oracle,0.3,0.15844444444444442,0.09026332911633687
43,raised_floor_t3,100,plugin_sd_nw_minus_fixed,-0.09999999999999998,-0.0013333333333332975,-0.04842747068641812
43,raised_floor_t3,100,oracle_minus_fixed,-0.39999999999999997,-0.1597777777777777,-0.138690799802755
43,raised_floor_t3,250,plugin_sd_nw_minus_oracle,0.22999999999999998,0.08844444444444444,0.06673950111284983
43,raised_floor_t3,250,plugin_sd_nw_minus_fixed,0.0,-0.02155555555555555,-0.04679749727809529
43,raised_floor_t3,250,oracle_minus_fixed,-0.22999999999999998,-0.10999999999999999,-0.11353699839094512
43,raised_floor_t3,500,plugin_sd_nw_minus_oracle,0.16999999999999998,0.09444444444444447,0.05236445354697243
43,raised_floor_t3,500,plugin_sd_nw_minus_fixed,-0.12,-0.07311111111111107,-0.08051127104482103
43,raised_floor_t3,500,oracle_minus_fixed,-0.29,-0.16755555555555554,-0.13287572459179348
43,raised_floor_t3,1000,plugin_sd_nw_minus_oracle,0.09999999999999998,0.04288888888888892,0.024095856808179175
43,raised_floor_t3,1000,plugin_sd_nw_minus_fixed,-0.24,-0.11711111111111117,-0.10816975840672452
43,raised_floor_t3,1000,oracle_minus_fixed,-0.33999999999999997,-0.1600000000000001,-0.1322656152149037
44,mm1_sojourn,100,plugin_sd_nw_minus_oracle,0.07999999999999996,0.045555555555555544,0.014919117908440471
44,mm1_sojourn,100,plugin_sd_nw_minus_fixed,0.04999999999999999,0.025111111111111112,-0.019614619316672577
44,mm1_sojourn,100,oracle_minus_fixed,-0.02999999999999997,-0.020444444444444432,-0.03453373722511305
44,mm1_sojourn,250,plugin_sd_nw_minus_oracle,0.0,0.008666666666666628,0.009368825019177712
44,mm1_sojourn,250,plugin_sd_nw_minus_fixed,0.07999999999999999,0.04511111111111113,-0.009932825017056862
44,mm1_sojourn,250,oracle_minus_fixed,0.07999999999999999,0.0364444444444445,-0.019301650036234574
44,mm1_sojourn,500,plugin_sd_nw_minus_oracle,0.20999999999999996,0.06666666666666668,0.04499856188300623
44,mm1_sojourn,500,plugin_sd_nw_minus_fixed,0.16999999999999998,0.034444444444444444,0.01718381180339766
44,mm1_sojourn,500,oracle_minus_fixed,-0.03999999999999998,-0.032222222222222235,-0.02781475007960857
44,mm1_sojourn,1000,plugin_sd_nw_minus_oracle,0.16,0.04177777777777776,0.032793600883467555
44,mm1_sojourn,1000,plugin_sd_nw_minus_fixed,0.08000000000000002,0.021777777777777785,-0.006374404869767217
44,mm1_sojourn,1000,oracle_minus_fixed,-0.07999999999999999,-0.019999999999999976,-0.03916800575323477
44,raised_floor_gauss,100,plugin_sd_nw_minus_oracle,0.49000000000000005,0.20644444444444446,0.12565513128006434
44,raised_floor_gauss,100,plugin_sd_nw_minus_fixed,0.31000000000000005,0.12155555555555564,0.048747017728585224
44,raised_floor_gauss,100,oracle_minus_fixed,-0.18,-0.08488888888888882,-0.07690811355147911
44,raised_floor_gauss,250,plugin_sd_nw_minus_oracle,0.23999999999999994,0.15377777777777782,0.07588790199545437
44,raised_floor_gauss,250,plugin_sd_nw_minus_fixed,0.0,0.039777777777777856,-0.01460218368129515
44,raised_floor_gauss,250,oracle_minus_fixed,-0.23999999999999994,-0.11399999999999996,-0.09049008567674952
44,raised_floor_gauss,500,plugin_sd_nw_minus_oracle,0.24000000000000005,0.11377777777777767,0.05950289004014081
44,raised_floor_gauss,500,plugin_sd_nw_minus_fixed,-0.04999999999999993,0.013777777777777722,-0.04198751907558111
44,raised_floor_gauss,500,oracle_minus_fixed,-0.29,-0.09999999999999995,-0.10149040911572192
44,raised_floor_gauss,1000,plugin_sd_nw_minus_oracle,0.16999999999999998,0.09400000000000003,0.04620349076584464
44,raised_floor_gauss,1000,plugin_sd_nw_minus_fixed,-0.07000000000000006,-0.011333333333333334,-0.04988573491319838
44,raised_floor_gauss,1000,oracle_minus_fixed,-0.24000000000000005,-0.10533333333333336,-0.09608922567904302
44,raised_floor_t3,100,plugin_sd_nw_minus_oracle,0.47000000000000003,0.19799999999999998,0.14557062613064442
44,raised_floor_t3,100,plugin_sd_nw_minus_fixed,0.24,0.09222222222222215,0.006097635732562334
44,raised_floor_t3,100,oracle_minus_fixed,-0.23000000000000004,-0.10577777777777783,-0.1394729903980821
44,raised_floor_t3,250,plugin_sd_nw_minus_oracle,0.07999999999999996,0.05355555555555558,0.0334477484613661
44,raised_floor_t3,250,plugin_sd_nw_minus_fixed,-0.2300000000000001,-0.05711111111111106,-0.12966567125185174
44,raised_floor_t3,250,oracle_minus_fixed,-0.31000000000000005,-0.11066666666666664,-0.16311341971321786
44,raised_floor_t3,500,plugin_sd_nw_minus_oracle,0.12,0.06044444444444444,0.036547406441539435
44,raised_floor_t3,500,plugin_sd_nw_minus_fixed,-0.21999999999999997,-0.0748888888888889,-0.08886280665014054
44,raised_floor_t3,500,oracle_minus_fixed,-0.33999999999999997,-0.13533333333333333,-0.12541021309168
44,raised_floor_t3,1000,plugin_sd_nw_minus_oracle,0.10999999999999999,0.059111111111111114,0.051623482123332315
44,raised_floor_t3,1000,plugin_sd_nw_minus_fixed,-0.15000000000000002,-0.07622222222222225,-0.10196590526320429
44,raised_floor_t3,1000,oracle_minus_fixed,-0.26,-0.13533333333333336,-0.1535893873865366
45,mm1_sojourn,100,plugin_sd_nw_minus_oracle,0.14999999999999997,0.07777777777777772,0.03668254232106717
45,mm1_sojourn,100,plugin_sd_nw_minus_fixed,0.27,0.10111111111111101,0.047294059641902045
45,mm1_sojourn,100,oracle_minus_fixed,0.12000000000000002,0.02333333333333329,0.010611517320834873
45,mm1_sojourn,250,plugin_sd_nw_minus_oracle,-0.03,-0.014000000000000012,-0.005128655048293615
45,mm1_sojourn,250,plugin_sd_nw_minus_fixed,0.020000000000000018,-0.016666666666666663,-0.023203769011896927
45,mm1_sojourn,250,oracle_minus_fixed,0.05000000000000002,-0.0026666666666666505,-0.018075113963603312
45,mm1_sojourn,500,plugin_sd_nw_minus_oracle,0.12,0.03511111111111115,0.020230195865528086
45,mm1_sojourn,500,plugin_sd_nw_minus_fixed,0.12,0.02400000000000005,-0.014515936715031263
45,mm1_sojourn,500,oracle_minus_fixed,0.0,-0.0111111111111111,-0.03474613258055935
45,mm1_sojourn,1000,plugin_sd_nw_minus_oracle,0.08000000000000002,0.021333333333333315,0.01612390015782926
45,mm1_sojourn,1000,plugin_sd_nw_minus_fixed,0.04999999999999999,0.006666666666666626,-0.014438521857809097
45,mm1_sojourn,1000,oracle_minus_fixed,-0.030000000000000027,-0.014666666666666689,-0.030562422015638357
45,raised_floor_gauss,100,plugin_sd_nw_minus_oracle,0.21000000000000002,0.14844444444444446,0.07364910322371138
45,raised_floor_gauss,100,plugin_sd_nw_minus_fixed,-0.010000000000000009,0.043111111111111045,-0.02992910599746998
45,raised_floor_gauss,100,oracle_minus_fixed,-0.22000000000000003,-0.10533333333333342,-0.10357820922118136
45,raised_floor_gauss,250,plugin_sd_nw_minus_oracle,0.3,0.1691111111111111,0.09679194696220011
45,raised_floor_gauss,250,plugin_sd_nw_minus_fixed,0.0,0.05711111111111111,-0.026812764636265696
45,raised_floor_gauss,250,oracle_minus_fixed,-0.3,-0.11199999999999999,-0.12360471159846581
45,raised_floor_gauss,500,plugin_sd_nw_minus_oracle,0.2,0.0866666666666667,0.04387355331858639
45,raised_floor_gauss,500,plugin_sd_nw_minus_fixed,-0.11000000000000004,-0.03666666666666665,-0.07173186500074838
45,raised_floor_gauss,500,oracle_minus_fixed,-0.31000000000000005,-0.12333333333333335,-0.11560541831933477
45,raised_floor_gauss,1000,plugin_sd_nw_minus_oracle,0.12,0.06688888888888891,0.03964824373540539
45,raised_floor_gauss,1000,plugin_sd_nw_minus_fixed,-0.13999999999999996,-0.025999999999999995,-0.04623040143984186
45,raised_floor_gauss,1000,oracle_minus_fixed,-0.25999999999999995,-0.09288888888888891,-0.08587864517524725
45,raised_floor_t3,100,plugin_sd_nw_minus_oracle,0.3499999999999999,0.18399999999999997,0.10615726619171795
45,raised_floor_t3,100,plugin_sd_nw_minus_fixed,0.019999999999999907,0.055555555555555525,-0.027765136966808934
45,raised_floor_t3,100,oracle_minus_fixed,-0.33,-0.12844444444444444,-0.13392240315852688
45,raised_floor_t3,250,plugin_sd_nw_minus_oracle,0.21999999999999997,0.09155555555555556,0.06451558686299763
45,raised_floor_t3,250,plugin_sd_nw_minus_fixed,-0.19000000000000006,-0.09333333333333321,-0.11053738580640779
45,raised_floor_t3,250,oracle_minus_fixed,-0.41000000000000003,-0.18488888888888877,-0.17505297266940542
45,raised_floor_t3,500,plugin_sd_nw_minus_oracle,0.19999999999999996,0.09133333333333327,0.04184986608056149
45,raised_floor_t3,500,plugin_sd_nw_minus_fixed,-0.17000000000000004,-0.08666666666666673,-0.10052726955995592
45,raised_floor_t3,500,oracle_minus_fixed,-0.37,-0.178,-0.1423771356405174
45,raised_floor_t3,1000,plugin_sd_nw_minus_oracle,0.06,0.04311111111111113,0.016107651496620357
45,raised_floor_t3,1000,plugin_sd_nw_minus_fixed,-0.20000000000000007,-0.09688888888888883,-0.10375597417024657
45,raised_floor_t3,1000,oracle_minus_fixed,-0.26000000000000006,-0.13999999999999996,-0.11986362566686692
46,mm1_sojourn,100,plugin_sd_nw_minus_oracle,0.10999999999999999,0.04044444444444445,0.031812566050587174
46,mm1_sojourn,100,plugin_sd_nw_minus_fixed,0.02999999999999997,-0.019777777777777783,-0.007549356763257506
46,mm1_sojourn,100,oracle_minus_fixed,-0.08000000000000002,-0.06022222222222223,-0.03936192281384468
46,mm1_sojourn,250,plugin_sd_nw_minus_oracle,0.08000000000000002,0.014444444444444426,0.008115167043916724
46,mm1_sojourn,250,plugin_sd_nw_minus_fixed,-0.03999999999999998,-0.04600000000000004,-0.05650764386709091
46,mm1_sojourn,250,oracle_minus_fixed,-0.12,-0.06044444444444447,-0.06462281091100763
46,mm1_sojourn,500,plugin_sd_nw_minus_oracle,0.19,0.03955555555555555,0.031001655086133437
46,mm1_sojourn,500,plugin_sd_nw_minus_fixed,0.14,0.03044444444444444,0.011605280659235953
46,mm1_sojourn,500,oracle_minus_fixed,-0.04999999999999999,-0.009111111111111111,-0.019396374426897484
46,mm1_sojourn,1000,plugin_sd_nw_minus_oracle,0.0,0.014444444444444426,0.006581289458295836
46,mm1_sojourn,1000,plugin_sd_nw_minus_fixed,0.03,0.003333333333333327,-0.02536176684216762
46,mm1_sojourn,1000,oracle_minus_fixed,0.03,-0.0111111111111111,-0.03194305630046346
46,raised_floor_gauss,100,plugin_sd_nw_minus_oracle,0.33,0.20333333333333334,0.1049559141661394
46,raised_floor_gauss,100,plugin_sd_nw_minus_fixed,0.08999999999999997,0.08400000000000002,0.00441913002949082
46,raised_floor_gauss,100,oracle_minus_fixed,-0.24000000000000005,-0.11933333333333332,-0.10053678413664859
46,raised_floor_gauss,250,plugin_sd_nw_minus_oracle,0.24000000000000005,0.12422222222222218,0.07182175817270402
46,raised_floor_gauss,250,plugin_sd_nw_minus_fixed,-0.05999999999999994,0.012888888888888839,-0.03477749460104343
46,raised_floor_gauss,250,oracle_minus_fixed,-0.3,-0.11133333333333334,-0.10659925277374745
46,raised_floor_gauss,500,plugin_sd_nw_minus_oracle,0.28,0.1302222222222223,0.07382448836270729
46,raised_floor_gauss,500,plugin_sd_nw_minus_fixed,0.06000000000000005,0.01844444444444454,-0.02702896627146502
46,raised_floor_gauss,500,oracle_minus_fixed,-0.21999999999999997,-0.11177777777777775,-0.10085345463417231
46,raised_floor_gauss,1000,plugin_sd_nw_minus_oracle,0.23999999999999996,0.08666666666666667,0.06437988390317521
46,raised_floor_gauss,1000,plugin_sd_nw_minus_fixed,0.0,-0.01777777777777781,-0.03637991028007374
46,raised_floor_gauss,1000,oracle_minus_fixed,-0.23999999999999996,-0.10444444444444448,-0.10075979418324896
46,raised_floor_t3,100,plugin_sd_nw_minus_oracle,0.43000000000000005,0.1697777777777778,0.08960756411141589
46,raised_floor_t3,100,plugin_sd_nw_minus_fixed,0.12,0.027111111111111086,-0.0006743441111129456
46,raised_floor_t3,100,oracle_minus_fixed,-0.31000000000000005,-0.14266666666666672,-0.09028190822252884
46,raised_floor_t3,250,plugin_sd_nw_minus_oracle,0.18,0.1057777777777778,0.07930943979749627
46,raised_floor_t3,250,plugin_sd_nw_minus_fixed,-0.09999999999999998,-0.055333333333333345,-0.06335269469570395
46,raised_floor_t3,250,oracle_minus_fixed,-0.27999999999999997,-0.16111111111111115,-0.14266213449320023
46,raised_floor_t3,500,plugin_sd_nw_minus_oracle,0.2,0.05066666666666664,0.06440079313829206
46,raised_floor_t3,500,plugin_sd_nw_minus_fixed,-0.06999999999999995,-0.0935555555555555,-0.0813033716612617
46,raised_floor_t3,500,oracle_minus_fixed,-0.26999999999999996,-0.14422222222222214,-0.14570416479955375
46,raised_floor_t3,1000,plugin_sd_nw_minus_oracle,0.13,0.059555555555555556,0.03768418412147097
46,raised_floor_t3,1000,plugin_sd_nw_minus_fixed,-0.13,-0.08311111111111108,-0.08798486327592038
46,raised_floor_t3,1000,oracle_minus_fixed,-0.26,-0.14266666666666664,-0.12566904739739135
47,mm1_sojourn,100,plugin_sd_nw_minus_oracle,0.07999999999999999,0.011555555555555541,0.029025522647066482
47,mm1_sojourn,100,plugin_sd_nw_minus_fixed,-0.13,-0.03866666666666671,-0.06156916366019635
47,mm1_sojourn,100,oracle_minus_fixed,-0.21,-0.05022222222222225,-0.09059468630726283
47,mm1_sojourn,250,plugin_sd_nw_minus_oracle,-0.019999999999999962,0.012444444444444452,0.020043521801898986
47,mm1_sojourn,250,plugin_sd_nw_minus_fixed,0.010000000000000009,0.023333333333333317,-0.0028224449327562545
47,mm1_sojourn,250,oracle_minus_fixed,0.02999999999999997,0.010888888888888865,-0.02286596673465524
47,mm1_sojourn,500,plugin_sd_nw_minus_oracle,0.06999999999999998,0.030444444444444482,0.018434653143706903
47,mm1_sojourn,500,plugin_sd_nw_minus_fixed,0.04999999999999999,0.011777777777777748,-0.008197499998164118
47,mm1_sojourn,500,oracle_minus_fixed,-0.01999999999999999,-0.018666666666666734,-0.02663215314187102
47,mm1_sojourn,1000,plugin_sd_nw_minus_oracle,0.030000000000000027,0.01999999999999999,0.015048568326369804
47,mm1_sojourn,1000,plugin_sd_nw_minus_fixed,0.09000000000000002,0.047555555555555545,-0.012564473339110177
47,mm1_sojourn,1000,oracle_minus_fixed,0.06,0.027555555555555555,-0.02761304166547998
47,raised_floor_gauss,100,plugin_sd_nw_minus_oracle,0.39999999999999997,0.1986666666666666,0.12678123414532444
47,raised_floor_gauss,100,plugin_sd_nw_minus_fixed,0.12,0.05666666666666659,-0.00402761298858012
47,raised_floor_gauss,100,oracle_minus_fixed,-0.27999999999999997,-0.14200000000000002,-0.13080884713390456
47,raised_floor_gauss,250,plugin_sd_nw_minus_oracle,0.36,0.172888888888889,0.10963413026592105
47,raised_floor_gauss,250,plugin_sd_nw_minus_fixed,0.040000000000000036,0.03622222222222227,-0.012608948103829232
47,raised_floor_gauss,250,oracle_minus_fixed,-0.31999999999999995,-0.13666666666666674,-0.12224307836975028
47,raised_floor_gauss,500,plugin_sd_nw_minus_oracle,0.26999999999999996,0.11088888888888887,0.07561546142295145
47,raised_floor_gauss,500,plugin_sd_nw_minus_fixed,0.039999999999999925,0.025111111111111056,-0.023497874270528102
47,raised_floor_gauss,500,oracle_minus_fixed,-0.23000000000000004,-0.08577777777777781,-0.09911333569347955
47,raised_floor_gauss,1000,plugin_sd_nw_minus_oracle,0.13,0.07688888888888884,0.03487650925766679
47,raised_floor_gauss,1000,plugin_sd_nw_minus_fixed,-0.07000000000000006,-0.01733333333333334,-0.05939760662460947
47,raised_floor_gauss,1000,oracle_minus_fixed,-0.20000000000000007,-0.09422222222222218,-0.09427411588227626
47,raised_floor_t3,100,plugin_sd_nw_minus_oracle,0.44,0.1942222222222222,0.11192259576230948
47,raised_floor_t3,100,plugin_sd_nw_minus_fixed,0.07999999999999996,0.055999999999999994,-0.021922147891882765
47,raised_floor_t3,100,oracle_minus_fixed,-0.36000000000000004,-0.13822222222222222,-0.13384474365419224
47,raised_floor_t3,250,plugin_sd_nw_minus_oracle,0.15999999999999998,0.09511111111111106,0.05414353664864069
47,raised_floor_t3,250,plugin_sd_nw_minus_fixed,-0.14,-0.061777777777777765,-0.08450569070919539
47,raised_floor_t3,250,oracle_minus_fixed,-0.3,-0.15688888888888883,-0.13864922735783608
47,raised_floor_t3,500,plugin_sd_nw_minus_oracle,0.14999999999999997,0.09311111111111114,0.043286280027854424
47,raised_floor_t3,500,plugin_sd_nw_minus_fixed,-0.17000000000000004,-0.06555555555555553,-0.09597760633766714
47,raised_floor_t3,500,oracle_minus_fixed,-0.32,-0.15866666666666668,-0.13926388636552156
47,raised_floor_t3,1000,plugin_sd_nw_minus_oracle,0.16000000000000003,0.049555555555555575,0.05120247552278945
47,raised_floor_t3,1000,plugin_sd_nw_minus_fixed,-0.16999999999999993,-0.1008888888888888,-0.10072417630894379
47,raised_floor_t3,1000,oracle_minus_fixed,-0.32999999999999996,-0.15044444444444438,-0.15192665183173323
48,mm1_sojourn,100,plugin_sd_nw_minus_oracle,0.07,0.0033333333333332993,0.015212458326805012
48,mm1_sojourn,100,plugin_sd_nw_minus_fixed,-0.02999999999999997,-0.029555555555555557,-0.0023484782461868636
48,mm1_sojourn,100,oracle_minus_fixed,-0.09999999999999998,-0.032888888888888856,-0.017560936572991875
48,mm1_sojourn,250,plugin_sd_nw_minus_oracle,0.030000000000000027,0.008666666666666684,0.04251002169810639
48,mm1_sojourn,250,plugin_sd_nw_minus_fixed,0.08000000000000002,0.011555555555555569,0.015872619634112017
48,mm1_sojourn,250,oracle_minus_fixed,0.04999999999999999,0.0028888888888888853,-0.02663740206399437
48,mm1_sojourn,500,plugin_sd_nw_minus_oracle,0.09000000000000002,0.03333333333333337,0.008529662062464693
48,mm1_sojourn,500,plugin_sd_nw_minus_fixed,0.05000000000000002,0.013111111111111129,-0.017158755179631502
48,mm1_sojourn,500,oracle_minus_fixed,-0.04000000000000001,-0.02022222222222224,-0.025688417242096195
48,mm1_sojourn,1000,plugin_sd_nw_minus_oracle,0.23,0.04066666666666663,0.03097333101640469
48,mm1_sojourn,1000,plugin_sd_nw_minus_fixed,0.27,0.053999999999999965,0.013638755380991907
48,mm1_sojourn,1000,oracle_minus_fixed,0.04000000000000001,0.013333333333333336,-0.017334575635412783
48,raised_floor_gauss,100,plugin_sd_nw_minus_oracle,0.53,0.22644444444444448,0.1629748189510472
48,raised_floor_gauss,100,plugin_sd_nw_minus_fixed,0.17000000000000004,0.0977777777777778,0.010145559598814774
48,raised_floor_gauss,100,oracle_minus_fixed,-0.36,-0.12866666666666668,-0.15282925935223243
48,raised_floor_gauss,250,plugin_sd_nw_minus_oracle,0.19999999999999996,0.12555555555555553,0.06217661655891325
48,raised_floor_gauss,250,plugin_sd_nw_minus_fixed,-0.050000000000000044,0.006888888888888889,-0.04888492503477078
48,raised_floor_gauss,250,oracle_minus_fixed,-0.25,-0.11866666666666666,-0.11106154159368403
48,raised_floor_gauss,500,plugin_sd_nw_minus_oracle,0.15000000000000002,0.10311111111111107,0.049181630248806854
48,raised_floor_gauss,500,plugin_sd_nw_minus_fixed,-0.09000000000000002,-0.010000000000000064,-0.04469664574782188
48,raised_floor_gauss,500,oracle_minus_fixed,-0.24000000000000005,-0.11311111111111113,-0.09387827599662874
48,raised_floor_gauss,1000,plugin_sd_nw_minus_oracle,0.13999999999999996,0.0759999999999999,0.03556483335923999
48,raised_floor_gauss,1000,plugin_sd_nw_minus_fixed,-0.08000000000000002,-0.01177777777777786,-0.05011668578993296
48,raised_floor_gauss,1000,oracle_minus_fixed,-0.21999999999999997,-0.08777777777777776,-0.08568151914917295
48,raised_floor_t3,100,plugin_sd_nw_minus_oracle,0.45999999999999996,0.21866666666666673,0.12489813322831023
48,raised_floor_t3,100,plugin_sd_nw_minus_fixed,0.22999999999999998,0.06888888888888894,0.035112724136445006
48,raised_floor_t3,100,oracle_minus_fixed,-0.22999999999999998,-0.1497777777777778,-0.08978540909186522
48,raised_floor_t3,250,plugin_sd_nw_minus_oracle,0.07,0.06688888888888886,0.030807946648072237
48,raised_floor_t3,250,plugin_sd_nw_minus_fixed,-0.14,-0.06000000000000005,-0.09340696710217869
48,raised_floor_t3,250,oracle_minus_fixed,-0.21000000000000002,-0.1268888888888889,-0.12421491375025093
48,raised_floor_t3,500,plugin_sd_nw_minus_oracle,0.17999999999999994,0.08333333333333329,0.05081937125140218
48,raised_floor_t3,500,plugin_sd_nw_minus_fixed,-0.1100000000000001,-0.04488888888888892,-0.06908142306861059
48,raised_floor_t3,500,oracle_minus_fixed,-0.29000000000000004,-0.1282222222222222,-0.11990079432001277
48,raised_floor_t3,1000,plugin_sd_nw_minus_oracle,0.13,0.060888888888888854,0.03104629960194516
48,raised_floor_t3,1000,plugin_sd_nw_minus_fixed,-0.17000000000000004,-0.10133333333333336,-0.09549827510037981
48,raised_floor_t3,1000,oracle_minus_fixed,-0.30000000000000004,-0.1622222222222222,-0.12654457470232497
49,mm1_sojourn,100,plugin_sd_nw_minus_oracle,0.1,0.032888888888888884,-0.0003607504741117845
49,mm1_sojourn,100,plugin_sd_nw_minus_fixed,-0.04999999999999999,-0.011777777777777748,-0.03502694307480175
49,mm1_sojourn,100,oracle_minus_fixed,-0.15,-0.04466666666666663,-0.03466619260068997
49,mm1_sojourn,250,plugin_sd_nw_minus_oracle,0.04999999999999999,0.028888888888888853,0.007280880230294787
49,mm1_sojourn,250,plugin_sd_nw_minus_fixed,-0.06,-0.028666666666666674,-0.029256179140364297
49,mm1_sojourn,250,oracle_minus_fixed,-0.10999999999999999,-0.057555555555555526,-0.036537059370659083
49,mm1_sojourn,500,plugin_sd_nw_minus_oracle,0.15,0.03622222222222221,0.02169739115699025
49,mm1_sojourn,500,plugin_sd_nw_minus_fixed,0.12999999999999998,0.03822222222222221,-0.0014010195003186093
49,mm1_sojourn,500,oracle_minus_fixed,-0.020000000000000018,0.0020000000000000018,-0.02309841065730886
49,mm1_sojourn,1000,plugin_sd_nw_minus_oracle,0.12,0.03688888888888889,0.0316998010637741
49,mm1_sojourn,1000,plugin_sd_nw_minus_fixed,0.13,0.027999999999999997,-0.010567883065349698
49,mm1_sojourn,1000,oracle_minus_fixed,0.010000000000000009,-0.00888888888888889,-0.042267684129123795
49,raised_floor_gauss,100,plugin_sd_nw_minus_oracle,0.3499999999999999,0.17488888888888887,0.10009026771206843
49,raised_floor_gauss,100,plugin_sd_nw_minus_fixed,0.15999999999999992,0.064,0.000853618774693532
49,raised_floor_gauss,100,oracle_minus_fixed,-0.19,-0.11088888888888887,-0.0992366489373749
49,raised_floor_gauss,250,plugin_sd_nw_minus_oracle,0.31999999999999995,0.17111111111111113,0.07370604896812909
49,raised_floor_gauss,250,plugin_sd_nw_minus_fixed,0.010000000000000009,0.029777777777777792,-0.03590650325695288
49,raised_floor_gauss,250,oracle_minus_fixed,-0.30999999999999994,-0.14133333333333334,-0.10961255222508197
49,raised_floor_gauss,500,plugin_sd_nw_minus_oracle,0.2,0.12799999999999997,0.06814960834193812
49,raised_floor_gauss,500,plugin_sd_nw_minus_fixed,0.0,0.020444444444444376,-0.037865314750971685
49,raised_floor_gauss,500,oracle_minus_fixed,-0.2,-0.1075555555555556,-0.1060149230929098
49,raised_floor_gauss,1000,plugin_sd_nw_minus_oracle,0.18,0.07222222222222222,0.03924957169025349
49,raised_floor_gauss,1000,plugin_sd_nw_minus_fixed,-0.09000000000000002,-0.03466666666666662,-0.06705769662407564
49,raised_floor_gauss,1000,oracle_minus_fixed,-0.27,-0.10688888888888884,-0.10630726831432913
49,raised_floor_t3,100,plugin_sd_nw_minus_oracle,0.42000000000000004,0.15666666666666676,0.09753697383634136
49,raised_floor_t3,100,plugin_sd_nw_minus_fixed,0.10999999999999999,0.024888888888889016,-0.025591366116136355
49,raised_floor_t3,100,oracle_minus_fixed,-0.31000000000000005,-0.13177777777777774,-0.12312833995247771
49,raised_floor_t3,250,plugin_sd_nw_minus_oracle,0.19999999999999996,0.10111111111111112,0.055115074899000166
49,raised_floor_t3,250,plugin_sd_nw_minus_fixed,-0.16000000000000003,-0.05377777777777781,-0.08517936419440689
49,raised_floor_t3,250,oracle_minus_fixed,-0.36,-0.15488888888888894,-0.14029443909340705
49,raised_floor_t3,500,plugin_sd_nw_minus_oracle,0.23000000000000004,0.08955555555555553,0.06621914967917794
49,raised_floor_t3,500,plugin_sd_nw_minus_fixed,-0.07999999999999996,-0.0397777777777778,-0.07850897953475883
49,raised_floor_t3,500,oracle_minus_fixed,-0.31,-0.12933333333333333,-0.14472812921393677
49,raised_floor_t3,1000,plugin_sd_nw_minus_oracle,0.08000000000000002,0.05533333333333337,0.04048987985696628
49,raised_floor_t3,1000,plugin_sd_nw_minus_fixed,-0.17000000000000004,-0.08822222222222217,-0.09957759358874631
49,raised_floor_t3,1000,oracle_minus_fixed,-0.25000000000000006,-0.14355555555555555,-0.14006747344571258
