macrorep,simulator,budget,comparison,delta_coverage,delta_coverage_interval,delta_width,delta_interval_score,delta_mean_group_coverage_gap,delta_worst_group_coverage_gap
0,mm1_sojourn,100,plugin_sd_nw_minus_oracle,0.010000000000000009,0.015000000000000013,0.6486241984782595,0.3050841238214925,0.0119999999999999,0.06000000000000011
0,mm1_sojourn,100,plugin_sd_nw_minus_fixed,-0.01100000000000001,0.01200000000000001,-1.2116564333098996,1.3974468121104522,0.0010000000000000009,0.040000000000000105
0,mm1_sojourn,100,oracle_minus_fixed,-0.02100000000000002,-0.0030000000000000027,-1.860280631788159,1.0923626882889597,-0.010999999999999899,-0.020000000000000004
0,mm1_sojourn,250,plugin_sd_nw_minus_oracle,0.0,0.0,-0.3253099898394902,-0.11789976428626048,0.0,-0.010000000000000002
0,mm1_sojourn,250,plugin_sd_nw_minus_fixed,0.017000000000000015,0.06900000000000006,-0.627472580292479,0.5498157899339571,-0.012999999999999998,-0.019999999999999997
0,mm1_sojourn,250,oracle_minus_fixed,0.017000000000000015,0.06900000000000006,-0.30216259045298877,0.6677155542202176,-0.012999999999999998,-0.009999999999999995
0,mm1_sojourn,500,plugin_sd_nw_minus_oracle,0.0020000000000000018,-0.0030000000000000027,-0.18888959917867965,0.172785397874609,0.004,0.019999999999999997
0,mm1_sojourn,500,plugin_sd_nw_minus_fixed,-0.02300000000000002,0.026000000000000023,-0.9864726139776447,1.828554888915793,-0.012999999999999897,-0.009999999999999898
0,mm1_sojourn,500,oracle_minus_fixed,-0.025000000000000022,0.029000000000000026,-0.7975830147989651,1.655769491041184,-0.016999999999999897,-0.029999999999999895
0,mm1_sojourn,1000,plugin_sd_nw_minus_oracle,0.0010000000000000009,0.0020000000000000018,-0.17030743780983482,0.1802528252653346,0.0009999999999999974,0.0
0,mm1_sojourn,1000,plugin_sd_nw_minus_fixed,-0.029000000000000026,0.0040000000000000036,-1.64536552867495,2.1740590756891667,-0.006999999999999902,1.0408340855860843e-16
0,mm1_sojourn,1000,oracle_minus_fixed,-0.030000000000000027,0.0020000000000000018,-1.4750580908651152,1.993806250423832,-0.0079999999999999,1.0408340855860843e-16
0,raised_floor_gauss,100,plugin_sd_nw_minus_oracle,-0.020000000000000018,-0.02100000000000002,-0.18040305487517516,0.6152389718746396,0.076,0.1200000000000001
0,raised_floor_gauss,100,plugin_sd_nw_minus_fixed,-0.0020000000000000018,-0.0050000000000000044,-0.1469777581103089,0.14544060476309095,0.025999999999999898,0.020000000000000018
0,raised_floor_gauss,100,oracle_minus_fixed,0.018000000000000016,0.016000000000000014,0.033425296764866275,-0.46979836711154865,-0.0500000000000001,-0.10000000000000009
0,raised_floor_gauss,250,plugin_sd_nw_minus_oracle,-0.0030000000000000027,-0.0030000000000000027,-0.1538367705867354,0.3744326460450962,0.063,0.1100000000000001
0,raised_floor_gauss,250,plugin_sd_nw_minus_fixed,-0.007000000000000006,-0.008000000000000007,-0.08635745607349365,0.23146028660460516,0.024999999999999994,0.06
0,raised_floor_gauss,250,oracle_minus_fixed,-0.0040000000000000036,-0.0050000000000000044,0.06747931451324174,-0.14297235944049103,-0.038,-0.0500000000000001
0,raised_floor_gauss,500,plugin_sd_nw_minus_oracle,0.009000000000000008,0.008000000000000007,-0.157853657563523,0.22824794527936687,0.039,0.029999999999999888
0,raised_floor_gauss,500,plugin_sd_nw_minus_fixed,0.008000000000000007,0.007000000000000006,-0.11302875325668582,0.01871723391897362,0.0199999999999999,0.0
0,raised_floor_gauss,500,oracle_minus_fixed,-0.0010000000000000009,-0.0010000000000000009,0.044824904306837166,-0.20953071136039325,-0.0190000000000001,-0.029999999999999888
0,raised_floor_gauss,1000,plugin_sd_nw_minus_oracle,-0.0040000000000000036,0.0,-0.12141054954562769,0.20959266015054467,0.0479999999999999,0.07000000000000009
0,raised_floor_gauss,1000,plugin_sd_nw_minus_fixed,0.0050000000000000044,0.0050000000000000044,-0.062178405808756665,0.09804429734466913,0.0289999999999999,0.0500000000000001
0,raised_floor_gauss,1000,oracle_minus_fixed,0.009000000000000008,0.0050000000000000044,0.059232143736871024,-0.11154836280587554,-0.018999999999999996,-0.01999999999999999
0,raised_floor_t3,100,plugin_sd_nw_minus_oracle,-0.0040000000000000036,0.0050000000000000044,-0.03439218451580284,0.2890454012987851,0.025999999999999905,0.04000000000000009
0,raised_floor_t3,100,plugin_sd_nw_minus_fixed,0.008000000000000007,0.0010000000000000009,-0.6146293030573404,-0.08813131104549843,-0.013999999999999999,-0.14
0,raised_floor_t3,100,oracle_minus_fixed,0.01200000000000001,-0.0040000000000000036,-0.5802371185415376,-0.3771767123442835,-0.039999999999999904,-0.1800000000000001
0,raised_floor_t3,250,plugin_sd_nw_minus_oracle,0.0,0.0020000000000000018,-0.1432376868483074,0.2564123284540103,0.021999999999999895,0.060000000000000095
0,raised_floor_t3,250,plugin_sd_nw_minus_fixed,-0.010000000000000009,-0.007000000000000006,-0.402576427297465,0.013646908326896412,0.023999999999999896,0.0500000000000001
0,raised_floor_t3,250,oracle_minus_fixed,-0.010000000000000009,-0.009000000000000008,-0.2593387404491576,-0.24276542012711388,0.0020000000000000018,-0.009999999999999995
0,raised_floor_t3,500,plugin_sd_nw_minus_oracle,-0.0020000000000000018,0.0010000000000000009,-0.08771826874427524,0.2069595728642124,0.013999999999999999,0.050000000000000114
0,raised_floor_t3,500,plugin_sd_nw_minus_fixed,0.0020000000000000018,0.0,-0.12570807807669548,0.010327070843961117,0.0,0.03000000000000011
0,raised_floor_t3,500,oracle_minus_fixed,0.0040000000000000036,-0.0010000000000000009,-0.037989809332420243,-0.1966325020202513,-0.013999999999999999,-0.020000000000000004
0,raised_floor_t3,1000,plugin_sd_nw_minus_oracle,-0.006000000000000005,-0.008000000000000007,-0.0877346803158292,0.17490169871640715,0.024000000000000007,0.11
0,raised_floor_t3,1000,plugin_sd_nw_minus_fixed,-0.015000000000000013,-0.01100000000000001,-0.22630580451194549,-0.0035120469246407993,0.015000000000000006,0.09000000000000011
0,raised_floor_t3,1000,oracle_minus_fixed,-0.009000000000000008,-0.0030000000000000027,-0.13857112419611628,-0.17841374564104795,-0.009000000000000001,-0.019999999999999893
1,mm1_sojourn,100,plugin_sd_nw_minus_oracle,0.006000000000000005,0.0030000000000000027,0.12517884894812248,0.21147224205550152,0.005999999999999998,0.029999999999999902
1,mm1_sojourn,100,plugin_sd_nw_minus_fixed,-0.006000000000000005,0.05400000000000005,-1.4553461095493985,0.21401048947273082,-0.017999999999999905,-0.01999999999999999
1,mm1_sojourn,100,oracle_minus_fixed,-0.01200000000000001,0.051000000000000045,-1.580524958497521,0.0025382474172293,-0.023999999999999903,-0.04999999999999989
1,mm1_sojourn,250,plugin_sd_nw_minus_oracle,0.0040000000000000036,0.0,-0.337973268655797,0.3983456400788352,0.004,0.04999999999999989
1,mm1_sojourn,250,plugin_sd_nw_minus_fixed,0.017000000000000015,0.05700000000000005,-0.13225040947400668,1.8209918609315174,0.0029999999999998986,0.0399999999999999
1,mm1_sojourn,250,oracle_minus_fixed,0.013000000000000012,0.05700000000000005,0.20572285918179034,1.4226462208526822,-0.0010000000000001015,-0.009999999999999995
1,mm1_sojourn,500,plugin_sd_nw_minus_oracle,0.0010000000000000009,-0.0030000000000000027,-0.4085461198536606,0.07914047035803229,0.0030000000000001,0.0
1,mm1_sojourn,500,plugin_sd_nw_minus_fixed,0.017000000000000015,0.05500000000000005,-1.7080467644518453,1.303290384082672,-0.011000000000000003,-0.0200000000000001
1,mm1_sojourn,500,oracle_minus_fixed,0.016000000000000014,0.05800000000000005,-1.2995006445981847,1.2241499137246397,-0.014000000000000103,-0.0200000000000001
1,mm1_sojourn,1000,plugin_sd_nw_minus_oracle,0.0,-0.0010000000000000009,-0.2731969747501637,0.033713365284553376,-0.004,0.0
1,mm1_sojourn,1000,plugin_sd_nw_minus_fixed,-0.014000000000000012,0.03300000000000003,-0.9270604626621477,1.6664734093484945,-0.0019999999999999983,1.0408340855860843e-16
1,mm1_sojourn,1000,oracle_minus_fixed,-0.014000000000000012,0.03400000000000003,-0.653863487911984,1.6327600440639412,0.0020000000000000018,1.0408340855860843e-16
1,raised_floor_gauss,100,plugin_sd_nw_minus_oracle,-0.008000000000000007,-0.009000000000000008,-0.0578138939856534,0.4128132597347123,0.036000000000000004,0.12000000000000009
1,raised_floor_gauss,100,plugin_sd_nw_minus_fixed,0.01100000000000001,0.01200000000000001,-0.20831474322551058,-0.09810054971684146,0.004999999999999907,0.03999999999999998
1,raised_floor_gauss,100,oracle_minus_fixed,0.019000000000000017,0.02100000000000002,-0.15050084923985718,-0.5109138094515537,-0.031000000000000097,-0.08000000000000011
1,raised_floor_gauss,250,plugin_sd_nw_minus_oracle,-0.006000000000000005,-0.0040000000000000036,-0.24676829321964355,0.38375158783117813,0.06,0.1699999999999999
1,raised_floor_gauss,250,plugin_sd_nw_minus_fixed,-0.015000000000000013,-0.015000000000000013,-0.2871348569320382,0.2433172375675685,0.033,0.12
1,raised_floor_gauss,250,oracle_minus_fixed,-0.009000000000000008,-0.01100000000000001,-0.040366563712394665,-0.14043435026360962,-0.026999999999999996,-0.049999999999999906
1,raised_floor_gauss,500,plugin_sd_nw_minus_oracle,0.0,0.0,-0.18774748103700567,0.30998824765848765,0.038,0.06999999999999999
1,raised_floor_gauss,500,plugin_sd_nw_minus_fixed,0.0030000000000000027,0.0020000000000000018,-0.16410720884785457,0.05829933875497151,0.012999999999999998,0.0500000000000001
1,raised_floor_gauss,500,oracle_minus_fixed,0.0030000000000000027,0.0020000000000000018,0.0236402721891511,-0.25168890890351614,-0.025,-0.019999999999999893
1,raised_floor_gauss,1000,plugin_sd_nw_minus_oracle,-0.01100000000000001,-0.01100000000000001,-0.22784177203398137,0.17795184117232532,0.037,0.07000000000000009
1,raised_floor_gauss,1000,plugin_sd_nw_minus_fixed,0.0020000000000000018,0.0020000000000000018,-0.13648537785192882,0.060713747534694384,0.0120000000000001,0.04000000000000009
1,raised_floor_gauss,1000,oracle_minus_fixed,0.013000000000000012,0.013000000000000012,0.09135639418205255,-0.11723809363763094,-0.024999999999999897,-0.03
1,raised_floor_t3,100,plugin_sd_nw_minus_oracle,0.009000000000000008,0.01200000000000001,-0.004954440421740092,0.26541320911280897,0.029000000000000005,0.03
1,raised_floor_t3,100,plugin_sd_nw_minus_fixed,0.01100000000000001,-0.0010000000000000009,-1.01726887100924,-0.6645299784716023,0.009000000000000001,-0.0200000000000001
1,raised_floor_t3,100,oracle_minus_fixed,0.0020000000000000018,-0.013000000000000012,-1.0123144305874998,-0.9299431875844113,-0.020000000000000004,-0.0500000000000001
1,raised_floor_t3,250,plugin_sd_nw_minus_oracle,0.01100000000000001,0.01200000000000001,0.03517802371363654,0.21851083832429197,0.0269999999999999,0.010000000000000092
1,raised_floor_t3,250,plugin_sd_nw_minus_fixed,0.009000000000000008,0.0030000000000000027,-0.3704189571243748,-0.2544774832775518,0.008999999999999994,-0.020000000000000018
1,raised_floor_t3,250,oracle_minus_fixed,-0.0020000000000000018,-0.009000000000000008,-0.4055969808380113,-0.4729883216018438,-0.017999999999999905,-0.03000000000000011
1,raised_floor_t3,500,plugin_sd_nw_minus_oracle,0.01200000000000001,0.014000000000000012,0.05713998389557817,0.1552305944703205,0.027999999999999997,0.020000000000000004
1,raised_floor_t3,500,plugin_sd_nw_minus_fixed,0.015000000000000013,0.014000000000000012,-0.10838924780192061,-0.11404535958854822,-0.0050000000000000044,-0.0800000000000001
1,raised_floor_t3,500,oracle_minus_fixed,0.0030000000000000027,0.0,-0.16552923169749878,-0.2692759540588687,-0.033,-0.1000000000000001
1,raised_floor_t3,1000,plugin_sd_nw_minus_oracle,0.0040000000000000036,0.0020000000000000018,-0.07324661716797376,0.15131704581312722,0.009999999999999898,0.03
1,raised_floor_t3,1000,plugin_sd_nw_minus_fixed,-0.01100000000000001,-0.008000000000000007,-0.2799854843251228,-0.005857692286531879,-0.005000000000000102,0.010000000000000009
1,raised_floor_t3,1000,oracle_minus_fixed,-0.015000000000000013,-0.010000000000000009,-0.20673886715714906,-0.1571747380996591,-0.015,-0.01999999999999999
2,mm1_sojourn,100,plugin_sd_nw_minus_oracle,-0.0010000000000000009,0.008000000000000007,0.4696302252585012,0.8216530638830175,0.015000000000000097,0.1100000000000001
2,mm1_sojourn,100,plugin_sd_nw_minus_fixed,-0.007000000000000006,0.03700000000000003,-1.2135442839810615,0.6819364369811733,0.009000000000000098,0.1100000000000001
2,mm1_sojourn,100,oracle_minus_fixed,-0.006000000000000005,0.029000000000000026,-1.6831745092395627,-0.13971662690184417,-0.005999999999999998,0.0
2,mm1_sojourn,250,plugin_sd_nw_minus_oracle,0.0020000000000000018,0.0020000000000000018,-0.2514607380814766,0.2567589407043247,0.0,0.04
2,mm1_sojourn,250,plugin_sd_nw_minus_fixed,0.0020000000000000018,0.05300000000000005,0.4342880376367555,2.0130879302222997,0.0020000000000000018,-0.009999999999999898
2,mm1_sojourn,250,oracle_minus_fixed,0.0,0.051000000000000045,0.6857487757182321,1.756328989517975,0.0020000000000000018,-0.0499999999999999
2,mm1_sojourn,500,plugin_sd_nw_minus_oracle,-0.0010000000000000009,0.0,-0.08113873871896615,0.14706422607210712,0.0049999999999999975,0.020000000000000004
2,mm1_sojourn,500,plugin_sd_nw_minus_fixed,-0.013000000000000012,0.027000000000000024,-0.7089980264252338,1.8898428074474243,-0.006999999999999999,-0.019999999999999893
2,mm1_sojourn,500,oracle_minus_fixed,-0.01200000000000001,0.027000000000000024,-0.6278592877062676,1.7427785813753172,-0.011999999999999997,-0.0399999999999999
2,mm1_sojourn,1000,plugin_sd_nw_minus_oracle,-0.0030000000000000027,-0.0040000000000000036,-0.24876349461378755,0.37575889505846227,0.0049999999999999975,0.0
2,mm1_sojourn,1000,plugin_sd_nw_minus_fixed,-0.019000000000000017,0.039000000000000035,-1.0513551867064335,2.5765158245165054,0.015000000000000097,0.0399999999999999
2,mm1_sojourn,1000,oracle_minus_fixed,-0.016000000000000014,0.04300000000000004,-0.8025916920926459,2.200756929458043,0.010000000000000099,0.0399999999999999
2,raised_floor_gauss,100,plugin_sd_nw_minus_oracle,-0.0010000000000000009,0.0030000000000000027,-0.15752600989705057,0.4324910763884988,0.04699999999999999,0.10999999999999999
2,raised_floor_gauss,100,plugin_sd_nw_minus_fixed,0.014000000000000012,0.013000000000000012,-0.2414320137013486,0.1861637801566789,0.0059999999999999915,-0.08000000000000002
2,raised_floor_gauss,100,oracle_minus_fixed,0.015000000000000013,0.010000000000000009,-0.08390600380429802,-0.24632729623181993,-0.041,-0.19
2,raised_floor_gauss,250,plugin_sd_nw_minus_oracle,0.0050000000000000044,0.0050000000000000044,-0.12251853722045292,0.451820466741927,0.0550000000000001,0.09000000000000011
2,raised_floor_gauss,250,plugin_sd_nw_minus_fixed,0.0050000000000000044,0.0030000000000000027,-0.08092475354488737,0.20281294767945024,0.015,0.0
2,raised_floor_gauss,250,oracle_minus_fixed,0.0,-0.0020000000000000018,0.04159378367556554,-0.24900751906247676,-0.0400000000000001,-0.09000000000000011
2,raised_floor_gauss,500,plugin_sd_nw_minus_oracle,-0.017000000000000015,-0.018000000000000016,-0.17660618479775225,0.45399438116854407,0.055,0.14
2,raised_floor_gauss,500,plugin_sd_nw_minus_fixed,-0.031000000000000028,-0.028000000000000025,-0.26509715611662577,0.29207887706408897,0.051000000000000004,0.1099999999999999
2,raised_floor_gauss,500,oracle_minus_fixed,-0.014000000000000012,-0.010000000000000009,-0.08849097131887351,-0.1619155041044551,-0.003999999999999997,-0.030000000000000096
2,raised_floor_gauss,1000,plugin_sd_nw_minus_oracle,0.0,-0.0010000000000000009,-0.13921655473167815,0.2916039712042462,0.047999999999999904,0.1
2,raised_floor_gauss,1000,plugin_sd_nw_minus_fixed,-0.0010000000000000009,0.0020000000000000018,-0.10587551996791289,0.11481053247792916,0.0209999999999999,0.0500000000000001
2,raised_floor_gauss,1000,oracle_minus_fixed,-0.0010000000000000009,0.0030000000000000027,0.033341034763765265,-0.17679343872631703,-0.027,-0.049999999999999906
2,raised_floor_t3,100,plugin_sd_nw_minus_oracle,-0.007000000000000006,-0.007000000000000006,-0.1004852575642341,0.4029261203366632,0.053,0.11
2,raised_floor_t3,100,plugin_sd_nw_minus_fixed,-0.008000000000000007,-0.01200000000000001,-0.3099594616262047,0.05948210438294321,0.020000000000000004,-0.01999999999999999
2,raised_floor_t3,100,oracle_minus_fixed,-0.0010000000000000009,-0.0050000000000000044,-0.2094742040619706,-0.34344401595372,-0.032999999999999995,-0.13
2,raised_floor_t3,250,plugin_sd_nw_minus_oracle,-0.0020000000000000018,-0.0020000000000000018,-0.13401938074208353,0.2404428029310095,0.025999999999999898,0.05
2,raised_floor_t3,250,plugin_sd_nw_minus_fixed,-0.0040000000000000036,-0.0020000000000000018,-0.3295756995742467,-0.01545597027391743,-9.71445146547012e-17,0.010000000000000009
2,raised_floor_t3,250,oracle_minus_fixed,-0.0020000000000000018,0.0,-0.19555631883216318,-0.25589877320492693,-0.025999999999999995,-0.039999999999999994
2,raised_floor_t3,500,plugin_sd_nw_minus_oracle,0.0010000000000000009,0.0030000000000000027,-0.09319760284615386,0.11986748469692365,0.020999999999999998,0.0
2,raised_floor_t3,500,plugin_sd_nw_minus_fixed,0.0030000000000000027,0.0020000000000000018,-0.3555338229866518,-0.1811959782348378,-0.015000000000000006,-0.009999999999999995
2,raised_floor_t3,500,oracle_minus_fixed,0.0020000000000000018,-0.0010000000000000009,-0.26233622014049796,-0.30106346293176145,-0.036000000000000004,-0.009999999999999995
2,raised_floor_t3,1000,plugin_sd_nw_minus_oracle,0.008000000000000007,0.007000000000000006,-0.0626466564935999,0.057442055763269106,-0.001999999999999995,0.009999999999999995
2,raised_floor_t3,1000,plugin_sd_nw_minus_fixed,-0.0030000000000000027,-0.0050000000000000044,-0.16931942418750667,-0.058235081083119145,-0.0010000000000000009,0.0
2,raised_floor_t3,1000,oracle_minus_fixed,-0.01100000000000001,-0.01200000000000001,-0.10667276769390677,-0.11567713684638825,0.000999999999999994,-0.009999999999999995
3,mm1_sojourn,100,plugin_sd_nw_minus_oracle,-0.01100000000000001,-0.01200000000000001,0.15529315486515127,0.37920231038977903,0.023000000000000003,0.15
3,mm1_sojourn,100,plugin_sd_nw_minus_fixed,0.007000000000000006,0.051000000000000045,-1.4459939046102095,0.9192823882737375,0.009000000000000001,0.09
3,mm1_sojourn,100,oracle_minus_fixed,0.018000000000000016,0.06300000000000006,-1.6012870594753608,0.5400800778839585,-0.014000000000000002,-0.06
3,mm1_sojourn,250,plugin_sd_nw_minus_oracle,-0.0040000000000000036,-0.0030000000000000027,-0.27527484005747027,0.377402897457241,0.014000000000000103,9.71445146547012e-17
3,mm1_sojourn,250,plugin_sd_nw_minus_fixed,0.0010000000000000009,0.018000000000000016,0.39574899971670696,1.8666192549919831,0.009000000000000098,-0.019999999999999893
3,mm1_sojourn,250,oracle_minus_fixed,0.0050000000000000044,0.02100000000000002,0.6710238397741772,1.4892163575347421,-0.0050000000000000044,-0.01999999999999999
3,mm1_sojourn,500,plugin_sd_nw_minus_oracle,-0.0010000000000000009,0.0010000000000000009,-0.22269375363475774,0.31806524861841545,0.002999999999999999,0.019999999999999997
3,mm1_sojourn,500,plugin_sd_nw_minus_fixed,0.0,0.051000000000000045,-0.9779080730040235,2.1867141561991534,0.0,0.0
3,mm1_sojourn,500,oracle_minus_fixed,0.0010000000000000009,0.050000000000000044,-0.7552143193692658,1.868648907580738,-0.002999999999999999,-0.019999999999999997
3,mm1_sojourn,1000,plugin_sd_nw_minus_oracle,0.0050000000000000044,0.007000000000000006,-0.1257137497849774,0.12452111545122335,0.0030000000000001,0.0
3,mm1_sojourn,1000,plugin_sd_nw_minus_fixed,0.007000000000000006,0.049000000000000044,0.2215413518566267,1.862048397467472,-0.002999999999999902,0.010000000000000002
3,mm1_sojourn,1000,oracle_minus_fixed,0.0020000000000000018,0.04200000000000004,0.3472551016416041,1.7375272820162486,-0.006000000000000002,0.010000000000000002
3,raised_floor_gauss,100,plugin_sd_nw_minus_oracle,0.014000000000000012,0.016000000000000014,0.16053620610168018,0.6318415697099482,0.049999999999999996,0.07000000000000012
3,raised_floor_gauss,100,plugin_sd_nw_minus_fixed,0.013000000000000012,0.014000000000000012,0.026402235548953268,0.07702841042642161,0.0030000000000001,-0.01999999999999999
3,raised_floor_gauss,100,oracle_minus_fixed,-0.0010000000000000009,-0.0020000000000000018,-0.1341339705527269,-0.5548131592835266,-0.046999999999999896,-0.09000000000000011
3,raised_floor_gauss,250,plugin_sd_nw_minus_oracle,0.014000000000000012,0.01200000000000001,-0.08649079394693082,0.36878585218270743,0.0459999999999999,0.09999999999999999
3,raised_floor_gauss,250,plugin_sd_nw_minus_fixed,0.009000000000000008,0.007000000000000006,-0.15628296984874668,0.1527194289205931,0.020999999999999908,0.04999999999999999
3,raised_floor_gauss,250,oracle_minus_fixed,-0.0050000000000000044,-0.0050000000000000044,-0.06979217590181586,-0.21606642326211434,-0.024999999999999994,-0.05
3,raised_floor_gauss,500,plugin_sd_nw_minus_oracle,0.020000000000000018,0.016000000000000014,-0.06679593411702367,0.14202274339490462,0.005999999999999998,0.03
3,raised_floor_gauss,500,plugin_sd_nw_minus_fixed,0.009000000000000008,0.008000000000000007,-0.12622554323359259,0.04830773206567329,0.009000000000000001,0.0500000000000001
3,raised_floor_gauss,500,oracle_minus_fixed,-0.01100000000000001,-0.008000000000000007,-0.059429609116568916,-0.09371501132923132,0.0030000000000000027,0.0200000000000001
3,raised_floor_gauss,1000,plugin_sd_nw_minus_oracle,0.006000000000000005,0.006000000000000005,-0.16808502739646602,0.11062820317083011,0.0040000000000000036,0.0200000000000001
3,raised_floor_gauss,1000,plugin_sd_nw_minus_fixed,-0.007000000000000006,-0.009000000000000008,-0.2291253430492648,0.003073065129505448,-0.0049999999999999975,-0.010000000000000009
3,raised_floor_gauss,1000,oracle_minus_fixed,-0.013000000000000012,-0.015000000000000013,-0.06104031565279877,-0.10755513804132466,-0.009000000000000001,-0.03000000000000011
3,raised_floor_t3,100,plugin_sd_nw_minus_oracle,-0.013000000000000012,-0.01200000000000001,-0.0029704000273920173,0.5107961533346357,0.051000000000000004,0.10000000000000012
3,raised_floor_t3,100,plugin_sd_nw_minus_fixed,-0.01200000000000001,-0.030000000000000027,-0.8900917928233225,-0.34202012019700323,0.024000000000000007,0.020000000000000018
3,raised_floor_t3,100,oracle_minus_fixed,0.0010000000000000009,-0.018000000000000016,-0.8871213927959305,-0.8528162735316389,-0.026999999999999996,-0.0800000000000001
3,raised_floor_t3,250,plugin_sd_nw_minus_oracle,-0.0040000000000000036,-0.006000000000000005,-0.16569771402857536,0.23183344409640405,0.03200000000000001,0.030000000000000096
3,raised_floor_t3,250,plugin_sd_nw_minus_fixed,0.009000000000000008,0.009000000000000008,-0.12289830449071792,0.028642159245951593,0.016999999999999904,0.0200000000000001
3,raised_floor_t3,250,oracle_minus_fixed,0.013000000000000012,0.015000000000000013,0.042799409537857436,-0.20319128485045246,-0.015000000000000104,-0.009999999999999995
3,raised_floor_t3,500,plugin_sd_nw_minus_oracle,0.006000000000000005,0.009000000000000008,0.09747663315181887,0.1895105576501277,0.024,0.009999999999999995
3,raised_floor_t3,500,plugin_sd_nw_minus_fixed,-0.006000000000000005,-0.006000000000000005,-0.17955985692469012,-0.014207013838507532,0.010000000000000002,0.0
3,raised_floor_t3,500,oracle_minus_fixed,-0.01200000000000001,-0.015000000000000013,-0.277036490076509,-0.20371757148863523,-0.013999999999999999,-0.009999999999999995
3,raised_floor_t3,1000,plugin_sd_nw_minus_oracle,-0.008000000000000007,-0.008000000000000007,-0.11515899450807887,0.08969529957533684,0.017999999999999898,0.05
3,raised_floor_t3,1000,plugin_sd_nw_minus_fixed,0.0050000000000000044,0.0020000000000000018,-0.1553255616746645,-0.07312503721154506,-0.001000000000000105,0.03000000000000011
3,raised_floor_t3,1000,oracle_minus_fixed,0.013000000000000012,0.010000000000000009,-0.04016656716658562,-0.1628203367868819,-0.019000000000000003,-0.019999999999999893
4,mm1_sojourn,100,plugin_sd_nw_minus_oracle,-0.0020000000000000018,0.0,0.725174933497307,0.5193914995050068,0.0,0.009999999999999995
4,mm1_sojourn,100,plugin_sd_nw_minus_fixed,0.015000000000000013,0.05800000000000005,-0.23874919685533058,1.034379547740567,-0.011000000000000003,-0.08000000000000011
4,mm1_sojourn,100,oracle_minus_fixed,0.017000000000000015,0.05800000000000005,-0.9639241303526376,0.5149880482355602,-0.011000000000000003,-0.09000000000000011
4,mm1_sojourn,250,plugin_sd_nw_minus_oracle,-0.010000000000000009,-0.008000000000000007,-0.3980531562318932,0.25238830421731784,0.010000000000000002,0.0500000000000001
4,mm1_sojourn,250,plugin_sd_nw_minus_fixed,0.016000000000000014,0.05700000000000005,-0.7840658136796748,2.2388726451048537,0.0020000000000000018,0.0200000000000001
4,mm1_sojourn,250,oracle_minus_fixed,0.026000000000000023,0.06500000000000006,-0.38601265744778157,1.986484340887536,-0.008,-0.03
4,mm1_sojourn,500,plugin_sd_nw_minus_oracle,-0.0050000000000000044,-0.006000000000000005,-0.07012172931518101,0.11102368900037263,0.0009999999999999974,0.0
4,mm1_sojourn,500,plugin_sd_nw_minus_fixed,0.02100000000000002,0.061000000000000054,-0.22749820493187123,1.4648943933431937,0.004999999999999897,0.019999999999999893
4,mm1_sojourn,500,oracle_minus_fixed,0.026000000000000023,0.06700000000000006,-0.15737647561669021,1.353870704342821,0.0039999999999998995,0.019999999999999893
4,mm1_sojourn,1000,plugin_sd_nw_minus_oracle,-0.0050000000000000044,-0.0020000000000000018,-0.04037187131683684,0.12332059905584813,0.0009999999999999974,0.0
4,mm1_sojourn,1000,plugin_sd_nw_minus_fixed,0.01200000000000001,0.061000000000000054,-1.7821871352950192,0.5798346732544335,-0.020000000000000004,-0.020000000000000004
4,mm1_sojourn,1000,oracle_minus_fixed,0.017000000000000015,0.06300000000000006,-1.7418152639781823,0.45651407419858536,-0.021,-0.020000000000000004
4,raised_floor_gauss,100,plugin_sd_nw_minus_oracle,-0.0030000000000000027,-0.0020000000000000018,0.18680479206402678,0.6071483764971242,0.053,0.1000000000000001
4,raised_floor_gauss,100,plugin_sd_nw_minus_fixed,0.0030000000000000027,0.013000000000000012,-0.6821115302190739,-0.6725826127628696,0.027000000000000093,0.04000000000000001
4,raised_floor_gauss,100,oracle_minus_fixed,0.006000000000000005,0.015000000000000013,-0.8689163222831007,-1.2797309892599937,-0.025999999999999905,-0.060000000000000095
4,raised_floor_gauss,250,plugin_sd_nw_minus_oracle,-0.01200000000000001,-0.013000000000000012,-0.2332928677486179,0.35522680292364983,0.036000000000000094,0.0800000000000001
4,raised_floor_gauss,250,plugin_sd_nw_minus_fixed,-0.01100000000000001,-0.010000000000000009,-0.27132230431478854,0.2147786132994498,0.023,0.0500000000000001
4,raised_floor_gauss,250,oracle_minus_fixed,0.0010000000000000009,0.0030000000000000027,-0.03802943656617064,-0.14044818962420003,-0.013000000000000095,-0.03
4,raised_floor_gauss,500,plugin_sd_nw_minus_oracle,-0.014000000000000012,-0.01100000000000001,-0.22596616790374968,0.47657763872273406,0.0539999999999999,0.13
4,raised_floor_gauss,500,plugin_sd_nw_minus_fixed,-0.008000000000000007,-0.009000000000000008,-0.1376046068258776,0.14027843016338393,0.013999999999999999,0.04999999999999988
4,raised_floor_gauss,500,oracle_minus_fixed,0.006000000000000005,0.0020000000000000018,0.08836156107787208,-0.33629920855935014,-0.039999999999999904,-0.08000000000000011
4,raised_floor_gauss,1000,plugin_sd_nw_minus_oracle,-0.006000000000000005,-0.0040000000000000036,-0.13048200597855253,0.2837181286878607,0.04000000000000001,0.11000000000000011
4,raised_floor_gauss,1000,plugin_sd_nw_minus_fixed,-0.0030000000000000027,-0.0030000000000000027,-0.09630968144984875,0.13072831890345782,0.021000000000000102,0.08000000000000002
4,raised_floor_gauss,1000,oracle_minus_fixed,0.0030000000000000027,0.0010000000000000009,0.03417232452870378,-0.1529898097844029,-0.018999999999999906,-0.030000000000000096
4,raised_floor_t3,100,plugin_sd_nw_minus_oracle,-0.0020000000000000018,0.0040000000000000036,0.10011134750812833,0.5646007575165877,0.0519999999999999,0.1499999999999999
4,raised_floor_t3,100,plugin_sd_nw_minus_fixed,0.006000000000000005,0.006000000000000005,-0.5584567664976134,-0.360613087209539,0.017999999999999905,0.019999999999999907
4,raised_floor_t3,100,oracle_minus_fixed,0.008000000000000007,0.0020000000000000018,-0.6585681140057418,-0.9252138447261267,-0.033999999999999996,-0.13
4,raised_floor_t3,250,plugin_sd_nw_minus_oracle,-0.014000000000000012,-0.013000000000000012,-0.07454063450089277,0.11036468040967184,0.016,0.0500000000000001
4,raised_floor_t3,250,plugin_sd_nw_minus_fixed,-0.013000000000000012,-0.009000000000000008,-0.4080255637662109,-0.2527297108449216,0.007000000000000103,0.04000000000000009
4,raised_floor_t3,250,oracle_minus_fixed,0.0010000000000000009,0.0040000000000000036,-0.33348492926531814,-0.3630943912545934,-0.008999999999999897,-0.010000000000000009
4,raised_floor_t3,500,plugin_sd_nw_minus_oracle,0.0020000000000000018,0.006000000000000005,-0.06923859325966042,0.09823711419354186,0.016,0.040000000000000105
4,raised_floor_t3,500,plugin_sd_nw_minus_fixed,0.01200000000000001,0.014000000000000012,-0.13730778029959367,-0.11419859622483042,-0.011999999999999997,0.0
4,raised_floor_t3,500,oracle_minus_fixed,0.010000000000000009,0.008000000000000007,-0.06806918703993325,-0.21243571041837228,-0.027999999999999997,-0.040000000000000105
4,raised_floor_t3,1000,plugin_sd_nw_minus_oracle,0.0,0.006000000000000005,-0.10341545256017848,0.054355236648459204,0.016000000000000097,0.0
4,raised_floor_t3,1000,plugin_sd_nw_minus_fixed,-0.0050000000000000044,-0.007000000000000006,-0.29333261543938316,-0.09966314601095627,-0.006999999999999999,0.0
4,raised_floor_t3,1000,oracle_minus_fixed,-0.0050000000000000044,-0.013000000000000012,-0.18991716287920468,-0.15401838265941548,-0.023000000000000097,0.0
5,mm1_sojourn,100,plugin_sd_nw_minus_oracle,0.01200000000000001,0.010000000000000009,-0.42109580403975855,0.4157532903008452,0.0020000000000000018,0.0399999999999999
5,mm1_sojourn,100,plugin_sd_nw_minus_fixed,-0.015000000000000013,0.0030000000000000027,-0.9828761990944219,2.2502791943052713,-0.018999999999999996,-0.009999999999999995
5,mm1_sojourn,100,oracle_minus_fixed,-0.027000000000000024,-0.007000000000000006,-0.5617803950546634,1.8345259040044262,-0.020999999999999998,-0.04999999999999989
5,mm1_sojourn,250,plugin_sd_nw_minus_oracle,0.0040000000000000036,0.0,-0.02180468412387704,-0.004795678287571548,0.0,0.0
5,mm1_sojourn,250,plugin_sd_nw_minus_fixed,0.02100000000000002,0.051000000000000045,-0.9473089821763736,1.005253755826205,-0.009000000000000001,0.0
5,mm1_sojourn,250,oracle_minus_fixed,0.017000000000000015,0.051000000000000045,-0.9255042980524966,1.0100494341137765,-0.009000000000000001,0.0
5,mm1_sojourn,500,plugin_sd_nw_minus_oracle,0.0020000000000000018,-0.0020000000000000018,-0.09556367551018319,-0.005811009538163603,0.006000000000000002,0.010000000000000009
5,mm1_sojourn,500,plugin_sd_nw_minus_fixed,-0.008000000000000007,0.03600000000000003,-1.0453621353236322,1.5758608729684518,-0.005999999999999998,0.0
5,mm1_sojourn,500,oracle_minus_fixed,-0.010000000000000009,0.038000000000000034,-0.949798459813449,1.5816718825066154,-0.012,-0.010000000000000009
5,mm1_sojourn,1000,plugin_sd_nw_minus_oracle,-0.0010000000000000009,0.0020000000000000018,-0.22542564074395166,0.6183491535162968,0.002999999999999999,0.0399999999999999
5,mm1_sojourn,1000,plugin_sd_nw_minus_fixed,-0.025000000000000022,0.013000000000000012,-0.4700423600953476,2.671583716988277,-0.011000000000000003,0.019999999999999893
5,mm1_sojourn,1000,oracle_minus_fixed,-0.02400000000000002,0.01100000000000001,-0.24461671935139595,2.05323456347198,-0.014000000000000002,-0.020000000000000004
5,raised_floor_gauss,100,plugin_sd_nw_minus_oracle,0.01100000000000001,0.009000000000000008,0.07533147877953539,0.4814384406725858,0.0469999999999999,0.16000000000000011
5,raised_floor_gauss,100,plugin_sd_nw_minus_fixed,0.013000000000000012,0.013000000000000012,-0.17821783475276654,0.23708810189363483,0.02299999999999991,0.07
5,raised_floor_gauss,100,oracle_minus_fixed,0.0020000000000000018,0.0040000000000000036,-0.2535493135323019,-0.24435033877895096,-0.023999999999999994,-0.09000000000000011
5,raised_floor_gauss,250,plugin_sd_nw_minus_oracle,0.013000000000000012,0.013000000000000012,-0.18432492566189929,0.3121510971175434,0.024999999999999897,0.03999999999999998
5,raised_floor_gauss,250,plugin_sd_nw_minus_fixed,0.0030000000000000027,0.006000000000000005,-0.2492486608300868,-0.008445704294780754,0.020999999999999894,-0.020000000000000018
5,raised_floor_gauss,250,oracle_minus_fixed,-0.010000000000000009,-0.007000000000000006,-0.0649237351681875,-0.32059680141232416,-0.0040000000000000036,-0.06
5,raised_floor_gauss,500,plugin_sd_nw_minus_oracle,-0.01200000000000001,-0.010000000000000009,-0.2200623030925164,0.34394231187162516,0.033999999999999996,0.060000000000000095
5,raised_floor_gauss,500,plugin_sd_nw_minus_fixed,0.0010000000000000009,0.0030000000000000027,-0.14242490801674323,0.18752450874883309,0.012999999999999998,0.0500000000000001
5,raised_floor_gauss,500,oracle_minus_fixed,0.013000000000000012,0.013000000000000012,0.07763739507577316,-0.15641780312279208,-0.020999999999999998,-0.009999999999999995
5,raised_floor_gauss,1000,plugin_sd_nw_minus_oracle,-0.0040000000000000036,-0.0040000000000000036,-0.17985882097724382,0.23455721329074386,0.036,0.060000000000000095
5,raised_floor_gauss,1000,plugin_sd_nw_minus_fixed,-0.0030000000000000027,-0.0020000000000000018,-0.10155869324578193,0.10229659285296,0.014999999999999895,0.0200000000000001
5,raised_floor_gauss,1000,oracle_minus_fixed,0.0010000000000000009,0.0020000000000000018,0.07830012773146189,-0.13226062043778386,-0.021000000000000102,-0.039999999999999994
5,raised_floor_t3,100,plugin_sd_nw_minus_oracle,0.0030000000000000027,0.0030000000000000027,-0.03219643525921101,0.5169634798734788,0.0449999999999999,0.0500000000000001
5,raised_floor_t3,100,plugin_sd_nw_minus_fixed,-0.009000000000000008,-0.009000000000000008,-0.317641301822013,-0.05761051702478115,0.017,-0.020000000000000018
5,raised_floor_t3,100,oracle_minus_fixed,-0.01200000000000001,-0.01200000000000001,-0.285444866562802,-0.5745739968982599,-0.0279999999999999,-0.07000000000000012
5,raised_floor_t3,250,plugin_sd_nw_minus_oracle,-0.020000000000000018,-0.027000000000000024,-0.19062225817011824,0.43309715320603415,0.052,0.1700000000000001
5,raised_floor_t3,250,plugin_sd_nw_minus_fixed,-0.02100000000000002,-0.02300000000000002,-0.530713918579867,-0.04833772515912926,0.01899999999999999,0.06
5,raised_floor_t3,250,oracle_minus_fixed,-0.0010000000000000009,0.0040000000000000036,-0.3400916604097488,-0.4814348783651634,-0.03300000000000001,-0.1100000000000001
5,raised_floor_t3,500,plugin_sd_nw_minus_oracle,-0.0010000000000000009,0.0030000000000000027,-0.09444923445019371,0.2018551814384395,0.013000000000000109,0.06000000000000011
5,raised_floor_t3,500,plugin_sd_nw_minus_fixed,-0.008000000000000007,-0.006000000000000005,-0.4844569872881217,-0.22559798682461585,0.004000000000000101,0.07000000000000012
5,raised_floor_t3,500,oracle_minus_fixed,-0.007000000000000006,-0.009000000000000008,-0.390007752837928,-0.42745316826305535,-0.009000000000000008,0.010000000000000009
5,raised_floor_t3,1000,plugin_sd_nw_minus_oracle,-0.0040000000000000036,-0.006000000000000005,-0.08549893832926014,0.16444481002223377,0.013999999999999999,0.009999999999999995
5,raised_floor_t3,1000,plugin_sd_nw_minus_fixed,-0.009000000000000008,-0.0050000000000000044,-0.3715895034879739,-0.13989684998150675,0.0029999999999999957,0.0
5,raised_floor_t3,1000,oracle_minus_fixed,-0.0050000000000000044,0.0010000000000000009,-0.2860905651587138,-0.3043416600037405,-0.011000000000000003,-0.009999999999999995
6,mm1_sojourn,100,plugin_sd_nw_minus_oracle,-0.0010000000000000009,-0.0040000000000000036,-0.07418449652401193,0.06450568384057753,-0.0010000000000000009,-0.010000000000000002
6,mm1_sojourn,100,plugin_sd_nw_minus_fixed,-0.0040000000000000036,0.08500000000000008,-3.9613710384299043,-1.9961618567645338,-0.016000000000000097,-0.049999999999999996
6,mm1_sojourn,100,oracle_minus_fixed,-0.0030000000000000027,0.08900000000000008,-3.8871865419058924,-2.0606675406051114,-0.015000000000000097,-0.039999999999999994
6,mm1_sojourn,250,plugin_sd_nw_minus_oracle,0.007000000000000006,0.02200000000000002,0.21599055637874542,0.20370957834737524,0.0049999999999999975,0.06
6,mm1_sojourn,250,plugin_sd_nw_minus_fixed,-0.006000000000000005,0.050000000000000044,-2.072265416565738,0.6784138671923401,0.011999999999999997,0.07999999999999999
6,mm1_sojourn,250,oracle_minus_fixed,-0.013000000000000012,0.028000000000000025,-2.2882559729444836,0.47470428884496485,0.006999999999999999,0.019999999999999997
6,mm1_sojourn,500,plugin_sd_nw_minus_oracle,0.0020000000000000018,-0.0010000000000000009,-0.017222978509900955,0.24677053604739818,0.004,0.009999999999999995
6,mm1_sojourn,500,plugin_sd_nw_minus_fixed,0.014000000000000012,0.04700000000000004,-0.3970511652907698,2.359425995586566,-0.0079999999999999,-0.020000000000000004
6,mm1_sojourn,500,oracle_minus_fixed,0.01200000000000001,0.04800000000000004,-0.3798281867808688,2.112655459539168,-0.0119999999999999,-0.03
6,mm1_sojourn,1000,plugin_sd_nw_minus_oracle,-0.0010000000000000009,-0.0020000000000000018,-0.2903274401914402,-0.0701096827464518,-0.002999999999999999,-0.010000000000000009
6,mm1_sojourn,1000,plugin_sd_nw_minus_fixed,-0.0030000000000000027,0.04500000000000004,-1.4221175346065085,1.1379078258177842,-0.0089999999999999,-0.0399999999999999
6,mm1_sojourn,1000,oracle_minus_fixed,-0.0020000000000000018,0.04700000000000004,-1.1317900944150683,1.208017508564236,-0.005999999999999901,-0.029999999999999888
6,raised_floor_gauss,100,plugin_sd_nw_minus_oracle,0.010000000000000009,0.013000000000000012,-0.13421879749898835,0.1525150499712904,0.028000000000000004,0.03
6,raised_floor_gauss,100,plugin_sd_nw_minus_fixed,-0.013000000000000012,-0.008000000000000007,-0.9061828273048071,-0.6417758353984735,-0.006999999999999895,0.0
6,raised_floor_gauss,100,oracle_minus_fixed,-0.02300000000000002,-0.02100000000000002,-0.7719640298058188,-0.7942908853697639,-0.0349999999999999,-0.03
6,raised_floor_gauss,250,plugin_sd_nw_minus_oracle,-0.0030000000000000027,-0.0030000000000000027,-0.1662000751535344,0.18749385350975345,0.029000000000000102,0.039999999999999994
6,raised_floor_gauss,250,plugin_sd_nw_minus_fixed,-0.0040000000000000036,-0.0030000000000000027,-0.1303208991857825,0.04183459245739751,0.008000000000000097,0.0
6,raised_floor_gauss,250,oracle_minus_fixed,-0.0010000000000000009,0.0,0.03587917596775192,-0.14565926105235594,-0.021000000000000005,-0.039999999999999994
6,raised_floor_gauss,500,plugin_sd_nw_minus_oracle,0.01200000000000001,0.01100000000000001,-0.14202263748129074,0.29183701936365125,0.0319999999999999,0.0500000000000001
6,raised_floor_gauss,500,plugin_sd_nw_minus_fixed,0.006000000000000005,0.0050000000000000044,-0.08876657268221644,0.13218313541022697,0.025999999999999898,0.0200000000000001
6,raised_floor_gauss,500,oracle_minus_fixed,-0.006000000000000005,-0.006000000000000005,0.0532560647990743,-0.15965388395342428,-0.005999999999999998,-0.03
6,raised_floor_gauss,1000,plugin_sd_nw_minus_oracle,-0.0020000000000000018,-0.0010000000000000009,-0.16619859798979641,0.2381742783112064,0.030000000000000002,0.039999999999999994
6,raised_floor_gauss,1000,plugin_sd_nw_minus_fixed,-0.006000000000000005,-0.0040000000000000036,-0.13271657427283268,0.09487844969789805,0.013999999999999901,0.0
6,raised_floor_gauss,1000,oracle_minus_fixed,-0.0040000000000000036,-0.0030000000000000027,0.03348202371696374,-0.14329582861330836,-0.0160000000000001,-0.039999999999999994
6,raised_floor_t3,100,plugin_sd_nw_minus_oracle,0.0,0.0030000000000000027,0.05972941296272216,0.3324811442488156,0.025999999999999905,0.040000000000000105
6,raised_floor_t3,100,plugin_sd_nw_minus_fixed,0.008000000000000007,0.0010000000000000009,-0.07819915844422853,0.061202909745179834,-0.008000000000000104,0.0200000000000001
6,raised_floor_t3,100,oracle_minus_fixed,0.008000000000000007,-0.0020000000000000018,-0.1379285714069507,-0.27127823450363575,-0.03400000000000001,-0.020000000000000004
6,raised_floor_t3,250,plugin_sd_nw_minus_oracle,0.0030000000000000027,0.0,-0.03082129498606001,0.21671770271888757,0.0349999999999999,0.050000000000000114
6,raised_floor_t3,250,plugin_sd_nw_minus_fixed,0.006000000000000005,0.009000000000000008,-0.36894712271733754,-0.18202330381558385,0.007999999999999896,-0.009999999999999981
6,raised_floor_t3,250,oracle_minus_fixed,0.0030000000000000027,0.009000000000000008,-0.33812582773127753,-0.3987410065344714,-0.027000000000000003,-0.060000000000000095
6,raised_floor_t3,500,plugin_sd_nw_minus_oracle,-0.0050000000000000044,-0.0020000000000000018,-0.11208269529831161,0.1298407618608124,0.0210000000000001,0.0
6,raised_floor_t3,500,plugin_sd_nw_minus_fixed,0.0050000000000000044,0.009000000000000008,-0.23268059765361282,-0.04196845997257981,-0.0030000000000000027,0.0
6,raised_floor_t3,500,oracle_minus_fixed,0.010000000000000009,0.01100000000000001,-0.12059790235530121,-0.1718092218333922,-0.0240000000000001,0.0
6,raised_floor_t3,1000,plugin_sd_nw_minus_oracle,-0.0010000000000000009,0.0040000000000000036,-0.09751671408480367,0.14541684716856285,0.015000000000000006,0.050000000000000114
6,raised_floor_t3,1000,plugin_sd_nw_minus_fixed,0.0030000000000000027,0.0010000000000000009,-0.21943686457988365,-0.07248702002886942,-0.0129999999999999,-0.009999999999999981
6,raised_floor_t3,1000,oracle_minus_fixed,0.0040000000000000036,-0.0030000000000000027,-0.12192015049507998,-0.21790386719743227,-0.027999999999999907,-0.060000000000000095
7,mm1_sojourn,100,plugin_sd_nw_minus_oracle,0.017000000000000015,0.014000000000000012,0.4894850435456126,0.1088472632586992,0.0030000000000000027,1.1102230246251565e-16
7,mm1_sojourn,100,plugin_sd_nw_minus_fixed,0.0,0.04500000000000004,-0.8760703854645921,0.696793114125903,-0.009999999999999998,-0.019999999999999893
7,mm1_sojourn,100,oracle_minus_fixed,-0.017000000000000015,0.031000000000000028,-1.3655554290102048,0.5879458508672037,-0.013000000000000001,-0.020000000000000004
7,mm1_sojourn,250,plugin_sd_nw_minus_oracle,-0.009000000000000008,-0.007000000000000006,-0.7806176220421044,0.32277194154837296,0.006999999999999999,0.019999999999999893
7,mm1_sojourn,250,plugin_sd_nw_minus_fixed,-0.019000000000000017,-0.01100000000000001,0.6724945841360199,2.1830224587705604,0.012999999999999998,0.03
7,mm1_sojourn,250,oracle_minus_fixed,-0.010000000000000009,-0.0040000000000000036,1.4531122061781243,1.8602505172221875,0.005999999999999998,0.010000000000000106
7,mm1_sojourn,500,plugin_sd_nw_minus_oracle,-0.0030000000000000027,-0.0040000000000000036,-0.2817073907222518,-0.04782343863906391,-0.0010000000000000009,0.0
7,mm1_sojourn,500,plugin_sd_nw_minus_fixed,-0.01200000000000001,0.016000000000000014,-0.9560069961744544,1.6410368225818193,0.004,0.010000000000000009
7,mm1_sojourn,500,oracle_minus_fixed,-0.009000000000000008,0.020000000000000018,-0.6742996054522026,1.6888602612208832,0.005000000000000001,0.010000000000000009
7,mm1_sojourn,1000,plugin_sd_nw_minus_oracle,0.0020000000000000018,0.0040000000000000036,0.03055555343862082,0.009478531375810562,0.0019999999999999983,0.0199999999999999
7,mm1_sojourn,1000,plugin_sd_nw_minus_fixed,0.006000000000000005,0.06300000000000006,-1.107862171458799,1.4931776865485844,-0.022000000000000002,-0.03
7,mm1_sojourn,1000,oracle_minus_fixed,0.0040000000000000036,0.05900000000000005,-1.1384177248974199,1.4836991551727738,-0.024,-0.0499999999999999
7,raised_floor_gauss,100,plugin_sd_nw_minus_oracle,-0.018000000000000016,-0.019000000000000017,-0.011175100472724964,0.832406790617914,0.07999999999999999,0.26
7,raised_floor_gauss,100,plugin_sd_nw_minus_fixed,0.0040000000000000036,0.006000000000000005,0.010282714954032102,0.2788902562931792,0.013999999999999999,0.09999999999999998
7,raised_floor_gauss,100,oracle_minus_fixed,0.02200000000000002,0.025000000000000022,0.021457815426757065,-0.5535165343247348,-0.066,-0.16
7,raised_floor_gauss,250,plugin_sd_nw_minus_oracle,-0.01200000000000001,-0.01100000000000001,-0.18468836249034215,0.43121624900870037,0.05000000000000001,0.1100000000000001
7,raised_floor_gauss,250,plugin_sd_nw_minus_fixed,0.006000000000000005,0.0030000000000000027,-0.2965366701046128,0.030103560756806313,0.005999999999999908,0.04000000000000001
7,raised_floor_gauss,250,oracle_minus_fixed,0.018000000000000016,0.014000000000000012,-0.11184830761427067,-0.40111268825189406,-0.0440000000000001,-0.07000000000000009
7,raised_floor_gauss,500,plugin_sd_nw_minus_oracle,0.02100000000000002,0.019000000000000017,-0.05843003903936683,0.19291075236105293,0.018999999999999906,0.019999999999999893
7,raised_floor_gauss,500,plugin_sd_nw_minus_fixed,0.006000000000000005,0.008000000000000007,-0.12096664878538865,0.13105424069060012,0.019999999999999907,0.009999999999999995
7,raised_floor_gauss,500,oracle_minus_fixed,-0.015000000000000013,-0.01100000000000001,-0.06253660974602182,-0.06185651167045281,0.0010000000000000009,-0.009999999999999898
7,raised_floor_gauss,1000,plugin_sd_nw_minus_oracle,0.006000000000000005,0.0050000000000000044,-0.23430942143892697,0.11394326136750355,0.018000000000000002,0.019999999999999893
7,raised_floor_gauss,1000,plugin_sd_nw_minus_fixed,-0.0030000000000000027,-0.0010000000000000009,-0.1374495983079238,0.03422063923244778,0.009000000000000105,-0.010000000000000009
7,raised_floor_gauss,1000,oracle_minus_fixed,-0.009000000000000008,-0.006000000000000005,0.09685982313100316,-0.07972262213505577,-0.008999999999999897,-0.029999999999999902
7,raised_floor_t3,100,plugin_sd_nw_minus_oracle,-0.008000000000000007,-0.006000000000000005,-0.13182357943117884,0.45155395030893386,0.041999999999999996,0.09999999999999999
7,raised_floor_t3,100,plugin_sd_nw_minus_fixed,-0.010000000000000009,-0.016000000000000014,-0.4419676947119502,0.11148393708809934,0.021999999999999992,0.0800000000000001
7,raised_floor_t3,100,oracle_minus_fixed,-0.0020000000000000018,-0.010000000000000009,-0.31014411528077135,-0.3400700132208345,-0.020000000000000004,-0.019999999999999893
7,raised_floor_t3,250,plugin_sd_nw_minus_oracle,-0.0010000000000000009,0.0040000000000000036,0.005209547731933606,0.22037051333542212,0.02700000000000001,0.1000000000000001
7,raised_floor_t3,250,plugin_sd_nw_minus_fixed,-0.008000000000000007,-0.007000000000000006,-0.3765386678531333,-0.15828489655184752,0.016000000000000007,0.09000000000000011
7,raised_floor_t3,250,oracle_minus_fixed,-0.007000000000000006,-0.01100000000000001,-0.3817482155850669,-0.37865540988726964,-0.011000000000000003,-0.009999999999999995
7,raised_floor_t3,500,plugin_sd_nw_minus_oracle,-0.007000000000000006,-0.009000000000000008,-0.13589453581921962,0.18930597966079787,0.026999999999999996,0.0200000000000001
7,raised_floor_t3,500,plugin_sd_nw_minus_fixed,-0.007000000000000006,-0.010000000000000009,-0.2697374646993991,-0.09813151670954445,0.015000000000000097,0.010000000000000092
7,raised_floor_t3,500,oracle_minus_fixed,0.0,-0.0010000000000000009,-0.13384292888017946,-0.2874374963703423,-0.0119999999999999,-0.010000000000000009
7,raised_floor_t3,1000,plugin_sd_nw_minus_oracle,0.007000000000000006,0.006000000000000005,-0.02469068735302793,0.09272033870953278,0.0029999999999998986,0.0
7,raised_floor_t3,1000,plugin_sd_nw_minus_fixed,-0.0040000000000000036,-0.006000000000000005,-0.2465464255397274,-0.10408490575322515,-0.012000000000000108,-0.06000000000000011
7,raised_floor_t3,1000,oracle_minus_fixed,-0.01100000000000001,-0.01200000000000001,-0.22185573818669946,-0.19680524446275793,-0.015000000000000006,-0.06000000000000011
8,mm1_sojourn,100,plugin_sd_nw_minus_oracle,-0.0050000000000000044,-0.006000000000000005,-0.5011547207053315,0.43799764230806915,0.005000000000000001,0.049999999999999996
8,mm1_sojourn,100,plugin_sd_nw_minus_fixed,-0.015000000000000013,0.01200000000000001,-1.4950448732250496,1.1489441386813066,-0.015,0.0
8,mm1_sojourn,100,oracle_minus_fixed,-0.010000000000000009,0.018000000000000016,-0.9938901525197181,0.7109464963732375,-0.02,-0.049999999999999996
8,mm1_sojourn,250,plugin_sd_nw_minus_oracle,0.0020000000000000018,0.0020000000000000018,-0.8500081792512839,-0.1107810600045962,-0.003999999999999997,0.03
8,mm1_sojourn,250,plugin_sd_nw_minus_fixed,0.0050000000000000044,0.02400000000000002,0.4369885083218481,1.6723804459835936,-0.009000000000000098,0.0
8,mm1_sojourn,250,oracle_minus_fixed,0.0030000000000000027,0.02200000000000002,1.286996687573132,1.7831615059881898,-0.005000000000000102,-0.03
8,mm1_sojourn,500,plugin_sd_nw_minus_oracle,0.0,0.0040000000000000036,-0.2964505887922595,0.2960333981035248,0.0020000000000000018,0.059999999999999894
8,mm1_sojourn,500,plugin_sd_nw_minus_fixed,-0.019000000000000017,0.04200000000000004,-1.1989499207715992,2.2888091693865285,0.0010000000000000009,0.06
8,mm1_sojourn,500,oracle_minus_fixed,-0.019000000000000017,0.038000000000000034,-0.9024993319793397,1.9927757712830036,-0.0010000000000000009,1.0408340855860843e-16
8,mm1_sojourn,1000,plugin_sd_nw_minus_oracle,0.0030000000000000027,0.0020000000000000018,-0.03668244190960568,0.047342085567819936,-0.0009999999999999974,0.0
8,mm1_sojourn,1000,plugin_sd_nw_minus_fixed,0.006000000000000005,0.061000000000000054,-0.9247525274954054,1.2974706317701248,-0.0019999999999999983,0.010000000000000009
8,mm1_sojourn,1000,oracle_minus_fixed,0.0030000000000000027,0.05900000000000005,-0.8880700855857997,1.2501285462023048,-0.0010000000000000009,0.010000000000000009
8,raised_floor_gauss,100,plugin_sd_nw_minus_oracle,0.02300000000000002,0.018000000000000016,0.0508177622440491,0.43783943165762285,0.06099999999999999,0.1
8,raised_floor_gauss,100,plugin_sd_nw_minus_fixed,0.020000000000000018,0.01200000000000001,-0.31561880098103323,-0.055859131204623935,0.00800000000000009,-0.09
8,raised_floor_gauss,100,oracle_minus_fixed,-0.0030000000000000027,-0.006000000000000005,-0.36643656322508233,-0.4936985628622468,-0.0529999999999999,-0.19
8,raised_floor_gauss,250,plugin_sd_nw_minus_oracle,-0.0050000000000000044,-0.007000000000000006,-0.10882224850667344,0.23506983540023185,0.034999999999999996,0.06
8,raised_floor_gauss,250,plugin_sd_nw_minus_fixed,-0.0040000000000000036,-0.0040000000000000036,-0.1853418740666939,-0.027561986041425346,0.010000000000000092,0.010000000000000009
8,raised_floor_gauss,250,oracle_minus_fixed,0.0010000000000000009,0.0030000000000000027,-0.07651962556002045,-0.2626318214416572,-0.024999999999999904,-0.04999999999999999
8,raised_floor_gauss,500,plugin_sd_nw_minus_oracle,-0.0010000000000000009,-0.0050000000000000044,-0.19022384180238205,0.33551352620860886,0.048999999999999905,0.11
8,raised_floor_gauss,500,plugin_sd_nw_minus_fixed,0.0,-0.0020000000000000018,-0.116907580916914,0.04071588256251646,0.023999999999999903,0.01999999999999999
8,raised_floor_gauss,500,oracle_minus_fixed,0.0010000000000000009,0.0030000000000000027,0.07331626088546805,-0.2947976436460924,-0.025,-0.09000000000000001
8,raised_floor_gauss,1000,plugin_sd_nw_minus_oracle,0.019000000000000017,0.02299999999999991,-0.11042130206544165,0.06593092499456121,0.023,0.01999999999999999
8,raised_floor_gauss,1000,plugin_sd_nw_minus_fixed,0.018000000000000016,0.020999999999999908,-0.14805337679376684,-0.059151442585694713,0.010000000000000002,0.0
8,raised_floor_gauss,1000,oracle_minus_fixed,-0.0010000000000000009,-0.0020000000000000018,-0.03763207472832519,-0.12508236758025593,-0.012999999999999998,-0.01999999999999999
8,raised_floor_t3,100,plugin_sd_nw_minus_oracle,0.0050000000000000044,0.0040000000000000036,0.05338728829497441,0.4083420546301295,0.030999999999999993,0.1500000000000001
8,raised_floor_t3,100,plugin_sd_nw_minus_fixed,0.008000000000000007,0.008000000000000007,-0.08773144727600912,0.004478179726319809,-0.0040000000000000036,0.04999999999999999
8,raised_floor_t3,100,oracle_minus_fixed,0.0030000000000000027,0.0040000000000000036,-0.14111873557098353,-0.4038638749038097,-0.034999999999999996,-0.10000000000000012
8,raised_floor_t3,250,plugin_sd_nw_minus_oracle,0.018000000000000016,0.016000000000000014,0.06969068945951129,0.19186002401207514,0.027999999999999893,0.040000000000000105
8,raised_floor_t3,250,plugin_sd_nw_minus_fixed,0.017000000000000015,0.013000000000000012,-0.0013874103567739215,-0.1177244612955044,0.0029999999999998916,0.0200000000000001
8,raised_floor_t3,250,oracle_minus_fixed,-0.0010000000000000009,-0.0030000000000000027,-0.07107809981628521,-0.30958448530757954,-0.025,-0.020000000000000004
8,raised_floor_t3,500,plugin_sd_nw_minus_oracle,0.0010000000000000009,0.0030000000000000027,-0.10531118547963891,0.21436507712319708,0.009000000000000001,0.06000000000000011
8,raised_floor_t3,500,plugin_sd_nw_minus_fixed,0.008000000000000007,0.015000000000000013,-0.166531079347485,-0.11330377018578508,-0.00399999999999999,0.03
8,raised_floor_t3,500,oracle_minus_fixed,0.007000000000000006,0.01200000000000001,-0.0612198938678461,-0.32766884730898216,-0.01299999999999999,-0.03000000000000011
8,raised_floor_t3,1000,plugin_sd_nw_minus_oracle,0.0020000000000000018,-0.0020000000000000018,-0.06857280146929812,0.134572761881671,0.015999999999999896,0.03
8,raised_floor_t3,1000,plugin_sd_nw_minus_fixed,0.0040000000000000036,0.0040000000000000036,-0.1883271747586579,-0.025041546506464396,-0.0060000000000001025,0.010000000000000009
8,raised_floor_t3,1000,oracle_minus_fixed,0.0020000000000000018,0.006000000000000005,-0.11975437328935978,-0.1596143083881354,-0.022,-0.01999999999999999
9,mm1_sojourn,100,plugin_sd_nw_minus_oracle,-0.0050000000000000044,-0.008000000000000007,-0.0600412836386548,-0.06295928096947812,-0.0010000000000000009,0.0
9,mm1_sojourn,100,plugin_sd_nw_minus_fixed,0.025000000000000022,0.06000000000000005,-1.8995538436978805,-0.2174891038411655,-0.025,-0.03
9,mm1_sojourn,100,oracle_minus_fixed,0.030000000000000027,0.06800000000000006,-1.8395125600592257,-0.15452982287168737,-0.024,-0.03
9,mm1_sojourn,250,plugin_sd_nw_minus_oracle,-0.0030000000000000027,-0.007000000000000006,-0.09067696398311575,0.17134191239318142,0.0049999999999999975,0.009999999999999898
9,mm1_sojourn,250,plugin_sd_nw_minus_fixed,-0.01200000000000001,0.02300000000000002,-1.3844866952556938,0.9812120769667736,0.0,0.009999999999999898
9,mm1_sojourn,250,oracle_minus_fixed,-0.009000000000000008,0.030000000000000027,-1.293809731272578,0.8098701645735922,-0.0049999999999999975,0.0
9,mm1_sojourn,500,plugin_sd_nw_minus_oracle,0.0,0.0,-0.07292957999135385,0.09221217380195057,0.0020000000000000018,0.010000000000000002
9,mm1_sojourn,500,plugin_sd_nw_minus_fixed,0.015000000000000013,0.061000000000000054,-0.8295345083431949,1.7779327147116941,-0.0049999999999999975,0.0
9,mm1_sojourn,500,oracle_minus_fixed,0.015000000000000013,0.061000000000000054,-0.756604928351841,1.6857205409097435,-0.006999999999999999,-0.010000000000000002
9,mm1_sojourn,1000,plugin_sd_nw_minus_oracle,-0.0030000000000000027,-0.0040000000000000036,-0.3998856257379728,-0.1498736574475643,-0.0010000000000000009,1.0408340855860843e-16
9,mm1_sojourn,1000,plugin_sd_nw_minus_fixed,0.009000000000000008,0.07000000000000006,-0.433387337298778,1.1880852289457202,0.0089999999999999,0.010000000000000002
9,mm1_sojourn,1000,oracle_minus_fixed,0.01200000000000001,0.07400000000000007,-0.03350171156080517,1.3379588863932845,0.009999999999999901,0.009999999999999898
9,raised_floor_gauss,100,plugin_sd_nw_minus_oracle,-0.0010000000000000009,-0.0010000000000000009,-0.0829373773079074,0.6254070572569499,0.065,0.10000000000000012
9,raised_floor_gauss,100,plugin_sd_nw_minus_fixed,-0.0020000000000000018,-0.007000000000000006,-0.37895124163356897,0.3359647860661328,0.021999999999999992,0.010000000000000009
9,raised_floor_gauss,100,oracle_minus_fixed,-0.0010000000000000009,-0.006000000000000005,-0.29601386432566157,-0.2894422711908171,-0.043000000000000003,-0.09000000000000011
9,raised_floor_gauss,250,plugin_sd_nw_minus_oracle,-0.020000000000000018,-0.020000000000000018,-0.18600674047417742,0.4572049584510647,0.04800000000000001,0.0900000000000001
9,raised_floor_gauss,250,plugin_sd_nw_minus_fixed,-0.0050000000000000044,-0.0040000000000000036,-0.048205011219868865,0.22128726658398534,0.017,0.04999999999999999
9,raised_floor_gauss,250,oracle_minus_fixed,0.015000000000000013,0.016000000000000014,0.13780172925430856,-0.23591769186707934,-0.031000000000000007,-0.040000000000000105
9,raised_floor_gauss,500,plugin_sd_nw_minus_oracle,0.01200000000000001,0.015000000000000013,-0.10916079518575028,0.12937462176775272,0.023999999999999994,0.06999999999999999
9,raised_floor_gauss,500,plugin_sd_nw_minus_fixed,0.016000000000000014,0.015000000000000013,-0.1325008329514028,-0.06530332771511604,-0.005999999999999908,0.0500000000000001
9,raised_floor_gauss,500,oracle_minus_fixed,0.0040000000000000036,0.0,-0.02334003776565252,-0.19467794948286876,-0.029999999999999902,-0.019999999999999893
9,raised_floor_gauss,1000,plugin_sd_nw_minus_oracle,-0.010000000000000009,-0.007000000000000006,-0.21976321139779076,0.3135869182844404,0.03799999999999999,0.06000000000000011
9,raised_floor_gauss,1000,plugin_sd_nw_minus_fixed,-0.01200000000000001,-0.006000000000000005,-0.17813340682167,0.18007206934350917,0.019999999999999997,0.06000000000000011
9,raised_floor_gauss,1000,oracle_minus_fixed,-0.0020000000000000018,0.0010000000000000009,0.041629804576120755,-0.13351484894093124,-0.017999999999999995,0.0
9,raised_floor_t3,100,plugin_sd_nw_minus_oracle,0.013000000000000012,0.018000000000000016,0.03516948802319986,0.2840717250074869,0.027000000000000003,0.039999999999999994
9,raised_floor_t3,100,plugin_sd_nw_minus_fixed,0.0040000000000000036,-0.010000000000000009,-0.7153720827814003,-0.2988601806659714,0.0199999999999999,-0.03000000000000011
9,raised_floor_t3,100,oracle_minus_fixed,-0.009000000000000008,-0.028000000000000025,-0.7505415708046002,-0.5829319056734583,-0.007000000000000103,-0.0700000000000001
9,raised_floor_t3,250,plugin_sd_nw_minus_oracle,-0.0010000000000000009,-0.0020000000000000018,-0.03988320427423009,0.15269643367749763,0.012999999999999998,0.0
9,raised_floor_t3,250,plugin_sd_nw_minus_fixed,0.0030000000000000027,0.0010000000000000009,-0.4332508222316247,-0.2376477630559206,-0.008999999999999904,-0.03000000000000011
9,raised_floor_t3,250,oracle_minus_fixed,0.0040000000000000036,0.0030000000000000027,-0.3933676179573946,-0.39034419673341825,-0.0219999999999999,-0.03000000000000011
9,raised_floor_t3,500,plugin_sd_nw_minus_oracle,-0.008000000000000007,-0.0040000000000000036,-0.11117301017067605,0.14581919032774504,0.022,0.07000000000000012
9,raised_floor_t3,500,plugin_sd_nw_minus_fixed,-0.0040000000000000036,0.0040000000000000036,-0.3968151268663258,-0.1411157802500953,0.004000000000000101,0.0
9,raised_floor_t3,500,oracle_minus_fixed,0.0040000000000000036,0.008000000000000007,-0.28564211669564976,-0.28693497057784034,-0.017999999999999898,-0.07000000000000012
9,raised_floor_t3,1000,plugin_sd_nw_minus_oracle,0.0020000000000000018,0.0020000000000000018,-0.014362254483129666,0.0734772111889157,0.0199999999999999,0.0
9,raised_floor_t3,1000,plugin_sd_nw_minus_fixed,0.0010000000000000009,0.0020000000000000018,-0.13964199489964613,-0.1158682973624221,0.0029999999999999055,-0.009999999999999995
9,raised_floor_t3,1000,oracle_minus_fixed,-0.0010000000000000009,0.0,-0.12527974041651646,-0.1893455085513378,-0.016999999999999994,-0.009999999999999995
10,mm1_sojourn,100,plugin_sd_nw_minus_oracle,-0.0030000000000000027,-0.0020000000000000018,-0.6110608291693058,0.013897423881996218,0.002999999999999999,0.010000000000000002
10,mm1_sojourn,100,plugin_sd_nw_minus_fixed,-0.006000000000000005,0.016000000000000014,0.09489600990458413,1.694649880096037,0.0020000000000000018,0.010000000000000002
10,mm1_sojourn,100,oracle_minus_fixed,-0.0030000000000000027,0.018000000000000016,0.70595683907389,1.6807524562140408,-0.0009999999999999974,0.0
10,mm1_sojourn,250,plugin_sd_nw_minus_oracle,-0.0010000000000000009,-0.0010000000000000009,-0.22426684500609362,0.033753559708031844,0.0010000000000000009,0.0
10,mm1_sojourn,250,plugin_sd_nw_minus_fixed,-0.016000000000000014,0.03300000000000003,-3.0254581239123457,-0.3234378695870408,-0.019999999999999997,-0.0399999999999999
10,mm1_sojourn,250,oracle_minus_fixed,-0.015000000000000013,0.03400000000000003,-2.801191278906252,-0.35719142929507264,-0.020999999999999998,-0.0399999999999999
10,mm1_sojourn,500,plugin_sd_nw_minus_oracle,0.0020000000000000018,0.006000000000000005,-0.1666190494962514,0.2772112360140735,0.0080000000000001,0.04
10,mm1_sojourn,500,plugin_sd_nw_minus_fixed,0.0030000000000000027,0.03200000000000003,-1.6198240327403353,1.8279258496820496,-0.002999999999999895,0.0
10,mm1_sojourn,500,oracle_minus_fixed,0.0010000000000000009,0.026000000000000023,-1.4532049832440839,1.5507146136679761,-0.010999999999999996,-0.04
10,mm1_sojourn,1000,plugin_sd_nw_minus_oracle,-0.0030000000000000027,-0.0020000000000000018,-0.4529887527725789,0.17917348729788785,0.002999999999999999,0.0
10,mm1_sojourn,1000,plugin_sd_nw_minus_fixed,0.013000000000000012,0.04600000000000004,-0.5547761979843928,2.020857444850181,-0.0030000000000000027,0.029999999999999888
10,mm1_sojourn,1000,oracle_minus_fixed,0.016000000000000014,0.04800000000000004,-0.10178744521181393,1.8416839575522932,-0.006000000000000002,0.029999999999999888
10,raised_floor_gauss,100,plugin_sd_nw_minus_oracle,-0.019000000000000017,-0.020000000000000018,-0.2612082677564853,0.5710440998457402,0.055000000000000104,0.13000000000000012
10,raised_floor_gauss,100,plugin_sd_nw_minus_fixed,-0.013000000000000012,-0.015000000000000013,-0.5387531203946896,-0.0035754803127714396,0.01500000000000011,0.09000000000000011
10,raised_floor_gauss,100,oracle_minus_fixed,0.006000000000000005,0.0050000000000000044,-0.2775448526382043,-0.5746195801585117,-0.039999999999999994,-0.039999999999999994
10,raised_floor_gauss,250,plugin_sd_nw_minus_oracle,-0.007000000000000006,-0.0040000000000000036,-0.20091218786519294,0.542104330453915,0.043,0.10000000000000012
10,raised_floor_gauss,250,plugin_sd_nw_minus_fixed,-0.007000000000000006,-0.006000000000000005,-0.2548327087749649,0.10075638223923011,0.0070000000000000895,0.07
10,raised_floor_gauss,250,oracle_minus_fixed,0.0,-0.0020000000000000018,-0.05392052090977195,-0.4413479482146849,-0.03599999999999991,-0.03000000000000011
10,raised_floor_gauss,500,plugin_sd_nw_minus_oracle,-0.0030000000000000027,-0.006000000000000005,-0.16068733250756084,0.35435573549276134,0.03900000000000001,0.1400000000000001
10,raised_floor_gauss,500,plugin_sd_nw_minus_fixed,0.0030000000000000027,0.0020000000000000018,-0.0890807471612618,0.14139036554356021,0.023000000000000007,0.07999999999999999
10,raised_floor_gauss,500,oracle_minus_fixed,0.006000000000000005,0.008000000000000007,0.07160658534629905,-0.21296536994920112,-0.016,-0.06000000000000011
10,raised_floor_gauss,1000,plugin_sd_nw_minus_oracle,0.02300000000000002,0.02300000000000002,-0.05975452044351126,0.11960636222374621,0.031,0.03
10,raised_floor_gauss,1000,plugin_sd_nw_minus_fixed,0.0,0.0,-0.2018350276798837,0.0574063915562375,0.008000000000000097,0.0
10,raised_floor_gauss,1000,oracle_minus_fixed,-0.02300000000000002,-0.02300000000000002,-0.14208050723637244,-0.06219997066750871,-0.022999999999999902,-0.03
10,raised_floor_t3,100,plugin_sd_nw_minus_oracle,0.018000000000000016,0.016000000000000014,0.11772405156868704,0.2863978482325442,0.0439999999999999,0.11
10,raised_floor_t3,100,plugin_sd_nw_minus_fixed,-0.010000000000000009,-0.016000000000000014,-0.9982816409719488,-0.6673734025600098,0.00399999999999999,-0.01999999999999999
10,raised_floor_t3,100,oracle_minus_fixed,-0.028000000000000025,-0.03200000000000003,-1.1160056925406359,-0.953771250792554,-0.03999999999999991,-0.13
10,raised_floor_t3,250,plugin_sd_nw_minus_oracle,0.015000000000000013,0.020000000000000018,0.03702397632191157,0.2628087537296713,0.032999999999999904,0.04000000000000001
10,raised_floor_t3,250,plugin_sd_nw_minus_fixed,-0.0020000000000000018,0.0,-0.17251095089788837,0.012763668677531204,0.018000000000000002,0.04000000000000001
10,raised_floor_t3,250,oracle_minus_fixed,-0.017000000000000015,-0.020000000000000018,-0.20953492721979994,-0.25004508505214007,-0.014999999999999902,0.0
10,raised_floor_t3,500,plugin_sd_nw_minus_oracle,0.007000000000000006,0.010000000000000009,-0.03385851245862481,0.13570114081236362,0.015,0.009999999999999995
10,raised_floor_t3,500,plugin_sd_nw_minus_fixed,-0.006000000000000005,-0.007000000000000006,-0.2107409797702926,-0.07510177133296825,0.004000000000000094,0.0
10,raised_floor_t3,500,oracle_minus_fixed,-0.013000000000000012,-0.017000000000000015,-0.1768824673116678,-0.21080291214533187,-0.010999999999999906,-0.009999999999999995
10,raised_floor_t3,1000,plugin_sd_nw_minus_oracle,0.0050000000000000044,0.0010000000000000009,-0.09830206542390374,0.09503393283177575,0.032999999999999904,0.0
10,raised_floor_t3,1000,plugin_sd_nw_minus_fixed,0.0,-0.0030000000000000027,-0.24884819193408148,-0.11163819342551351,0.017999999999999898,0.0
10,raised_floor_t3,1000,oracle_minus_fixed,-0.0050000000000000044,-0.0040000000000000036,-0.15054612651017774,-0.20667212625728926,-0.015000000000000003,0.0
11,mm1_sojourn,100,plugin_sd_nw_minus_oracle,0.007000000000000006,0.006000000000000005,0.2566975469172883,0.14955124990571278,-0.0010000000000000009,-0.009999999999999995
11,mm1_sojourn,100,plugin_sd_nw_minus_fixed,-0.02400000000000002,0.016000000000000014,-1.9787535600426018,1.3981558821443425,-0.0079999999999999,-0.029999999999999902
11,mm1_sojourn,100,oracle_minus_fixed,-0.031000000000000028,0.010000000000000009,-2.23545110695989,1.2486046322386297,-0.006999999999999899,-0.019999999999999907
11,mm1_sojourn,250,plugin_sd_nw_minus_oracle,-0.0040000000000000036,-0.0010000000000000009,-0.26913134001160444,0.3617036061519432,0.012,0.059999999999999894
11,mm1_sojourn,250,plugin_sd_nw_minus_fixed,-0.0040000000000000036,0.025000000000000022,0.10617307512179419,1.5375830211121038,0.0019999999999999983,0.009999999999999995
11,mm1_sojourn,250,oracle_minus_fixed,0.0,0.026000000000000023,0.37530441513339863,1.1758794149601606,-0.010000000000000002,-0.0499999999999999
11,mm1_sojourn,500,plugin_sd_nw_minus_oracle,-0.0030000000000000027,-0.0050000000000000044,-0.240868343890698,0.23328933497649373,0.0010000000000000009,0.0
11,mm1_sojourn,500,plugin_sd_nw_minus_fixed,-0.015000000000000013,0.030000000000000027,-1.8518478648552383,2.4620896657680227,0.0150000000000001,0.0200000000000001
11,mm1_sojourn,500,oracle_minus_fixed,-0.01200000000000001,0.03500000000000003,-1.6109795209645403,2.228800330791529,0.0140000000000001,0.0200000000000001
11,mm1_sojourn,1000,plugin_sd_nw_minus_oracle,0.0,0.0010000000000000009,-0.36306242617639395,-0.24356691794687357,-0.0019999999999998977,0.0
11,mm1_sojourn,1000,plugin_sd_nw_minus_fixed,0.009000000000000008,0.07600000000000007,-1.0071035995675626,0.304107759641715,-0.002999999999999999,-0.010000000000000099
11,mm1_sojourn,1000,oracle_minus_fixed,0.009000000000000008,0.07500000000000007,-0.6440411733911686,0.5476746775885886,-0.0010000000000001015,-0.010000000000000099
11,raised_floor_gauss,100,plugin_sd_nw_minus_oracle,0.008000000000000007,0.007000000000000006,0.0005168518120250987,0.35314717038180277,0.0439999999999999,0.06
11,raised_floor_gauss,100,plugin_sd_nw_minus_fixed,-0.013000000000000012,-0.02400000000000002,-0.546896632576249,-0.14855194536739091,0.0010000000000000009,-0.01999999999999999
11,raised_floor_gauss,100,oracle_minus_fixed,-0.02100000000000002,-0.031000000000000028,-0.5474134843882741,-0.5016991157491937,-0.0429999999999999,-0.07999999999999999
11,raised_floor_gauss,250,plugin_sd_nw_minus_oracle,0.0040000000000000036,0.0030000000000000027,-0.032946488984562095,0.403115494017229,0.048,0.1100000000000001
11,raised_floor_gauss,250,plugin_sd_nw_minus_fixed,0.0010000000000000009,0.0050000000000000044,-0.0892181212086971,0.11045383536330178,0.023,0.04999999999999999
11,raised_floor_gauss,250,oracle_minus_fixed,-0.0030000000000000027,0.0020000000000000018,-0.056271632224135004,-0.29266165865392724,-0.025,-0.06000000000000011
11,raised_floor_gauss,500,plugin_sd_nw_minus_oracle,0.0030000000000000027,0.0010000000000000009,-0.13639114718546796,0.2714457763228193,0.040999999999999995,0.08
11,raised_floor_gauss,500,plugin_sd_nw_minus_fixed,0.007000000000000006,0.01100000000000001,-0.04329138801450094,0.034425023797360677,0.006999999999999992,0.06000000000000011
11,raised_floor_gauss,500,oracle_minus_fixed,0.0040000000000000036,0.010000000000000009,0.09309975917096702,-0.23702075252545862,-0.034,-0.019999999999999893
11,raised_floor_gauss,1000,plugin_sd_nw_minus_oracle,-0.03300000000000003,-0.02400000000000002,-0.2623793071472824,0.1432977896701111,0.037,0.06000000000000011
11,raised_floor_gauss,1000,plugin_sd_nw_minus_fixed,-0.0020000000000000018,0.0030000000000000027,-0.048199255943248254,-0.003511583073009028,0.0020000000000000018,0.03000000000000011
11,raised_floor_gauss,1000,oracle_minus_fixed,0.031000000000000028,0.027000000000000024,0.21418005120403416,-0.14680937274312011,-0.034999999999999996,-0.03
11,raised_floor_t3,100,plugin_sd_nw_minus_oracle,-0.0030000000000000027,0.0030000000000000027,-0.07619855243681872,0.548554325255501,0.040999999999999995,0.20000000000000007
11,raised_floor_t3,100,plugin_sd_nw_minus_fixed,0.015000000000000013,0.015000000000000013,-0.5885372396883435,-0.5195308015408839,-0.012999999999999998,0.009999999999999953
11,raised_floor_t3,100,oracle_minus_fixed,0.018000000000000016,0.01200000000000001,-0.5123386872515248,-1.068085126796385,-0.05399999999999999,-0.1900000000000001
11,raised_floor_t3,250,plugin_sd_nw_minus_oracle,-0.01100000000000001,-0.016000000000000014,-0.21730185968383475,0.22055487941326302,0.03699999999999991,0.030000000000000096
11,raised_floor_t3,250,plugin_sd_nw_minus_fixed,0.0030000000000000027,0.0,-0.29366331617041297,-0.0892993299897702,0.012999999999999907,-0.04000000000000001
11,raised_floor_t3,250,oracle_minus_fixed,0.014000000000000012,0.016000000000000014,-0.07636145648657822,-0.3098542094030332,-0.023999999999999997,-0.0700000000000001
11,raised_floor_t3,500,plugin_sd_nw_minus_oracle,0.01100000000000001,0.010000000000000009,-0.013288284044302934,0.0979682874416059,0.023,0.009999999999999995
11,raised_floor_t3,500,plugin_sd_nw_minus_fixed,0.0050000000000000044,0.007000000000000006,-0.06967529465707467,-0.10487434760511372,-0.0029999999999999957,0.0
11,raised_floor_t3,500,oracle_minus_fixed,-0.006000000000000005,-0.0030000000000000027,-0.05638701061277174,-0.20284263504671962,-0.025999999999999995,-0.009999999999999995
11,raised_floor_t3,1000,plugin_sd_nw_minus_oracle,-0.0030000000000000027,-0.0020000000000000018,-0.09147604205141069,0.1914440397890731,0.0269999999999999,0.0500000000000001
11,raised_floor_t3,1000,plugin_sd_nw_minus_fixed,0.0030000000000000027,0.0030000000000000027,-0.08123521920484311,-0.03910753980051007,-0.0030000000000001,0.010000000000000009
11,raised_floor_t3,1000,oracle_minus_fixed,0.006000000000000005,0.0050000000000000044,0.010240822846567577,-0.23055157958958317,-0.03,-0.04000000000000009
12,mm1_sojourn,100,plugin_sd_nw_minus_oracle,-0.0020000000000000018,-0.0020000000000000018,-0.6067608621356815,0.004997382899269098,9.71445146547012e-17,-0.009999999999999995
12,mm1_sojourn,100,plugin_sd_nw_minus_fixed,0.016000000000000014,0.04400000000000004,-0.7115137334207233,0.44715621506557746,-0.025999999999999905,-0.09
12,mm1_sojourn,100,oracle_minus_fixed,0.018000000000000016,0.04600000000000004,-0.10475287128504185,0.44215883216630836,-0.026000000000000002,-0.08
12,mm1_sojourn,250,plugin_sd_nw_minus_oracle,0.009000000000000008,0.010000000000000009,-0.018087693606354982,0.09934445583171758,0.0010000000000000009,-0.009999999999999995
12,mm1_sojourn,250,plugin_sd_nw_minus_fixed,0.0040000000000000036,0.05400000000000005,-1.7095989025869596,1.175832252530686,-0.007999999999999997,-0.06999999999999999
12,mm1_sojourn,250,oracle_minus_fixed,-0.0050000000000000044,0.04400000000000004,-1.6915112089806046,1.0764877966989683,-0.008999999999999998,-0.06
12,mm1_sojourn,500,plugin_sd_nw_minus_oracle,0.0040000000000000036,0.0030000000000000027,-0.26881371960989586,0.4764220530464005,0.013999999999999898,0.030000000000000096
12,mm1_sojourn,500,plugin_sd_nw_minus_fixed,-0.010000000000000009,0.02300000000000002,-1.0664369333629171,2.579909347940207,-0.0040000000000000036,0.06
12,mm1_sojourn,500,oracle_minus_fixed,-0.014000000000000012,0.020000000000000018,-0.7976232137530213,2.1034872948938066,-0.0179999999999999,0.029999999999999902
12,mm1_sojourn,1000,plugin_sd_nw_minus_oracle,-0.0030000000000000027,-0.0010000000000000009,-0.41619404183433417,0.19251380792750616,0.006999999999999999,0.020000000000000004
12,mm1_sojourn,1000,plugin_sd_nw_minus_fixed,0.006000000000000005,0.061000000000000054,-0.4934472043994047,2.269493018135435,0.006000000000000002,0.0
12,mm1_sojourn,1000,oracle_minus_fixed,0.009000000000000008,0.062000000000000055,-0.07725316256507053,2.076979210207929,-0.0009999999999999974,-0.020000000000000004
12,raised_floor_gauss,100,plugin_sd_nw_minus_oracle,0.018000000000000016,0.019000000000000017,0.07728922699874019,0.33483849103181784,0.033999999999999905,0.0
12,raised_floor_gauss,100,plugin_sd_nw_minus_fixed,0.017000000000000015,0.015000000000000013,-0.08891267168135109,-0.019163730844750315,0.004999999999999907,-0.010000000000000009
12,raised_floor_gauss,100,oracle_minus_fixed,-0.0010000000000000009,-0.0040000000000000036,-0.16620189868009128,-0.35400222187656816,-0.028999999999999998,-0.010000000000000009
12,raised_floor_gauss,250,plugin_sd_nw_minus_oracle,-0.0050000000000000044,-0.0050000000000000044,-0.17290795302156914,0.3281618741168848,0.051000000000000004,0.08000000000000002
12,raised_floor_gauss,250,plugin_sd_nw_minus_fixed,0.015000000000000013,0.015000000000000013,-0.33698734877104153,-0.15686141932482078,0.007000000000000006,-0.04999999999999999
12,raised_floor_gauss,250,oracle_minus_fixed,0.020000000000000018,0.020000000000000018,-0.1640793957494724,-0.4850232934417056,-0.044,-0.13
12,raised_floor_gauss,500,plugin_sd_nw_minus_oracle,-0.0030000000000000027,-0.0040000000000000036,-0.16413995197159892,0.20233651656750107,0.03900000000000001,0.07000000000000012
12,raised_floor_gauss,500,plugin_sd_nw_minus_fixed,-0.0040000000000000036,-0.0050000000000000044,-0.18534828959289484,0.04996840745562281,0.016,0.04000000000000012
12,raised_floor_gauss,500,oracle_minus_fixed,-0.0010000000000000009,-0.0010000000000000009,-0.021208337621295925,-0.15236810911187826,-0.023000000000000003,-0.03
12,raised_floor_gauss,1000,plugin_sd_nw_minus_oracle,0.027000000000000024,0.02200000000000002,-0.07975914843510079,0.13571005552167792,0.017,0.009999999999999981
12,raised_floor_gauss,1000,plugin_sd_nw_minus_fixed,-0.0020000000000000018,-0.0020000000000000018,-0.1918455385323985,0.034735999937756556,0.0040000000000000036,-0.010000000000000009
12,raised_floor_gauss,1000,oracle_minus_fixed,-0.029000000000000026,-0.02400000000000002,-0.1120863900972977,-0.10097405558392136,-0.012999999999999998,-0.01999999999999999
12,raised_floor_t3,100,plugin_sd_nw_minus_oracle,-0.007000000000000006,-0.006000000000000005,-0.02136165772830889,0.2630754246837226,0.026999999999999996,0.03000000000000011
12,raised_floor_t3,100,plugin_sd_nw_minus_fixed,-0.01200000000000001,-0.010000000000000009,-0.33873485826318905,0.034470432710501875,0.011999999999999997,-0.04999999999999999
12,raised_floor_t3,100,oracle_minus_fixed,-0.0050000000000000044,-0.0040000000000000036,-0.31737320053488016,-0.2286049919732207,-0.015,-0.0800000000000001
12,raised_floor_t3,250,plugin_sd_nw_minus_oracle,0.01200000000000001,0.01100000000000001,-0.04232180685575582,0.22423827918294892,0.011999999999999997,0.08000000000000011
12,raised_floor_t3,250,plugin_sd_nw_minus_fixed,0.017000000000000015,0.008000000000000007,-0.205667164706979,-0.08786336896584634,-0.0129999999999999,-0.04999999999999988
12,raised_floor_t3,250,oracle_minus_fixed,0.0050000000000000044,-0.0030000000000000027,-0.16334535785122317,-0.31210164814879526,-0.024999999999999897,-0.13
12,raised_floor_t3,500,plugin_sd_nw_minus_oracle,0.0040000000000000036,0.0050000000000000044,-0.0752466455634544,0.12450921751796784,0.016000000000000104,0.009999999999999995
12,raised_floor_t3,500,plugin_sd_nw_minus_fixed,0.006000000000000005,0.0030000000000000027,-0.34201522768148207,-0.12171487241974299,-0.010000000000000002,0.0
12,raised_floor_t3,500,oracle_minus_fixed,0.0020000000000000018,-0.0020000000000000018,-0.2667685821180277,-0.24622408993771083,-0.026000000000000106,-0.009999999999999995
12,raised_floor_t3,1000,plugin_sd_nw_minus_oracle,-0.0040000000000000036,-0.0030000000000000027,-0.10062767447410237,0.11320614071867441,0.020000000000000004,0.010000000000000009
12,raised_floor_t3,1000,plugin_sd_nw_minus_fixed,-0.01100000000000001,-0.014000000000000012,-0.32728597547475546,-0.12251516374873939,0.0029999999999999055,0.0
12,raised_floor_t3,1000,oracle_minus_fixed,-0.007000000000000006,-0.01100000000000001,-0.2266583010006531,-0.2357213044674138,-0.0170000000000001,-0.010000000000000009
13,mm1_sojourn,100,plugin_sd_nw_minus_oracle,-0.0050000000000000044,-0.0020000000000000018,0.31475755029610397,0.10914877449458515,0.0010000000000000009,-0.009999999999999995
13,mm1_sojourn,100,plugin_sd_nw_minus_fixed,-0.006000000000000005,0.052000000000000046,-1.6938078542196529,-0.5055242532459552,-9.71445146547012e-17,0.0
13,mm1_sojourn,100,oracle_minus_fixed,-0.0010000000000000009,0.05400000000000005,-2.008565404515757,-0.6146730277405403,-0.001000000000000098,0.009999999999999995
13,mm1_sojourn,250,plugin_sd_nw_minus_oracle,0.0020000000000000018,0.0,-0.041942606661049986,0.15032439281651655,0.0019999999999998977,0.03
13,mm1_sojourn,250,plugin_sd_nw_minus_fixed,0.006000000000000005,0.06300000000000006,-1.6177570286288523,1.321221992095893,-0.002000000000000099,0.019999999999999893
13,mm1_sojourn,250,oracle_minus_fixed,0.0040000000000000036,0.06300000000000006,-1.5758144219678023,1.1708975992793764,-0.003999999999999997,-0.010000000000000106
13,mm1_sojourn,500,plugin_sd_nw_minus_oracle,0.0,-0.007000000000000006,-0.03362484316004899,0.03976798277167859,0.007999999999999903,0.029999999999999902
13,mm1_sojourn,500,plugin_sd_nw_minus_fixed,-0.010000000000000009,0.049000000000000044,-2.224560035139226,0.6177411442371028,0.007999999999999903,0.009999999999999995
13,mm1_sojourn,500,oracle_minus_fixed,-0.010000000000000009,0.05600000000000005,-2.190935191979177,0.5779731614654242,0.0,-0.019999999999999907
13,mm1_sojourn,1000,plugin_sd_nw_minus_oracle,0.0030000000000000027,0.0050000000000000044,-0.10123743887275971,-0.0754341752507468,-0.0010000000000000009,-0.020000000000000004
13,mm1_sojourn,1000,plugin_sd_nw_minus_fixed,-0.009000000000000008,0.028000000000000025,-1.1223878284933448,1.3841443936094855,-0.0010000000000000009,-0.010000000000000009
13,mm1_sojourn,1000,oracle_minus_fixed,-0.01200000000000001,0.02300000000000002,-1.0211503896205851,1.4595785688602323,0.0,0.009999999999999995
13,raised_floor_gauss,100,plugin_sd_nw_minus_oracle,0.006000000000000005,0.010000000000000009,0.09398035039697383,0.5047795761083878,0.05000000000000009,0.0900000000000001
13,raised_floor_gauss,100,plugin_sd_nw_minus_fixed,-0.007000000000000006,-0.007000000000000006,-0.09723214198865504,0.02651506999262976,0.012999999999999998,0.04999999999999999
13,raised_floor_gauss,100,oracle_minus_fixed,-0.013000000000000012,-0.017000000000000015,-0.19121249238562887,-0.478264506115758,-0.037000000000000095,-0.040000000000000105
13,raised_floor_gauss,250,plugin_sd_nw_minus_oracle,-0.01100000000000001,-0.01200000000000001,-0.13334397874750348,0.39189942542490863,0.061000000000000006,0.07000000000000012
13,raised_floor_gauss,250,plugin_sd_nw_minus_fixed,0.0,0.0040000000000000036,-0.14875250706941356,0.21264650353491366,0.044000000000000004,0.07000000000000012
13,raised_floor_gauss,250,oracle_minus_fixed,0.01100000000000001,0.016000000000000014,-0.015408528321910087,-0.17925292188999498,-0.017,0.0
13,raised_floor_gauss,500,plugin_sd_nw_minus_oracle,0.0020000000000000018,0.0020000000000000018,-0.1661623508177894,0.2591878812736046,0.038000000000000006,0.06000000000000011
13,raised_floor_gauss,500,plugin_sd_nw_minus_fixed,0.0010000000000000009,0.006000000000000005,-0.12723844632683523,-0.028880508300738406,0.004999999999999907,-0.010000000000000009
13,raised_floor_gauss,500,oracle_minus_fixed,-0.0010000000000000009,0.0040000000000000036,0.038923904490954175,-0.288068389574343,-0.0330000000000001,-0.07000000000000012
13,raised_floor_gauss,1000,plugin_sd_nw_minus_oracle,0.0030000000000000027,0.0030000000000000027,-0.045679146983054864,0.19673709777128456,0.0449999999999999,0.06
13,raised_floor_gauss,1000,plugin_sd_nw_minus_fixed,0.0030000000000000027,0.0050000000000000044,-0.011728712659564877,0.047165640264065,0.019000000000000003,0.03000000000000011
13,raised_floor_gauss,1000,oracle_minus_fixed,0.0,0.0020000000000000018,0.033950434323489986,-0.14957145750721956,-0.025999999999999898,-0.029999999999999888
13,raised_floor_t3,100,plugin_sd_nw_minus_oracle,0.009000000000000008,0.01100000000000001,0.020631723462863683,0.41838906152191857,0.04100000000000001,0.11
13,raised_floor_t3,100,plugin_sd_nw_minus_fixed,-0.009000000000000008,-0.010000000000000009,-0.3182493421145416,0.1097239322047523,0.015,0.0800000000000001
13,raised_floor_t3,100,oracle_minus_fixed,-0.018000000000000016,-0.02100000000000002,-0.33888106557740527,-0.3086651293171663,-0.02600000000000001,-0.029999999999999902
13,raised_floor_t3,250,plugin_sd_nw_minus_oracle,0.0020000000000000018,0.0020000000000000018,-0.13588300007026244,0.22686713464715513,0.0199999999999999,0.0200000000000001
13,raised_floor_t3,250,plugin_sd_nw_minus_fixed,0.0040000000000000036,0.0020000000000000018,-0.1566918223866156,-0.0034450368740426285,0.005999999999999901,0.0200000000000001
13,raised_floor_t3,250,oracle_minus_fixed,0.0020000000000000018,0.0,-0.02080882231635317,-0.23031217152119776,-0.013999999999999999,0.0
13,raised_floor_t3,500,plugin_sd_nw_minus_oracle,-0.006000000000000005,-0.008000000000000007,-0.14282090776385292,0.1828117889075389,0.017999999999999995,0.04000000000000012
13,raised_floor_t3,500,plugin_sd_nw_minus_fixed,-0.0050000000000000044,-0.0050000000000000044,-0.20582615517750602,-0.07564929183555957,0.000999999999999994,0.03000000000000011
13,raised_floor_t3,500,oracle_minus_fixed,0.0010000000000000009,0.0030000000000000027,-0.0630052474136531,-0.2584610807430985,-0.017,-0.010000000000000009
13,raised_floor_t3,1000,plugin_sd_nw_minus_oracle,0.0,0.0,-0.07823225015564028,0.11994386529395129,0.024,0.04000000000000009
13,raised_floor_t3,1000,plugin_sd_nw_minus_fixed,0.007000000000000006,0.006000000000000005,-0.1653604752453659,-0.12896454426726356,-0.007000000000000103,0.0200000000000001
13,raised_floor_t3,1000,oracle_minus_fixed,0.007000000000000006,0.006000000000000005,-0.08712822508972562,-0.24890840956121485,-0.031000000000000104,-0.01999999999999999
14,mm1_sojourn,100,plugin_sd_nw_minus_oracle,0.0030000000000000027,0.0010000000000000009,-0.2871168157522668,-0.2499035369060092,-0.005000000000000001,-0.010000000000000002
14,mm1_sojourn,100,plugin_sd_nw_minus_fixed,0.013000000000000012,0.050000000000000044,-1.0804732905286745,1.1156337187531058,-0.027000000000000003,-0.09000000000000011
14,mm1_sojourn,100,oracle_minus_fixed,0.010000000000000009,0.049000000000000044,-0.7933564747764077,1.365537255659115,-0.022000000000000002,-0.0800000000000001
14,mm1_sojourn,250,plugin_sd_nw_minus_oracle,-0.0020000000000000018,-0.0040000000000000036,-0.11575241607031295,0.08682263202726936,0.0,1.0408340855860843e-16
14,mm1_sojourn,250,plugin_sd_nw_minus_fixed,0.0,0.028000000000000025,-1.2845129438187994,1.2945657045090062,0.004000000000000101,0.010000000000000106
14,mm1_sojourn,250,oracle_minus_fixed,0.0020000000000000018,0.03200000000000003,-1.1687605277484865,1.2077430724817368,0.004000000000000101,0.010000000000000002
14,mm1_sojourn,500,plugin_sd_nw_minus_oracle,0.009000000000000008,0.009000000000000008,-0.10591797463821617,-0.17384904593228256,-0.0010000000000000009,-9.71445146547012e-17
14,mm1_sojourn,500,plugin_sd_nw_minus_fixed,-0.02300000000000002,0.017000000000000015,-1.9748056895744313,0.6212836722266744,-0.008999999999999897,-0.03
14,mm1_sojourn,500,oracle_minus_fixed,-0.03200000000000003,0.008000000000000007,-1.868887714936215,0.7951327181589569,-0.007999999999999896,-0.029999999999999902
14,mm1_sojourn,1000,plugin_sd_nw_minus_oracle,0.0010000000000000009,0.0010000000000000009,-0.28376371353259255,0.0859572653642342,-0.0010000000000000009,0.0
14,mm1_sojourn,1000,plugin_sd_nw_minus_fixed,0.019000000000000017,0.06900000000000006,-0.8950735355767412,1.4014939460850968,-0.015,-0.049999999999999996
14,mm1_sojourn,1000,oracle_minus_fixed,0.018000000000000016,0.06800000000000006,-0.6113098220441486,1.3155366807208626,-0.013999999999999999,-0.049999999999999996
14,raised_floor_gauss,100,plugin_sd_nw_minus_oracle,-0.019000000000000017,-0.019000000000000017,-0.055359418487174405,0.5180309623831181,0.041,0.12
14,raised_floor_gauss,100,plugin_sd_nw_minus_fixed,-0.01200000000000001,-0.01200000000000001,-0.1370238805231785,0.1840300968786548,0.027999999999999997,0.10999999999999999
14,raised_floor_gauss,100,oracle_minus_fixed,0.007000000000000006,0.007000000000000006,-0.08166446203600408,-0.3340008655044633,-0.013000000000000005,-0.010000000000000009
14,raised_floor_gauss,250,plugin_sd_nw_minus_oracle,0.014000000000000012,0.016000000000000014,-0.12951421137803498,0.2795635074598879,0.03599999999999991,0.09000000000000001
14,raised_floor_gauss,250,plugin_sd_nw_minus_fixed,0.015000000000000013,0.017000000000000015,-0.215086101038521,0.06099984440044137,0.0009999999999999037,0.03
14,raised_floor_gauss,250,oracle_minus_fixed,0.0010000000000000009,0.0010000000000000009,-0.08557188966048601,-0.21856366305944652,-0.035,-0.06000000000000001
14,raised_floor_gauss,500,plugin_sd_nw_minus_oracle,-0.014000000000000012,-0.013000000000000012,-0.24146583580952763,0.2590078810750329,0.044,0.0500000000000001
14,raised_floor_gauss,500,plugin_sd_nw_minus_fixed,-0.007000000000000006,-0.007000000000000006,-0.18268912998244602,-0.022145507482767002,0.025,0.0500000000000001
14,raised_floor_gauss,500,oracle_minus_fixed,0.007000000000000006,0.006000000000000005,0.05877670582708161,-0.2811533885577999,-0.018999999999999996,0.0
14,raised_floor_gauss,1000,plugin_sd_nw_minus_oracle,0.0050000000000000044,0.0,-0.2022689167973848,0.12180137235195954,0.030999999999999996,0.07999999999999999
14,raised_floor_gauss,1000,plugin_sd_nw_minus_fixed,0.0,-0.0020000000000000018,-0.1408236197886663,-0.08525272025852848,0.005999999999999998,0.0200000000000001
14,raised_floor_gauss,1000,oracle_minus_fixed,-0.0050000000000000044,-0.0020000000000000018,0.06144529700871848,-0.20705409261048802,-0.024999999999999998,-0.059999999999999894
14,raised_floor_t3,100,plugin_sd_nw_minus_oracle,0.0050000000000000044,0.0030000000000000027,-0.0019061793095755952,0.3322456919071497,0.046999999999999896,0.0500000000000001
14,raised_floor_t3,100,plugin_sd_nw_minus_fixed,-0.007000000000000006,-0.0050000000000000044,-0.5717902535622534,-0.4117114429225204,0.012999999999999998,0.01999999999999999
14,raised_floor_t3,100,oracle_minus_fixed,-0.01200000000000001,-0.008000000000000007,-0.5698840742526778,-0.7439571348296701,-0.0339999999999999,-0.03000000000000011
14,raised_floor_t3,250,plugin_sd_nw_minus_oracle,-0.015000000000000013,-0.015000000000000013,-0.1338077915314262,0.1946193328970387,0.0329999999999999,0.0
14,raised_floor_t3,250,plugin_sd_nw_minus_fixed,-0.007000000000000006,-0.006000000000000005,-0.3978646567343995,-0.14807185538083756,0.008999999999999897,-0.0200000000000001
14,raised_floor_t3,250,oracle_minus_fixed,0.008000000000000007,0.009000000000000008,-0.26405686520297333,-0.34269118827787626,-0.024,-0.0200000000000001
14,raised_floor_t3,500,plugin_sd_nw_minus_oracle,0.016000000000000014,0.013000000000000012,-0.020655305369833954,0.07595186148610811,0.0020000000000000018,0.009999999999999898
14,raised_floor_t3,500,plugin_sd_nw_minus_fixed,0.010000000000000009,0.009000000000000008,-0.11410972896621607,-0.13197688981677125,-0.013999999999999999,0.0
14,raised_floor_t3,500,oracle_minus_fixed,-0.006000000000000005,-0.0040000000000000036,-0.09345442359638212,-0.20792875130287936,-0.016,-0.009999999999999898
14,raised_floor_t3,1000,plugin_sd_nw_minus_oracle,-0.015000000000000013,-0.013000000000000012,-0.15853594549538208,0.234605861092271,0.031000000000000007,0.050000000000000114
14,raised_floor_t3,1000,plugin_sd_nw_minus_fixed,-0.0020000000000000018,-0.0020000000000000018,-0.17631567770047152,-0.020330420661281767,0.003999999999999906,0.020000000000000018
14,raised_floor_t3,1000,oracle_minus_fixed,0.013000000000000012,0.01100000000000001,-0.017779732205089438,-0.25493628175355276,-0.0270000000000001,-0.030000000000000096
15,mm1_sojourn,100,plugin_sd_nw_minus_oracle,-0.01100000000000001,-0.009000000000000008,0.21015044731336285,0.22449394088937957,0.011000000000000003,0.11
15,mm1_sojourn,100,plugin_sd_nw_minus_fixed,-0.01100000000000001,0.02300000000000002,-1.5873283990316862,0.6695926334955882,-0.012999999999999894,0.06000000000000011
15,mm1_sojourn,100,oracle_minus_fixed,0.0,0.03200000000000003,-1.797478846345049,0.4450986926062086,-0.023999999999999896,-0.04999999999999989
15,mm1_sojourn,250,plugin_sd_nw_minus_oracle,-0.0050000000000000044,-0.0050000000000000044,-0.4133376861900713,0.24211533497132187,0.0049999999999999975,0.0
15,mm1_sojourn,250,plugin_sd_nw_minus_fixed,-0.019000000000000017,0.0050000000000000044,-0.9060050548171565,1.4942274226688372,0.006999999999999996,0.01999999999999999
15,mm1_sojourn,250,oracle_minus_fixed,-0.014000000000000012,0.010000000000000009,-0.49266736862708527,1.2521120876975154,0.0019999999999999983,0.01999999999999999
15,mm1_sojourn,500,plugin_sd_nw_minus_oracle,0.0020000000000000018,-0.0010000000000000009,-0.2213073176893099,-0.03432488240216003,-0.0020000000000000018,-1.0408340855860843e-16
15,mm1_sojourn,500,plugin_sd_nw_minus_fixed,-0.017000000000000015,0.02300000000000002,-1.4206544960452767,1.5158612807729401,-0.0169999999999999,-0.03
15,mm1_sojourn,500,oracle_minus_fixed,-0.019000000000000017,0.02400000000000002,-1.1993471783559668,1.5501861631751002,-0.014999999999999899,-0.029999999999999895
15,mm1_sojourn,1000,plugin_sd_nw_minus_oracle,0.0010000000000000009,0.0,-0.24931563204727425,0.106734994747411,0.0030000000000000027,0.0
15,mm1_sojourn,1000,plugin_sd_nw_minus_fixed,-0.007000000000000006,0.04400000000000004,-0.8166446592776921,1.617734130023539,-0.005000000000000001,0.009999999999999995
15,mm1_sojourn,1000,oracle_minus_fixed,-0.008000000000000007,0.04400000000000004,-0.5673290272304179,1.510999135276128,-0.008000000000000004,0.009999999999999995
15,raised_floor_gauss,100,plugin_sd_nw_minus_oracle,0.0030000000000000027,0.0040000000000000036,-0.11646940757973168,0.6964206666820121,0.0569999999999999,0.12000000000000009
15,raised_floor_gauss,100,plugin_sd_nw_minus_fixed,0.0030000000000000027,-0.0020000000000000018,-0.16721531464777417,0.19573732228338603,0.006999999999999895,-0.009999999999999898
15,raised_floor_gauss,100,oracle_minus_fixed,0.0,-0.006000000000000005,-0.050745907068042495,-0.500683344398626,-0.05,-0.13
15,raised_floor_gauss,250,plugin_sd_nw_minus_oracle,-0.008000000000000007,-0.0030000000000000027,-0.11717899579557578,0.5021563226650056,0.062000000000000006,0.1900000000000001
15,raised_floor_gauss,250,plugin_sd_nw_minus_fixed,0.01100000000000001,0.015000000000000013,0.016920859525415555,0.06656899378746184,0.015,0.1
15,raised_floor_gauss,250,oracle_minus_fixed,0.019000000000000017,0.018000000000000016,0.13409985532099133,-0.4355873288775438,-0.04700000000000001,-0.09000000000000011
15,raised_floor_gauss,500,plugin_sd_nw_minus_oracle,0.01100000000000001,0.013000000000000012,-0.14685550357763066,0.24870682088693297,0.030999999999999896,0.06
15,raised_floor_gauss,500,plugin_sd_nw_minus_fixed,0.008000000000000007,0.006000000000000005,-0.0679732377631086,0.09814451537127855,0.005999999999999894,-0.01999999999999999
15,raised_floor_gauss,500,oracle_minus_fixed,-0.0030000000000000027,-0.007000000000000006,0.07888226581452207,-0.15056230551565442,-0.025,-0.07999999999999999
15,raised_floor_gauss,1000,plugin_sd_nw_minus_oracle,-0.0020000000000000018,0.0,-0.19663146188164893,0.14648560194670646,0.024,0.0500000000000001
15,raised_floor_gauss,1000,plugin_sd_nw_minus_fixed,-0.008000000000000007,-0.0040000000000000036,-0.13493883681494667,0.07281167126551047,0.020000000000000004,0.03000000000000011
15,raised_floor_gauss,1000,oracle_minus_fixed,-0.006000000000000005,-0.0040000000000000036,0.061692625066702256,-0.07367393068119599,-0.003999999999999997,-0.01999999999999999
15,raised_floor_t3,100,plugin_sd_nw_minus_oracle,0.014000000000000012,0.017000000000000015,0.04079444910496255,0.3595777398182123,0.04,0.050000000000000114
15,raised_floor_t3,100,plugin_sd_nw_minus_fixed,0.019000000000000017,0.019000000000000017,-1.42688617166516,-1.291108154107111,-0.0030000000000001,-0.04999999999999999
15,raised_floor_t3,100,oracle_minus_fixed,0.0050000000000000044,0.0020000000000000018,-1.4676806207701225,-1.6506858939253233,-0.0430000000000001,-0.1000000000000001
15,raised_floor_t3,250,plugin_sd_nw_minus_oracle,-0.010000000000000009,-0.009000000000000008,-0.09296053061955156,0.3223090362928054,0.036,0.04000000000000009
15,raised_floor_t3,250,plugin_sd_nw_minus_fixed,-0.0050000000000000044,-0.007000000000000006,-0.325253889072471,-0.02290496311843926,0.0129999999999999,0.0200000000000001
15,raised_floor_t3,250,oracle_minus_fixed,0.0050000000000000044,0.0020000000000000018,-0.23229335845291943,-0.34521399941124464,-0.023000000000000097,-0.01999999999999999
15,raised_floor_t3,500,plugin_sd_nw_minus_oracle,0.0040000000000000036,0.007000000000000006,-0.0049759978112056125,0.20186564137554086,0.0199999999999999,0.03
15,raised_floor_t3,500,plugin_sd_nw_minus_fixed,-0.0020000000000000018,0.0,-0.1669424851255077,0.021687339814101758,0.009999999999999905,0.010000000000000009
15,raised_floor_t3,500,oracle_minus_fixed,-0.006000000000000005,-0.007000000000000006,-0.16196648731430208,-0.1801783015614391,-0.009999999999999995,-0.01999999999999999
15,raised_floor_t3,1000,plugin_sd_nw_minus_oracle,0.0050000000000000044,0.006000000000000005,-0.007124281976796931,0.06414602330500152,0.0110000000000001,0.0
15,raised_floor_t3,1000,plugin_sd_nw_minus_fixed,0.0020000000000000018,0.0020000000000000018,-0.20624540053692297,-0.08584561870388585,-0.005999999999999901,-0.009999999999999995
15,raised_floor_t3,1000,oracle_minus_fixed,-0.0030000000000000027,-0.0040000000000000036,-0.19912111856012604,-0.14999164200888737,-0.017,-0.009999999999999995
16,mm1_sojourn,100,plugin_sd_nw_minus_oracle,0.013000000000000012,0.01100000000000001,0.8920720215635676,0.1921838850194355,0.0030000000000000027,9.71445146547012e-17
16,mm1_sojourn,100,plugin_sd_nw_minus_fixed,-0.018000000000000016,0.0020000000000000018,-2.4301367547175943,-1.0704135885371358,-0.013999999999999894,-0.019999999999999893
16,mm1_sojourn,100,oracle_minus_fixed,-0.031000000000000028,-0.009000000000000008,-3.322208776281162,-1.2625974735565713,-0.016999999999999897,-0.01999999999999999
16,mm1_sojourn,250,plugin_sd_nw_minus_oracle,0.0,0.0010000000000000009,-0.4572666331400548,0.3011901281465583,0.006000000000000002,0.020000000000000004
16,mm1_sojourn,250,plugin_sd_nw_minus_fixed,-0.013000000000000012,0.01200000000000001,-2.3638255608255463,0.6825795644143486,-0.0029999999999998986,0.020000000000000004
16,mm1_sojourn,250,oracle_minus_fixed,-0.013000000000000012,0.01100000000000001,-1.9065589276854915,0.3813894362677903,-0.0089999999999999,0.0
16,mm1_sojourn,500,plugin_sd_nw_minus_oracle,0.0010000000000000009,0.0,-0.27500026337790473,0.016297102168586264,-0.0010000000000000009,0.0
16,mm1_sojourn,500,plugin_sd_nw_minus_fixed,0.016000000000000014,0.08000000000000007,-1.8157682895509675,0.6283109925332333,-0.011999999999999997,-0.020000000000000108
16,mm1_sojourn,500,oracle_minus_fixed,0.015000000000000013,0.08000000000000007,-1.5407680261730627,0.612013890364647,-0.010999999999999996,-0.020000000000000108
16,mm1_sojourn,1000,plugin_sd_nw_minus_oracle,0.0,0.0010000000000000009,-0.3266257559274832,0.0197194929770248,0.0,-0.010000000000000002
16,mm1_sojourn,1000,plugin_sd_nw_minus_fixed,-0.006000000000000005,0.04300000000000004,-0.4517594131932201,1.5965859851250066,-0.018000000000000002,-0.03
16,mm1_sojourn,1000,oracle_minus_fixed,-0.006000000000000005,0.04200000000000004,-0.1251336572657369,1.5768664921479818,-0.018000000000000002,-0.019999999999999997
16,raised_floor_gauss,100,plugin_sd_nw_minus_oracle,-0.009000000000000008,-0.010000000000000009,-0.11593172446091593,0.7169860569049558,0.07500000000000001,0.24
16,raised_floor_gauss,100,plugin_sd_nw_minus_fixed,-0.009000000000000008,-0.010000000000000009,-0.2607477613678597,0.15692451005994812,0.021000000000000005,0.07999999999999999
16,raised_floor_gauss,100,oracle_minus_fixed,0.0,0.0,-0.14481603690694378,-0.5600615468450076,-0.054,-0.15999999999999998
16,raised_floor_gauss,250,plugin_sd_nw_minus_oracle,-0.0010000000000000009,0.0010000000000000009,-0.2521822722321443,0.3849549463653119,0.042999999999999906,0.13
16,raised_floor_gauss,250,plugin_sd_nw_minus_fixed,-0.0010000000000000009,-0.0010000000000000009,-0.3661596763609527,0.11813221631364001,0.023000000000000007,0.09000000000000011
16,raised_floor_gauss,250,oracle_minus_fixed,0.0,-0.0020000000000000018,-0.11397740412880841,-0.2668227300516719,-0.0199999999999999,-0.0399999999999999
16,raised_floor_gauss,500,plugin_sd_nw_minus_oracle,-0.01200000000000001,-0.007000000000000006,-0.17745348505402214,0.23363659914751755,0.0339999999999999,0.020000000000000004
16,raised_floor_gauss,500,plugin_sd_nw_minus_fixed,-0.006000000000000005,-0.0040000000000000036,-0.20871344359049937,0.06882366045930777,0.017999999999999898,0.0
16,raised_floor_gauss,500,oracle_minus_fixed,0.006000000000000005,0.0030000000000000027,-0.03125995853647723,-0.1648129386882098,-0.016,-0.020000000000000004
16,raised_floor_gauss,1000,plugin_sd_nw_minus_oracle,0.007000000000000006,0.0050000000000000044,-0.13156116308789123,0.17916536210929523,0.024999999999999994,0.03
16,raised_floor_gauss,1000,plugin_sd_nw_minus_fixed,0.007000000000000006,0.008000000000000007,-0.05989056951718563,0.07020229065139771,0.0029999999999999957,0.010000000000000009
16,raised_floor_gauss,1000,oracle_minus_fixed,0.0,0.0030000000000000027,0.0716705935707056,-0.10896307145789752,-0.022,-0.01999999999999999
16,raised_floor_t3,100,plugin_sd_nw_minus_oracle,-0.0050000000000000044,-0.0010000000000000009,0.15998322546462318,0.5192896684101567,0.031000000000000007,0.0800000000000001
16,raised_floor_t3,100,plugin_sd_nw_minus_fixed,0.010000000000000009,0.0030000000000000027,-0.386562032362638,-0.373495100166342,-0.009999999999999995,0.01999999999999999
16,raised_floor_t3,100,oracle_minus_fixed,0.015000000000000013,0.0040000000000000036,-0.5465452578272612,-0.8927847685764987,-0.041,-0.06000000000000011
16,raised_floor_t3,250,plugin_sd_nw_minus_oracle,0.01100000000000001,0.010000000000000009,0.009792411147550695,0.2492883485483901,0.0269999999999999,0.010000000000000009
16,raised_floor_t3,250,plugin_sd_nw_minus_fixed,0.029000000000000026,0.02300000000000002,-0.22255479880797724,-0.0298617568914743,-0.001000000000000098,-0.03000000000000011
16,raised_floor_t3,250,oracle_minus_fixed,0.018000000000000016,0.013000000000000012,-0.23234720995552793,-0.2791501054398644,-0.027999999999999997,-0.04000000000000012
16,raised_floor_t3,500,plugin_sd_nw_minus_oracle,0.006000000000000005,0.0020000000000000018,-0.07739116448398953,0.15531721945648425,0.012000000000000004,0.0
16,raised_floor_t3,500,plugin_sd_nw_minus_fixed,0.0020000000000000018,-0.0020000000000000018,-0.2600385187077534,-0.1375716015422892,-0.003999999999999997,-0.010000000000000009
16,raised_floor_t3,500,oracle_minus_fixed,-0.0040000000000000036,-0.0040000000000000036,-0.18264735422376388,-0.29288882099877345,-0.016,-0.010000000000000009
16,raised_floor_t3,1000,plugin_sd_nw_minus_oracle,-0.0030000000000000027,-0.0030000000000000027,-0.11384951739530424,0.05944560122052733,0.014999999999999996,0.009999999999999995
16,raised_floor_t3,1000,plugin_sd_nw_minus_fixed,-0.007000000000000006,-0.006000000000000005,-0.43613043347030733,-0.28855073215079985,-0.010999999999999906,-0.010000000000000009
16,raised_floor_t3,1000,oracle_minus_fixed,-0.0040000000000000036,-0.0030000000000000027,-0.3222809160750031,-0.3479963333713272,-0.0259999999999999,-0.020000000000000004
17,mm1_sojourn,100,plugin_sd_nw_minus_oracle,-0.016000000000000014,-0.01200000000000001,-0.281236732525592,0.23858058938006366,0.018000000000000002,0.04000000000000001
17,mm1_sojourn,100,plugin_sd_nw_minus_fixed,0.017000000000000015,0.06099999999999994,-3.054673405699681,0.39566675962502096,-0.012999999999999998,0.0
17,mm1_sojourn,100,oracle_minus_fixed,0.03300000000000003,0.07299999999999995,-2.773436673174089,0.1570861702449573,-0.031,-0.04000000000000001
17,mm1_sojourn,250,plugin_sd_nw_minus_oracle,0.0020000000000000018,0.0040000000000000036,-0.3304446459231798,-0.2426160069555241,-0.005999999999999998,-9.71445146547012e-17
17,mm1_sojourn,250,plugin_sd_nw_minus_fixed,0.0,0.03700000000000003,-0.5747308604834744,1.1879606807865972,0.010000000000000002,0.020000000000000004
17,mm1_sojourn,250,oracle_minus_fixed,-0.0020000000000000018,0.03300000000000003,-0.24428621456029465,1.4305766877421213,0.016,0.0200000000000001
17,mm1_sojourn,500,plugin_sd_nw_minus_oracle,-0.0050000000000000044,-0.0050000000000000044,-0.5373910345694028,0.5472469799594073,0.0089999999999999,0.06999999999999999
17,mm1_sojourn,500,plugin_sd_nw_minus_fixed,-0.007000000000000006,0.03400000000000003,-1.8788011433734502,2.305559648515681,0.014999999999999902,0.0500000000000001
17,mm1_sojourn,500,oracle_minus_fixed,-0.0020000000000000018,0.039000000000000035,-1.3414101088040473,1.7583126685562736,0.006000000000000002,-0.019999999999999893
17,mm1_sojourn,1000,plugin_sd_nw_minus_oracle,-0.0020000000000000018,-0.0050000000000000044,-0.3366892119572462,0.06316632032167036,0.0,0.0
17,mm1_sojourn,1000,plugin_sd_nw_minus_fixed,-0.0050000000000000044,0.027000000000000024,-1.623005907132642,1.3772919196015696,-0.0009999999999998968,-0.019999999999999893
17,mm1_sojourn,1000,oracle_minus_fixed,-0.0030000000000000027,0.03200000000000003,-1.2863166951753957,1.3141255992798992,-0.0009999999999998968,-0.019999999999999893
17,raised_floor_gauss,100,plugin_sd_nw_minus_oracle,-0.0030000000000000027,-0.0020000000000000018,0.04120986568347007,0.5362859790591394,0.0469999999999999,0.10000000000000009
17,raised_floor_gauss,100,plugin_sd_nw_minus_fixed,0.0020000000000000018,0.0010000000000000009,-0.11705574011186926,0.15494096611143737,0.014000000000000012,0.07000000000000009
17,raised_floor_gauss,100,oracle_minus_fixed,0.0050000000000000044,0.0030000000000000027,-0.15826560579533933,-0.38134501294770207,-0.03299999999999989,-0.03
17,raised_floor_gauss,250,plugin_sd_nw_minus_oracle,0.0040000000000000036,0.008000000000000007,-0.12602523719285363,0.22247473663769357,0.036,0.030000000000000096
17,raised_floor_gauss,250,plugin_sd_nw_minus_fixed,0.020000000000000018,0.02300000000000002,-0.17004464832965738,-0.14290806181176174,-0.006000000000000005,-0.03
17,raised_floor_gauss,250,oracle_minus_fixed,0.016000000000000014,0.015000000000000013,-0.04401941113680374,-0.3653827984494553,-0.042,-0.060000000000000095
17,raised_floor_gauss,500,plugin_sd_nw_minus_oracle,0.0030000000000000027,0.008000000000000007,-0.20339087185778437,0.29904609200507126,0.0389999999999999,0.07000000000000009
17,raised_floor_gauss,500,plugin_sd_nw_minus_fixed,0.01200000000000001,0.013000000000000012,-0.07641975930543277,0.08879242173202684,0.009999999999999898,0.04000000000000009
17,raised_floor_gauss,500,oracle_minus_fixed,0.009000000000000008,0.0050000000000000044,0.1269711125523516,-0.21025367027304442,-0.029000000000000005,-0.03
17,raised_floor_gauss,1000,plugin_sd_nw_minus_oracle,0.0030000000000000027,0.0020000000000000018,-0.11863204214166512,0.2156963958921141,0.030999999999999896,0.08
17,raised_floor_gauss,1000,plugin_sd_nw_minus_fixed,0.009000000000000008,0.0050000000000000044,-0.045612896996579,0.1037281498695477,0.004999999999999893,0.06000000000000011
17,raised_floor_gauss,1000,oracle_minus_fixed,0.006000000000000005,0.0030000000000000027,0.07301914514508612,-0.11196824602256639,-0.026000000000000002,-0.019999999999999893
17,raised_floor_t3,100,plugin_sd_nw_minus_oracle,-0.0010000000000000009,0.0010000000000000009,-0.024345094494893083,0.1638370156658846,0.0290000000000001,0.009999999999999995
17,raised_floor_t3,100,plugin_sd_nw_minus_fixed,0.0,0.0020000000000000018,-0.8876942788971256,-0.627116271595888,-0.019999999999999907,-0.13
17,raised_floor_t3,100,oracle_minus_fixed,0.0010000000000000009,0.0010000000000000009,-0.8633491844022325,-0.7909532872617726,-0.049,-0.14
17,raised_floor_t3,250,plugin_sd_nw_minus_oracle,0.0040000000000000036,0.0040000000000000036,-0.09416582257705697,0.0516735691619532,0.0120000000000001,0.0
17,raised_floor_t3,250,plugin_sd_nw_minus_fixed,0.016000000000000014,0.017000000000000015,-0.9544378731203191,-1.0371592265228697,-0.028000000000000004,-0.12000000000000009
17,raised_floor_t3,250,oracle_minus_fixed,0.01200000000000001,0.013000000000000012,-0.8602720505432622,-1.088832795684823,-0.040000000000000105,-0.12000000000000009
17,raised_floor_t3,500,plugin_sd_nw_minus_oracle,0.0050000000000000044,0.0010000000000000009,-0.07423812982716882,0.16826021260497415,0.033,0.009999999999999995
17,raised_floor_t3,500,plugin_sd_nw_minus_fixed,-0.008000000000000007,-0.009000000000000008,-0.3267316561320044,-0.16723625308972023,0.005999999999999998,0.0
17,raised_floor_t3,500,oracle_minus_fixed,-0.013000000000000012,-0.010000000000000009,-0.25249352630483557,-0.3354964656946944,-0.027,-0.009999999999999995
17,raised_floor_t3,1000,plugin_sd_nw_minus_oracle,0.0030000000000000027,0.008000000000000007,-0.1353096123250075,-0.0035079929232582074,-0.000999999999999994,0.0
17,raised_floor_t3,1000,plugin_sd_nw_minus_fixed,0.0020000000000000018,0.0020000000000000018,-0.2985544517668819,-0.18860122534685964,-0.016,0.0
17,raised_floor_t3,1000,oracle_minus_fixed,-0.0010000000000000009,-0.006000000000000005,-0.1632448394418744,-0.18509323242360143,-0.015000000000000006,0.0
18,mm1_sojourn,100,plugin_sd_nw_minus_oracle,0.0020000000000000018,0.01200000000000001,0.0779300887466654,0.21787361024507845,0.011999999999999896,0.029999999999999902
18,mm1_sojourn,100,plugin_sd_nw_minus_fixed,-0.008000000000000007,0.015000000000000013,-2.4440682905475777,0.8230349405676911,0.009999999999999898,0.0
18,mm1_sojourn,100,oracle_minus_fixed,-0.010000000000000009,0.0030000000000000027,-2.521998379294243,0.6051613303226127,-0.0019999999999999983,-0.029999999999999902
18,mm1_sojourn,250,plugin_sd_nw_minus_oracle,0.010000000000000009,0.006000000000000005,-0.16032579121861534,0.17147775952169653,0.012,-0.009999999999999898
18,mm1_sojourn,250,plugin_sd_nw_minus_fixed,0.02100000000000002,0.041000000000000036,-0.8394272834531575,1.3497644696901485,-0.0030000000000001,-0.010000000000000002
18,mm1_sojourn,250,oracle_minus_fixed,0.01100000000000001,0.03500000000000003,-0.6791014922345422,1.178286710168452,-0.0150000000000001,-1.0408340855860843e-16
18,mm1_sojourn,500,plugin_sd_nw_minus_oracle,-0.0030000000000000027,-0.0030000000000000027,-0.29581905707753364,0.1616985974228129,0.0009999999999999974,0.0
18,mm1_sojourn,500,plugin_sd_nw_minus_fixed,-0.01200000000000001,0.052000000000000046,-1.3918942719313616,0.5692279788599315,-0.0020000000000000018,9.71445146547012e-17
18,mm1_sojourn,500,oracle_minus_fixed,-0.009000000000000008,0.05500000000000005,-1.096075214853828,0.4075293814371186,-0.002999999999999999,9.71445146547012e-17
18,mm1_sojourn,1000,plugin_sd_nw_minus_oracle,0.0020000000000000018,0.0020000000000000018,0.23060003144659635,-0.0054609692392482145,-0.0020000000000000018,0.010000000000000009
18,mm1_sojourn,1000,plugin_sd_nw_minus_fixed,-0.014000000000000012,0.03300000000000003,-1.2784946225987106,1.188460782291319,0.0019999999999999983,0.020000000000000004
18,mm1_sojourn,1000,oracle_minus_fixed,-0.016000000000000014,0.031000000000000028,-1.509094654045307,1.1939217515305671,0.004,0.009999999999999995
18,raised_floor_gauss,100,plugin_sd_nw_minus_oracle,-0.0040000000000000036,-0.0040000000000000036,0.013692816220048254,0.49966502917930944,0.03600000000000011,0.12000000000000009
18,raised_floor_gauss,100,plugin_sd_nw_minus_fixed,0.008000000000000007,0.007000000000000006,-0.37331479885165386,-0.214471673056972,0.008000000000000104,0.04999999999999999
18,raised_floor_gauss,100,oracle_minus_fixed,0.01200000000000001,0.01100000000000001,-0.3870076150717021,-0.7141367022362815,-0.028000000000000004,-0.0700000000000001
18,raised_floor_gauss,250,plugin_sd_nw_minus_oracle,-0.014000000000000012,-0.013000000000000012,-0.2448395624754922,0.4650732054177391,0.05600000000000009,0.08000000000000011
18,raised_floor_gauss,250,plugin_sd_nw_minus_fixed,-0.010000000000000009,-0.009000000000000008,-0.4716605104661533,0.14834470696129332,0.031999999999999994,0.07000000000000012
18,raised_floor_gauss,250,oracle_minus_fixed,0.0040000000000000036,0.0040000000000000036,-0.2268209479906611,-0.3167284984564458,-0.0240000000000001,-0.009999999999999995
18,raised_floor_gauss,500,plugin_sd_nw_minus_oracle,-0.01100000000000001,-0.010000000000000009,-0.18939904156549447,0.2766380807890614,0.038999999999999896,0.08
18,raised_floor_gauss,500,plugin_sd_nw_minus_fixed,-0.0010000000000000009,0.0040000000000000036,-0.09666336018918242,-0.0024870270519703475,0.018999999999999892,-0.03
18,raised_floor_gauss,500,oracle_minus_fixed,0.010000000000000009,0.014000000000000012,0.09273568137631205,-0.2791251078410317,-0.020000000000000004,-0.11
18,raised_floor_gauss,1000,plugin_sd_nw_minus_oracle,-0.0010000000000000009,0.0,-0.1604948025595485,0.09158891745372033,0.020999999999999998,0.020000000000000004
18,raised_floor_gauss,1000,plugin_sd_nw_minus_fixed,-0.0030000000000000027,-0.0010000000000000009,-0.15847530214017302,0.04107598481751795,0.015,-0.009999999999999995
18,raised_floor_gauss,1000,oracle_minus_fixed,-0.0020000000000000018,-0.0010000000000000009,0.002019500419375486,-0.05051293263620238,-0.005999999999999998,-0.03
18,raised_floor_t3,100,plugin_sd_nw_minus_oracle,0.0050000000000000044,0.007000000000000006,0.024349319614584086,0.3615228347189823,0.031,0.03000000000000011
18,raised_floor_t3,100,plugin_sd_nw_minus_fixed,0.0040000000000000036,-0.0040000000000000036,-0.38388224204867294,0.021433282025443923,0.00800000000000009,-0.01999999999999999
18,raised_floor_t3,100,oracle_minus_fixed,-0.0010000000000000009,-0.01100000000000001,-0.408231561663257,-0.34008955269353836,-0.02299999999999991,-0.0500000000000001
18,raised_floor_t3,250,plugin_sd_nw_minus_oracle,-0.010000000000000009,-0.0050000000000000044,-0.1132503057902865,0.12353893909600044,0.010000000000000002,0.020000000000000004
18,raised_floor_t3,250,plugin_sd_nw_minus_fixed,-0.0020000000000000018,0.0040000000000000036,-0.38455467156471035,-0.1869904350860443,-0.005999999999999901,-0.010000000000000092
18,raised_floor_t3,250,oracle_minus_fixed,0.008000000000000007,0.009000000000000008,-0.27130436577442385,-0.31052937418204474,-0.015999999999999903,-0.030000000000000096
18,raised_floor_t3,500,plugin_sd_nw_minus_oracle,-0.0010000000000000009,-0.0030000000000000027,-0.09049870534587545,0.16106716347558292,0.019000000000000003,0.020000000000000004
18,raised_floor_t3,500,plugin_sd_nw_minus_fixed,-0.0020000000000000018,-0.0040000000000000036,-0.2867510230890953,-0.08543101910283157,-0.0040000000000000036,0.010000000000000009
18,raised_floor_t3,500,oracle_minus_fixed,-0.0010000000000000009,-0.0010000000000000009,-0.19625231774321983,-0.2464981825784145,-0.023000000000000007,-0.009999999999999995
18,raised_floor_t3,1000,plugin_sd_nw_minus_oracle,0.010000000000000009,0.0050000000000000044,-0.08990730066764874,0.07516909470175426,0.009999999999999995,0.0
18,raised_floor_t3,1000,plugin_sd_nw_minus_fixed,-0.0010000000000000009,0.0010000000000000009,-0.2010386198535623,-0.10997249675868881,-0.0030000000000000027,-0.03000000000000011
18,raised_floor_t3,1000,oracle_minus_fixed,-0.01100000000000001,-0.0040000000000000036,-0.11113131918591357,-0.18514159146044307,-0.012999999999999998,-0.03000000000000011
19,mm1_sojourn,100,plugin_sd_nw_minus_oracle,0.0,-0.0010000000000000009,-0.35006079497363807,0.1378699395351024,0.004000000000000097,0.010000000000000002
19,mm1_sojourn,100,plugin_sd_nw_minus_fixed,0.0030000000000000027,0.029000000000000026,-4.010733717876382,-1.1152403221287752,-0.013000000000000005,-0.019999999999999997
19,mm1_sojourn,100,oracle_minus_fixed,0.0030000000000000027,0.030000000000000027,-3.6606729229027444,-1.2531102616638776,-0.017000000000000102,-0.03
19,mm1_sojourn,250,plugin_sd_nw_minus_oracle,0.008000000000000007,0.0050000000000000044,-0.2415787063470436,-0.08906040666827408,0.0079999999999999,0.019999999999999997
19,mm1_sojourn,250,plugin_sd_nw_minus_fixed,-0.006000000000000005,0.03200000000000003,-1.639460050932275,0.29978745208673985,-0.0140000000000001,-0.03
19,mm1_sojourn,250,oracle_minus_fixed,-0.014000000000000012,0.027000000000000024,-1.3978813445852314,0.38884785875501393,-0.022,-0.049999999999999996
19,mm1_sojourn,500,plugin_sd_nw_minus_oracle,-0.0020000000000000018,0.0,-0.48173546952153945,0.1345697896590199,0.010000000000000002,9.71445146547012e-17
19,mm1_sojourn,500,plugin_sd_nw_minus_fixed,-0.0020000000000000018,0.030000000000000027,-0.5864267711281599,2.207130196784407,0.0040000000000000036,-0.029999999999999902
19,mm1_sojourn,500,oracle_minus_fixed,0.0,0.030000000000000027,-0.10469130160662043,2.072560407125387,-0.005999999999999998,-0.03
19,mm1_sojourn,1000,plugin_sd_nw_minus_oracle,0.007000000000000006,0.01100000000000001,0.052113607354471014,-0.1436269243856536,-0.010999999999999996,-0.010000000000000009
19,mm1_sojourn,1000,plugin_sd_nw_minus_fixed,0.010000000000000009,0.052000000000000046,-0.6006012325852197,1.272925083829774,-0.013999999999999999,-0.020000000000000004
19,mm1_sojourn,1000,oracle_minus_fixed,0.0030000000000000027,0.041000000000000036,-0.6527148399396907,1.4165520082154277,-0.0030000000000000027,-0.009999999999999995
19,raised_floor_gauss,100,plugin_sd_nw_minus_oracle,-0.0020000000000000018,-0.0050000000000000044,0.06066286912603758,0.5003561014995879,0.054000000000000006,0.04000000000000009
19,raised_floor_gauss,100,plugin_sd_nw_minus_fixed,0.008000000000000007,0.0040000000000000036,0.0492614113130978,0.04383074101779849,0.013999999999999999,0.0200000000000001
19,raised_floor_gauss,100,oracle_minus_fixed,0.010000000000000009,0.009000000000000008,-0.011401457812939775,-0.4565253604817894,-0.04000000000000001,-0.01999999999999999
19,raised_floor_gauss,250,plugin_sd_nw_minus_oracle,-0.008000000000000007,-0.01200000000000001,-0.08018033784654799,0.4515463481159858,0.0579999999999999,0.16
19,raised_floor_gauss,250,plugin_sd_nw_minus_fixed,0.0040000000000000036,0.0010000000000000009,-0.12004130102234001,0.12594481477575403,0.018000000000000002,0.049999999999999906
19,raised_floor_gauss,250,oracle_minus_fixed,0.01200000000000001,0.013000000000000012,-0.03986096317579202,-0.3256015333402318,-0.0399999999999999,-0.1100000000000001
19,raised_floor_gauss,500,plugin_sd_nw_minus_oracle,-0.008000000000000007,-0.010000000000000009,-0.19236328246628442,0.30568103686586,0.052000000000000005,0.09000000000000011
19,raised_floor_gauss,500,plugin_sd_nw_minus_fixed,-0.010000000000000009,-0.009000000000000008,-0.09871247587502108,0.15206946916315545,0.027999999999999997,0.06000000000000011
19,raised_floor_gauss,500,oracle_minus_fixed,-0.0020000000000000018,0.0010000000000000009,0.09365080659126335,-0.15361156770270457,-0.024000000000000004,-0.03
19,raised_floor_gauss,1000,plugin_sd_nw_minus_oracle,0.015000000000000013,0.01200000000000001,-0.22045023650094864,0.06771120716849977,0.015,0.019999999999999893
19,raised_floor_gauss,1000,plugin_sd_nw_minus_fixed,0.014000000000000012,0.017000000000000015,-0.1796539590083679,-0.02526475576506826,-0.009999999999999995,-0.04000000000000012
19,raised_floor_gauss,1000,oracle_minus_fixed,-0.0010000000000000009,0.0050000000000000044,0.040796277492580746,-0.09297596293356802,-0.024999999999999994,-0.06000000000000001
19,raised_floor_t3,100,plugin_sd_nw_minus_oracle,-0.0030000000000000027,-0.006000000000000005,-0.10727714980326764,0.4449040464191323,0.033,0.20000000000000007
19,raised_floor_t3,100,plugin_sd_nw_minus_fixed,-0.0020000000000000018,-0.010000000000000009,-1.2008291553309423,-0.6551012903102489,0.0020000000000000018,0.12999999999999998
19,raised_floor_t3,100,oracle_minus_fixed,0.0010000000000000009,-0.0040000000000000036,-1.0935520055276746,-1.1000053367293812,-0.031,-0.0700000000000001
19,raised_floor_t3,250,plugin_sd_nw_minus_oracle,-0.0020000000000000018,-0.0030000000000000027,-0.10852124347448555,0.20935195850034605,0.027999999999999907,0.07000000000000009
19,raised_floor_t3,250,plugin_sd_nw_minus_fixed,0.0050000000000000044,0.0050000000000000044,-0.29695710469044334,-0.10616669609156615,0.01499999999999991,0.0500000000000001
19,raised_floor_t3,250,oracle_minus_fixed,0.007000000000000006,0.008000000000000007,-0.1884358612159578,-0.3155186545919122,-0.012999999999999998,-0.01999999999999999
19,raised_floor_t3,500,plugin_sd_nw_minus_oracle,-0.0050000000000000044,-0.0050000000000000044,-0.04762443708270414,0.13965457648409174,0.018999999999999996,0.020000000000000004
19,raised_floor_t3,500,plugin_sd_nw_minus_fixed,-0.006000000000000005,-0.010000000000000009,-0.24642755082088108,-0.07683483017533721,0.0,0.010000000000000009
19,raised_floor_t3,500,oracle_minus_fixed,-0.0010000000000000009,-0.0050000000000000044,-0.19880311373817694,-0.21648940665942895,-0.018999999999999996,-0.009999999999999995
19,raised_floor_t3,1000,plugin_sd_nw_minus_oracle,-0.0010000000000000009,-0.007000000000000006,-0.18641362256466132,0.16309214892135993,0.021,0.07000000000000012
19,raised_floor_t3,1000,plugin_sd_nw_minus_fixed,0.0,-0.0040000000000000036,-0.16965369710206146,-0.028596383641729783,-0.009999999999999995,0.03000000000000011
19,raised_floor_t3,1000,oracle_minus_fixed,0.0010000000000000009,0.0030000000000000027,0.016759925462599856,-0.1916885325630897,-0.030999999999999996,-0.04000000000000001
20,mm1_sojourn,100,plugin_sd_nw_minus_oracle,0.0050000000000000044,0.0050000000000000044,0.2011451165349163,0.18378050100390375,0.0110000000000001,0.009999999999999898
20,mm1_sojourn,100,plugin_sd_nw_minus_fixed,0.008000000000000007,0.04300000000000004,-0.9042419141231726,0.7962714750320643,0.026000000000000002,0.020000000000000004
20,mm1_sojourn,100,oracle_minus_fixed,0.0030000000000000027,0.038000000000000034,-1.1053870306580889,0.6124909740281606,0.014999999999999902,0.010000000000000106
20,mm1_sojourn,250,plugin_sd_nw_minus_oracle,0.009000000000000008,0.007000000000000006,0.17749567303247016,0.2889180530886364,0.009,0.03000000000000011
20,mm1_sojourn,250,plugin_sd_nw_minus_fixed,0.03300000000000003,0.061000000000000054,-1.6429506215081728,1.923104985625688,-0.006999999999999999,-0.009999999999999995
20,mm1_sojourn,250,oracle_minus_fixed,0.02400000000000002,0.05400000000000005,-1.820446294540643,1.6341869325370517,-0.016,-0.040000000000000105
20,mm1_sojourn,500,plugin_sd_nw_minus_oracle,-0.0050000000000000044,-0.007000000000000006,-0.19390909888358454,0.515130631331731,0.008999999999999897,0.07
20,mm1_sojourn,500,plugin_sd_nw_minus_fixed,-0.016000000000000014,0.031000000000000028,-2.456065875446501,1.9211086778015112,0.011999999999999997,0.07000000000000012
20,mm1_sojourn,500,oracle_minus_fixed,-0.01100000000000001,0.038000000000000034,-2.2621567765629162,1.4059780464697802,0.0030000000000001,1.1102230246251565e-16
20,mm1_sojourn,1000,plugin_sd_nw_minus_oracle,-0.007000000000000006,-0.006000000000000005,-0.2406444980006759,0.09428240867032578,0.007000000000000003,0.010000000000000002
20,mm1_sojourn,1000,plugin_sd_nw_minus_fixed,-0.017000000000000015,0.04500000000000004,-0.9698954473669241,1.5653526149678996,0.011000000000000001,0.020000000000000004
20,mm1_sojourn,1000,oracle_minus_fixed,-0.010000000000000009,0.051000000000000045,-0.7292509493662482,1.4710702062975738,0.003999999999999998,0.010000000000000002
20,raised_floor_gauss,100,plugin_sd_nw_minus_oracle,0.0050000000000000044,0.008000000000000007,-0.03254139931270661,0.6626412043777385,0.069,0.18
20,raised_floor_gauss,100,plugin_sd_nw_minus_fixed,0.006000000000000005,0.006000000000000005,-0.125146774471256,0.2745118949175227,0.027999999999999997,0.0800000000000001
20,raised_floor_gauss,100,oracle_minus_fixed,0.0010000000000000009,-0.0020000000000000018,-0.09260537515854939,-0.38812930946021584,-0.041,-0.0999999999999999
20,raised_floor_gauss,250,plugin_sd_nw_minus_oracle,0.010000000000000009,0.013000000000000012,-0.15490118075067594,0.38822085653975824,0.031999999999999904,0.0800000000000001
20,raised_floor_gauss,250,plugin_sd_nw_minus_fixed,0.013000000000000012,0.018000000000000016,-0.1714192756206634,0.18619038108218033,0.014999999999999902,0.03
20,raised_floor_gauss,250,oracle_minus_fixed,0.0030000000000000027,0.0050000000000000044,-0.016518094869987454,-0.2020304754575779,-0.017,-0.0500000000000001
20,raised_floor_gauss,500,plugin_sd_nw_minus_oracle,-0.010000000000000009,-0.013000000000000012,-0.1481357570980344,0.23357531605205972,0.0540000000000001,0.0800000000000001
20,raised_floor_gauss,500,plugin_sd_nw_minus_fixed,-0.0030000000000000027,-0.0030000000000000027,-0.12128246248464603,0.043444640647851696,0.024999999999999994,0.0500000000000001
20,raised_floor_gauss,500,oracle_minus_fixed,0.007000000000000006,0.010000000000000009,0.026853294613388368,-0.19013067540420803,-0.029000000000000102,-0.03
20,raised_floor_gauss,1000,plugin_sd_nw_minus_oracle,0.013000000000000012,0.013000000000000012,-0.0981541371739203,0.11418022369799719,0.027,0.009999999999999995
20,raised_floor_gauss,1000,plugin_sd_nw_minus_fixed,0.01100000000000001,0.008000000000000007,-0.08851078329747786,-0.013616944348501914,0.006999999999999999,0.0
20,raised_floor_gauss,1000,oracle_minus_fixed,-0.0020000000000000018,-0.0050000000000000044,0.00964335387644244,-0.1277971680464991,-0.02,-0.009999999999999995
20,raised_floor_t3,100,plugin_sd_nw_minus_oracle,-0.0050000000000000044,-0.010000000000000009,-0.037182467469946134,0.27144283473517294,0.035,0.0800000000000001
20,raised_floor_t3,100,plugin_sd_nw_minus_fixed,-0.008000000000000007,-0.007000000000000006,-0.444927116220329,-0.28797741241895425,0.010000000000000106,0.06000000000000011
20,raised_floor_t3,100,oracle_minus_fixed,-0.0030000000000000027,0.0030000000000000027,-0.40774464875038285,-0.5594202471541272,-0.024999999999999897,-0.01999999999999999
20,raised_floor_t3,250,plugin_sd_nw_minus_oracle,0.013000000000000012,0.006000000000000005,0.08331064033105129,0.16558023231166974,0.030999999999999903,0.0
20,raised_floor_t3,250,plugin_sd_nw_minus_fixed,0.0020000000000000018,0.0020000000000000018,-0.3940572649184677,-0.23167190393726056,0.005999999999999908,-0.06000000000000011
20,raised_floor_t3,250,oracle_minus_fixed,-0.01100000000000001,-0.0040000000000000036,-0.477367905249519,-0.3972521362489303,-0.024999999999999994,-0.06000000000000011
20,raised_floor_t3,500,plugin_sd_nw_minus_oracle,0.018000000000000016,0.02400000000000002,-0.025352530210265734,0.22256413665544406,0.005999999999999998,0.0
20,raised_floor_t3,500,plugin_sd_nw_minus_fixed,0.020000000000000018,0.018000000000000016,-0.1569906678404911,-0.06844325978344079,-0.011999999999999997,-0.009999999999999981
20,raised_floor_t3,500,oracle_minus_fixed,0.0020000000000000018,-0.006000000000000005,-0.13163813763022536,-0.29100739643888485,-0.017999999999999995,-0.009999999999999981
20,raised_floor_t3,1000,plugin_sd_nw_minus_oracle,0.01100000000000001,0.007000000000000006,-0.11011815831138727,0.05308801643533645,0.0049999999999999975,0.009999999999999898
20,raised_floor_t3,1000,plugin_sd_nw_minus_fixed,0.0050000000000000044,0.0,-0.16168477139888204,-0.09652362570433715,-0.0010000000000000009,0.0
20,raised_floor_t3,1000,oracle_minus_fixed,-0.006000000000000005,-0.007000000000000006,-0.05156661308749477,-0.1496116421396736,-0.005999999999999998,-0.009999999999999898
21,mm1_sojourn,100,plugin_sd_nw_minus_oracle,0.0030000000000000027,0.0,-0.3576305654191554,0.11820410263023362,0.005000000000000001,0.009999999999999995
21,mm1_sojourn,100,plugin_sd_nw_minus_fixed,-0.010000000000000009,0.02300000000000002,-0.31593372819539933,1.615218589900639,-0.0359999999999999,-0.009999999999999995
21,mm1_sojourn,100,oracle_minus_fixed,-0.013000000000000012,0.02300000000000002,0.041696837223756056,1.4970144872704054,-0.0409999999999999,-0.01999999999999999
21,mm1_sojourn,250,plugin_sd_nw_minus_oracle,-0.0020000000000000018,0.0030000000000000027,-0.1056857375913145,0.6601515260275175,0.015999999999999903,0.039999999999999994
21,mm1_sojourn,250,plugin_sd_nw_minus_fixed,-0.014000000000000012,0.007000000000000006,-1.0960414447042943,1.6708023727206438,-0.003999999999999997,0.01999999999999999
21,mm1_sojourn,250,oracle_minus_fixed,-0.01200000000000001,0.0040000000000000036,-0.9903557071129798,1.0106508466931263,-0.0199999999999999,-0.020000000000000004
21,mm1_sojourn,500,plugin_sd_nw_minus_oracle,0.0010000000000000009,0.010000000000000009,-0.14126124258586525,-0.09428657030042764,0.0010000000000000009,0.0
21,mm1_sojourn,500,plugin_sd_nw_minus_fixed,-0.007000000000000006,0.029000000000000026,-1.1155936996355251,1.2503819130968807,-0.0010000000000000009,0.009999999999999995
21,mm1_sojourn,500,oracle_minus_fixed,-0.008000000000000007,0.019000000000000017,-0.9743324570496599,1.3446684833973084,-0.0020000000000000018,0.009999999999999995
21,mm1_sojourn,1000,plugin_sd_nw_minus_oracle,0.0040000000000000036,0.006000000000000005,0.18801403583359821,-0.01289274119260142,0.005999999999999898,0.020000000000000004
21,mm1_sojourn,1000,plugin_sd_nw_minus_fixed,-0.0040000000000000036,0.052000000000000046,-0.9066026294529665,0.8625053373366658,0.0,0.0
21,mm1_sojourn,1000,oracle_minus_fixed,-0.008000000000000007,0.04600000000000004,-1.0946166652865648,0.8753980785292672,-0.005999999999999898,-0.020000000000000004
21,raised_floor_gauss,100,plugin_sd_nw_minus_oracle,0.007000000000000006,0.009000000000000008,0.07089307941200884,0.5644050363170083,0.06699999999999989,0.13
21,raised_floor_gauss,100,plugin_sd_nw_minus_fixed,0.0040000000000000036,0.0030000000000000027,-0.1015429288155687,0.06819235649382405,0.023999999999999896,0.0
21,raised_floor_gauss,100,oracle_minus_fixed,-0.0030000000000000027,-0.006000000000000005,-0.17243600822757754,-0.4962126798231843,-0.043000000000000003,-0.13
21,raised_floor_gauss,250,plugin_sd_nw_minus_oracle,0.0010000000000000009,-0.0040000000000000036,-0.11806980921471233,0.24956458501441103,0.037,0.11000000000000011
21,raised_floor_gauss,250,plugin_sd_nw_minus_fixed,-0.0030000000000000027,-0.009000000000000008,-0.17436339385665178,0.07281912770211374,0.022999999999999993,0.10000000000000012
21,raised_floor_gauss,250,oracle_minus_fixed,-0.0040000000000000036,-0.0050000000000000044,-0.056293584641939454,-0.1767454573122973,-0.014000000000000005,-0.009999999999999995
21,raised_floor_gauss,500,plugin_sd_nw_minus_oracle,0.0040000000000000036,0.006000000000000005,-0.10575503993821389,0.17762040948152258,0.044,0.1000000000000001
21,raised_floor_gauss,500,plugin_sd_nw_minus_fixed,0.0030000000000000027,0.006000000000000005,-0.05257108231313623,0.07787533790494017,0.018999999999999996,0.06000000000000011
21,raised_floor_gauss,500,oracle_minus_fixed,-0.0010000000000000009,0.0,0.05318395762507766,-0.09974507157658241,-0.024999999999999998,-0.039999999999999994
21,raised_floor_gauss,1000,plugin_sd_nw_minus_oracle,0.014000000000000012,0.019000000000000017,-0.11371029495012275,0.14711874643805123,0.027999999999999893,0.019999999999999893
21,raised_floor_gauss,1000,plugin_sd_nw_minus_fixed,0.016000000000000014,0.016000000000000014,-0.0409150550501578,-0.02835809633848374,-0.004000000000000101,0.0
21,raised_floor_gauss,1000,oracle_minus_fixed,0.0020000000000000018,-0.0030000000000000027,0.07279523989996495,-0.17547684277653497,-0.031999999999999994,-0.019999999999999893
21,raised_floor_t3,100,plugin_sd_nw_minus_oracle,0.0,0.0030000000000000027,0.0005274048899779338,0.2974561722343072,0.044,0.03000000000000011
21,raised_floor_t3,100,plugin_sd_nw_minus_fixed,0.0040000000000000036,0.01100000000000001,-0.76420968557776,-0.5183450433980941,0.00399999999999999,-0.04999999999999999
21,raised_floor_t3,100,oracle_minus_fixed,0.0040000000000000036,0.008000000000000007,-0.764737090467738,-0.8158012156324013,-0.04000000000000001,-0.0800000000000001
21,raised_floor_t3,250,plugin_sd_nw_minus_oracle,-0.01200000000000001,-0.009000000000000008,-0.09402807445954342,0.18292663714035617,0.03,0.009999999999999995
21,raised_floor_t3,250,plugin_sd_nw_minus_fixed,-0.0020000000000000018,-0.0010000000000000009,-0.1709182789822279,-0.09447773121330183,0.007999999999999993,-0.06000000000000011
21,raised_floor_t3,250,oracle_minus_fixed,0.010000000000000009,0.008000000000000007,-0.07689020452268447,-0.277404368353658,-0.022000000000000006,-0.0700000000000001
21,raised_floor_t3,500,plugin_sd_nw_minus_oracle,-0.007000000000000006,-0.0020000000000000018,-0.09315872470763642,0.11665234549767112,0.015000000000000006,0.009999999999999995
21,raised_floor_t3,500,plugin_sd_nw_minus_fixed,0.0,-0.0030000000000000027,-0.1607115267224084,-0.0816430363319296,0.013999999999999901,0.0
21,raised_floor_t3,500,oracle_minus_fixed,0.007000000000000006,-0.0010000000000000009,-0.06755280201477198,-0.19829538182960071,-0.001000000000000105,-0.009999999999999995
21,raised_floor_t3,1000,plugin_sd_nw_minus_oracle,-0.01100000000000001,-0.0050000000000000044,-0.07850717388702955,0.07329015970648856,0.011000000000000003,0.03000000000000011
21,raised_floor_t3,1000,plugin_sd_nw_minus_fixed,-0.010000000000000009,-0.006000000000000005,-0.2296566344899733,-0.07209298304786849,-0.0039999999999998925,0.0200000000000001
21,raised_floor_t3,1000,oracle_minus_fixed,0.0010000000000000009,-0.0010000000000000009,-0.15114946060294376,-0.14538314275435704,-0.014999999999999895,-0.010000000000000009
22,mm1_sojourn,100,plugin_sd_nw_minus_oracle,0.0,-0.0030000000000000027,-0.3609435623454873,0.3013015034194346,0.004000000000000101,-0.009999999999999995
22,mm1_sojourn,100,plugin_sd_nw_minus_fixed,-0.01200000000000001,0.016000000000000014,-0.9248380519970558,1.1505969983585835,-0.015999999999999903,-0.029999999999999902
22,mm1_sojourn,100,oracle_minus_fixed,-0.01200000000000001,0.019000000000000017,-0.5638944896515685,0.8492954949391489,-0.020000000000000004,-0.019999999999999907
22,mm1_sojourn,250,plugin_sd_nw_minus_oracle,-0.006000000000000005,-0.006000000000000005,-0.4959738667448885,0.3206218414979336,0.008000000000000004,0.009999999999999995
22,mm1_sojourn,250,plugin_sd_nw_minus_fixed,-0.0030000000000000027,0.04600000000000004,-0.8983264038453811,2.076675232541504,0.0030000000000000027,-0.039999999999999994
22,mm1_sojourn,250,oracle_minus_fixed,0.0030000000000000027,0.052000000000000046,-0.40235253710049257,1.7560533910435705,-0.005000000000000001,-0.04999999999999999
22,mm1_sojourn,500,plugin_sd_nw_minus_oracle,-0.0020000000000000018,-0.0010000000000000009,-0.4449501719922626,0.5449142381727015,0.0079999999999999,0.05
22,mm1_sojourn,500,plugin_sd_nw_minus_fixed,0.0,0.04800000000000004,-1.544543175691337,2.0063492489848436,-0.005999999999999998,0.0
22,mm1_sojourn,500,oracle_minus_fixed,0.0020000000000000018,0.049000000000000044,-1.0995930036990744,1.461435010812142,-0.013999999999999898,-0.05
22,mm1_sojourn,1000,plugin_sd_nw_minus_oracle,-0.007000000000000006,-0.009000000000000008,-0.32961939958369424,0.18180448560044482,0.002999999999999999,0.0
22,mm1_sojourn,1000,plugin_sd_nw_minus_fixed,-0.010000000000000009,0.04600000000000004,-0.8381306477334309,1.4105544187647698,-0.0019999999999999983,0.0
22,mm1_sojourn,1000,oracle_minus_fixed,-0.0030000000000000027,0.05500000000000005,-0.5085112481497367,1.228749933164325,-0.0049999999999999975,0.0
22,raised_floor_gauss,100,plugin_sd_nw_minus_oracle,0.0,-0.0040000000000000036,-0.04718583660239828,0.386864587270463,0.046,0.06000000000000011
22,raised_floor_gauss,100,plugin_sd_nw_minus_fixed,0.020000000000000018,0.013000000000000012,-0.10254063017572879,-0.012762831056143398,-0.0020000000000000018,-0.009999999999999981
22,raised_floor_gauss,100,oracle_minus_fixed,0.020000000000000018,0.017000000000000015,-0.05535479357333051,-0.3996274183266064,-0.048,-0.07000000000000009
22,raised_floor_gauss,250,plugin_sd_nw_minus_oracle,0.0040000000000000036,0.0050000000000000044,-0.07163707372769723,0.36437475802367914,0.05,0.10000000000000012
22,raised_floor_gauss,250,plugin_sd_nw_minus_fixed,0.010000000000000009,0.01100000000000001,-0.2891734152764194,0.03368535199343281,0.029999999999999902,0.07000000000000012
22,raised_floor_gauss,250,oracle_minus_fixed,0.006000000000000005,0.006000000000000005,-0.21753634154872215,-0.3306894060302463,-0.020000000000000098,-0.03
22,raised_floor_gauss,500,plugin_sd_nw_minus_oracle,0.0020000000000000018,0.0,-0.09447992945586492,0.22856268986528505,0.038000000000000006,0.07000000000000009
22,raised_floor_gauss,500,plugin_sd_nw_minus_fixed,0.006000000000000005,0.0040000000000000036,-0.05290876049528492,0.030771187440983283,0.012000000000000004,0.03
22,raised_floor_gauss,500,oracle_minus_fixed,0.0040000000000000036,0.0040000000000000036,0.041571168960579996,-0.19779150242430177,-0.026,-0.04000000000000009
22,raised_floor_gauss,1000,plugin_sd_nw_minus_oracle,0.01100000000000001,0.016000000000000014,-0.03554965423269696,0.10550559654488811,0.018999999999999996,0.01999999999999999
22,raised_floor_gauss,1000,plugin_sd_nw_minus_fixed,0.006000000000000005,0.01200000000000001,-0.061043902598374,0.028015708028568564,0.010000000000000002,0.0
22,raised_floor_gauss,1000,oracle_minus_fixed,-0.0050000000000000044,-0.0040000000000000036,-0.02549424836567704,-0.07748988851631955,-0.008999999999999994,-0.01999999999999999
22,raised_floor_t3,100,plugin_sd_nw_minus_oracle,-0.017000000000000015,-0.015000000000000013,-0.10878468132623098,0.3722375521869088,0.040999999999999995,0.08000000000000011
22,raised_floor_t3,100,plugin_sd_nw_minus_fixed,-0.020000000000000018,-0.020000000000000018,-1.0465297754455416,-0.5215477970805695,0.004000000000000101,-0.1
22,raised_floor_t3,100,oracle_minus_fixed,-0.0030000000000000027,-0.0050000000000000044,-0.9377450941193106,-0.8937853492674783,-0.036999999999999894,-0.1800000000000001
22,raised_floor_t3,250,plugin_sd_nw_minus_oracle,-0.0030000000000000027,-0.0030000000000000027,-0.005957156888607873,0.26666643198100903,0.029000000000000005,0.1000000000000001
22,raised_floor_t3,250,plugin_sd_nw_minus_fixed,0.015000000000000013,0.01200000000000001,-0.13182888193782727,-0.3561391599219226,-0.0050000000000000044,-0.01999999999999999
22,raised_floor_t3,250,oracle_minus_fixed,0.018000000000000016,0.015000000000000013,-0.1258717250492194,-0.6228055919029316,-0.03400000000000001,-0.12000000000000009
22,raised_floor_t3,500,plugin_sd_nw_minus_oracle,-0.02300000000000002,-0.02400000000000002,-0.1706988366973956,0.29315294052390906,0.03499999999999989,0.10000000000000012
22,raised_floor_t3,500,plugin_sd_nw_minus_fixed,0.0040000000000000036,0.0030000000000000027,-0.221578881576467,-0.06997775013251006,0.0,0.04000000000000001
22,raised_floor_t3,500,oracle_minus_fixed,0.027000000000000024,0.027000000000000024,-0.050880044879071384,-0.3631306906564191,-0.03499999999999989,-0.06000000000000011
22,raised_floor_t3,1000,plugin_sd_nw_minus_oracle,-0.01100000000000001,-0.006000000000000005,-0.07284266507079251,0.12966540507071977,0.019000000000000003,0.040000000000000105
22,raised_floor_t3,1000,plugin_sd_nw_minus_fixed,-0.009000000000000008,-0.0020000000000000018,-0.15350153265290745,-0.03505640071384741,0.0050000000000000044,0.03000000000000011
22,raised_floor_t3,1000,oracle_minus_fixed,0.0020000000000000018,0.0040000000000000036,-0.08065886758211493,-0.1647218057845672,-0.013999999999999999,-0.009999999999999995
23,mm1_sojourn,100,plugin_sd_nw_minus_oracle,-0.0020000000000000018,-0.0010000000000000009,-0.09278390513650425,0.35755098192320744,0.003999999999999997,0.0
23,mm1_sojourn,100,plugin_sd_nw_minus_fixed,0.02200000000000002,0.05400000000000005,-2.479095624631813,0.061485686291858244,-0.026000000000000002,-0.060000000000000095
23,mm1_sojourn,100,oracle_minus_fixed,0.02400000000000002,0.05500000000000005,-2.3863117194953087,-0.2960652956313492,-0.03,-0.060000000000000095
23,mm1_sojourn,250,plugin_sd_nw_minus_oracle,0.0050000000000000044,0.0050000000000000044,0.18038976725313027,-0.004581130886304408,0.0030000000000000027,-0.009999999999999995
23,mm1_sojourn,250,plugin_sd_nw_minus_fixed,0.018000000000000016,0.04500000000000004,-0.5044493918416713,0.7247916637331677,-0.02,-0.08
23,mm1_sojourn,250,oracle_minus_fixed,0.013000000000000012,0.040000000000000036,-0.6848391590948015,0.7293727946194721,-0.023000000000000003,-0.07
23,mm1_sojourn,500,plugin_sd_nw_minus_oracle,0.0020000000000000018,0.0030000000000000027,-0.23806926057230982,0.11428956051272543,0.005999999999999998,0.020000000000000004
23,mm1_sojourn,500,plugin_sd_nw_minus_fixed,0.018000000000000016,0.061000000000000054,-0.2626613559394553,2.235765934628022,0.0,0.020000000000000004
23,mm1_sojourn,500,oracle_minus_fixed,0.016000000000000014,0.05800000000000005,-0.02459209536714546,2.1214763741152964,-0.005999999999999998,0.0
23,mm1_sojourn,1000,plugin_sd_nw_minus_oracle,0.0,0.0020000000000000018,-0.26962394072745166,0.09380237541425984,0.0019999999999999983,0.0
23,mm1_sojourn,1000,plugin_sd_nw_minus_fixed,-0.007000000000000006,0.05500000000000005,-0.883517113648673,1.39097570577432,-0.006999999999999999,0.0
23,mm1_sojourn,1000,oracle_minus_fixed,-0.007000000000000006,0.05300000000000005,-0.6138931729212214,1.29717333036006,-0.008999999999999998,0.0
23,raised_floor_gauss,100,plugin_sd_nw_minus_oracle,-0.03200000000000003,-0.030000000000000027,-0.034063157701911706,0.8922132281070683,0.0620000000000001,0.14
23,raised_floor_gauss,100,plugin_sd_nw_minus_fixed,-0.010000000000000009,-0.009000000000000008,-0.046618107099275274,0.3147036434550583,0.0320000000000001,0.010000000000000009
23,raised_floor_gauss,100,oracle_minus_fixed,0.02200000000000002,0.02100000000000002,-0.012554949397363568,-0.57750958465201,-0.03,-0.13
23,raised_floor_gauss,250,plugin_sd_nw_minus_oracle,-0.0030000000000000027,-0.0030000000000000027,-0.18172450959298292,0.1627045016619597,0.045000000000000005,0.0399999999999999
23,raised_floor_gauss,250,plugin_sd_nw_minus_fixed,-0.006000000000000005,-0.0030000000000000027,-0.2995102584528917,-0.09418905609881278,0.018000000000000002,-0.010000000000000009
23,raised_floor_gauss,250,oracle_minus_fixed,-0.0030000000000000027,0.0,-0.11778574885990878,-0.2568935577607725,-0.027000000000000003,-0.049999999999999906
23,raised_floor_gauss,500,plugin_sd_nw_minus_oracle,-0.01100000000000001,-0.010000000000000009,-0.21919766781155658,0.16429342751222675,0.03900000000000001,0.0700000000000001
23,raised_floor_gauss,500,plugin_sd_nw_minus_fixed,-0.007000000000000006,-0.008000000000000007,-0.18915990654056003,0.08903825760785367,0.029000000000000005,0.03000000000000011
23,raised_floor_gauss,500,oracle_minus_fixed,0.0040000000000000036,0.0020000000000000018,0.030037761270996555,-0.07525516990437309,-0.009999999999999998,-0.039999999999999994
23,raised_floor_gauss,1000,plugin_sd_nw_minus_oracle,0.0,0.0010000000000000009,-0.14687132457499485,0.16979587632904147,0.03200000000000001,0.04999999999999999
23,raised_floor_gauss,1000,plugin_sd_nw_minus_fixed,-0.0050000000000000044,-0.007000000000000006,-0.19869505445102087,0.0711483838533602,0.017000000000000008,0.0200000000000001
23,raised_floor_gauss,1000,oracle_minus_fixed,-0.0050000000000000044,-0.008000000000000007,-0.051823729876026015,-0.09864749247568128,-0.015,-0.029999999999999888
23,raised_floor_t3,100,plugin_sd_nw_minus_oracle,-0.03300000000000003,-0.03600000000000003,-0.3883306681057437,0.3890378993603658,0.051,0.050000000000000114
23,raised_floor_t3,100,plugin_sd_nw_minus_fixed,-0.019000000000000017,-0.01200000000000001,-0.69930815302364,-0.23969804566756014,0.028999999999999894,-0.01999999999999999
23,raised_floor_t3,100,oracle_minus_fixed,0.014000000000000012,0.02400000000000002,-0.31097748491789634,-0.628735945027926,-0.022000000000000103,-0.0700000000000001
23,raised_floor_t3,250,plugin_sd_nw_minus_oracle,-0.006000000000000005,-0.0020000000000000018,-0.06649311549166814,0.3228787816147083,0.019999999999999997,0.0900000000000001
23,raised_floor_t3,250,plugin_sd_nw_minus_fixed,0.0010000000000000009,-0.006000000000000005,-0.47118397357026875,-0.007795523544856131,0.004999999999999893,0.06
23,raised_floor_t3,250,oracle_minus_fixed,0.007000000000000006,-0.0040000000000000036,-0.4046908580786006,-0.3306743051595644,-0.015000000000000104,-0.030000000000000096
23,raised_floor_t3,500,plugin_sd_nw_minus_oracle,0.0020000000000000018,0.0040000000000000036,-0.10513222127120869,0.15858254362481716,0.019999999999999997,0.04000000000000001
23,raised_floor_t3,500,plugin_sd_nw_minus_fixed,-0.0010000000000000009,-0.0040000000000000036,-0.4455915208881207,-0.09922008440982699,0.006999999999999999,0.010000000000000009
23,raised_floor_t3,500,oracle_minus_fixed,-0.0030000000000000027,-0.008000000000000007,-0.340459299616912,-0.25780262803464415,-0.012999999999999998,-0.03
23,raised_floor_t3,1000,plugin_sd_nw_minus_oracle,-0.0020000000000000018,-0.0030000000000000027,-0.10695621034943903,0.19537032412691158,0.025999999999999995,0.060000000000000095
23,raised_floor_t3,1000,plugin_sd_nw_minus_fixed,0.0050000000000000044,0.009000000000000008,-0.14977290223239792,-0.05618447108372715,0.0030000000000001,0.04000000000000009
23,raised_floor_t3,1000,oracle_minus_fixed,0.007000000000000006,0.01200000000000001,-0.04281669188295889,-0.2515547952106387,-0.022999999999999896,-0.020000000000000004
24,mm1_sojourn,100,plugin_sd_nw_minus_oracle,0.0030000000000000027,0.0,0.1570524215435931,0.1161079639877638,0.0009999999999998968,-0.009999999999999995
24,mm1_sojourn,100,plugin_sd_nw_minus_fixed,0.018000000000000016,0.04300000000000004,-0.4327539352752279,0.5497590705210893,-0.0120000000000001,-0.0900000000000001
24,mm1_sojourn,100,oracle_minus_fixed,0.015000000000000013,0.04300000000000004,-0.589806356818821,0.4336511065333255,-0.012999999999999998,-0.0800000000000001
24,mm1_sojourn,250,plugin_sd_nw_minus_oracle,0.0010000000000000009,0.0010000000000000009,-0.631662264433758,0.18846457919071646,0.011,0.009999999999999995
24,mm1_sojourn,250,plugin_sd_nw_minus_fixed,-0.0020000000000000018,0.010000000000000009,-0.570923064594826,2.1579991190974805,0.005999999999999998,0.009999999999999995
24,mm1_sojourn,250,oracle_minus_fixed,-0.0030000000000000027,0.009000000000000008,0.060739199838931945,1.969534539906764,-0.005000000000000001,0.0
24,mm1_sojourn,500,plugin_sd_nw_minus_oracle,0.0,-0.0010000000000000009,-0.37566963148913857,0.2141882133916173,0.0020000000000000018,-0.020000000000000004
24,mm1_sojourn,500,plugin_sd_nw_minus_fixed,0.0,0.049000000000000044,-0.5229177759446868,1.8884774821855341,-0.004,-0.010000000000000002
24,mm1_sojourn,500,oracle_minus_fixed,0.0,0.050000000000000044,-0.14724814445554824,1.6742892687939168,-0.006000000000000002,0.010000000000000002
24,mm1_sojourn,1000,plugin_sd_nw_minus_oracle,0.0030000000000000027,0.0050000000000000044,-0.13490719639894166,0.24078365470417573,0.001000000000000098,0.010000000000000099
24,mm1_sojourn,1000,plugin_sd_nw_minus_fixed,-0.008000000000000007,0.04300000000000004,-0.9263956929763761,1.8381889362990584,-0.006000000000000002,0.0
24,mm1_sojourn,1000,oracle_minus_fixed,-0.01100000000000001,0.038000000000000034,-0.7914884965774345,1.5974052815948827,-0.0070000000000001,-0.010000000000000099
24,raised_floor_gauss,100,plugin_sd_nw_minus_oracle,-0.017000000000000015,-0.014000000000000012,-0.12488680580787781,0.5385014042250091,0.067,0.15
24,raised_floor_gauss,100,plugin_sd_nw_minus_fixed,0.006000000000000005,0.006000000000000005,-0.024736468229687336,0.20755928969182413,0.022000000000000006,0.08999999999999989
24,raised_floor_gauss,100,oracle_minus_fixed,0.02300000000000002,0.020000000000000018,0.10015033757819047,-0.330942114533185,-0.045,-0.06000000000000011
24,raised_floor_gauss,250,plugin_sd_nw_minus_oracle,-0.008000000000000007,-0.013000000000000012,-0.13941031122217273,0.4003626747059368,0.054000000000000006,0.040000000000000105
24,raised_floor_gauss,250,plugin_sd_nw_minus_fixed,0.0030000000000000027,0.006000000000000005,-0.08919344955272601,-0.03938585872085332,0.015,-0.03
24,raised_floor_gauss,250,oracle_minus_fixed,0.01100000000000001,0.019000000000000017,0.05021686166944672,-0.4397485334267901,-0.03900000000000001,-0.0700000000000001
24,raised_floor_gauss,500,plugin_sd_nw_minus_oracle,0.006000000000000005,0.0050000000000000044,-0.08613017538826329,0.18838041194521216,0.048,0.049999999999999996
24,raised_floor_gauss,500,plugin_sd_nw_minus_fixed,-0.0020000000000000018,-0.006000000000000005,-0.11756501455481194,0.016555884544525945,0.0359999999999999,0.0
24,raised_floor_gauss,500,oracle_minus_fixed,-0.008000000000000007,-0.01100000000000001,-0.031434839166548656,-0.1718245274006862,-0.0120000000000001,-0.049999999999999996
24,raised_floor_gauss,1000,plugin_sd_nw_minus_oracle,-0.0020000000000000018,-0.007000000000000006,-0.20394413559061775,0.3022288009257008,0.044,0.0900000000000001
24,raised_floor_gauss,1000,plugin_sd_nw_minus_fixed,0.0040000000000000036,-0.0010000000000000009,-0.1267511881538801,0.07539467810863254,0.007999999999999896,0.03999999999999998
24,raised_floor_gauss,1000,oracle_minus_fixed,0.006000000000000005,0.006000000000000005,0.07719294743673766,-0.22683412281706827,-0.0360000000000001,-0.050000000000000114
24,raised_floor_t3,100,plugin_sd_nw_minus_oracle,-0.006000000000000005,-0.0030000000000000027,-0.015430403391321068,0.2749693294332407,0.04,0.1400000000000001
24,raised_floor_t3,100,plugin_sd_nw_minus_fixed,-0.0020000000000000018,-0.0010000000000000009,-0.5258896783716609,-0.3912821978457326,0.024,0.1500000000000001
24,raised_floor_t3,100,oracle_minus_fixed,0.0040000000000000036,0.0020000000000000018,-0.5104592749803398,-0.6662515272789733,-0.016,0.010000000000000009
24,raised_floor_t3,250,plugin_sd_nw_minus_oracle,0.010000000000000009,0.015000000000000013,-0.05130495103763755,0.2527204766611497,0.014000000000000005,0.0800000000000001
24,raised_floor_t3,250,plugin_sd_nw_minus_fixed,-0.0010000000000000009,0.0,-0.6910800547604317,-0.36084510519112545,-0.0029999999999998916,0.03999999999999998
24,raised_floor_t3,250,oracle_minus_fixed,-0.01100000000000001,-0.015000000000000013,-0.6397751037227941,-0.6135655818522752,-0.016999999999999897,-0.04000000000000012
24,raised_floor_t3,500,plugin_sd_nw_minus_oracle,-0.0040000000000000036,-0.0020000000000000018,-0.07774188601825682,0.13436441240560448,0.016,0.020000000000000004
24,raised_floor_t3,500,plugin_sd_nw_minus_fixed,-0.007000000000000006,-0.006000000000000005,-0.3073812368311104,-0.1289593566802667,-0.001000000000000098,-0.0500000000000001
24,raised_floor_t3,500,oracle_minus_fixed,-0.0030000000000000027,-0.0040000000000000036,-0.22963935081285358,-0.2633237690858712,-0.0170000000000001,-0.0700000000000001
24,raised_floor_t3,1000,plugin_sd_nw_minus_oracle,0.01100000000000001,0.01200000000000001,-0.049957632288463394,0.10143458402162686,0.021,0.009999999999999995
24,raised_floor_t3,1000,plugin_sd_nw_minus_fixed,0.006000000000000005,0.009000000000000008,-0.2000812575467683,-0.197426292172604,0.0020000000000000018,-0.009999999999999995
24,raised_floor_t3,1000,oracle_minus_fixed,-0.0050000000000000044,-0.0030000000000000027,-0.15012362525830492,-0.29886087619423085,-0.019,-0.01999999999999999
25,mm1_sojourn,100,plugin_sd_nw_minus_oracle,0.009000000000000008,0.007000000000000006,0.6304582254214104,0.2529754696657953,0.008999999999999904,0.0
25,mm1_sojourn,100,plugin_sd_nw_minus_fixed,0.014000000000000012,0.09000000000000008,-1.9146202710231712,-1.3030979331932606,-0.0060000000000000955,-0.01999999999999999
25,mm1_sojourn,100,oracle_minus_fixed,0.0050000000000000044,0.08300000000000007,-2.5450784964445816,-1.556073402859056,-0.015,-0.01999999999999999
25,mm1_sojourn,250,plugin_sd_nw_minus_oracle,0.0,-0.0020000000000000018,-0.14248416074222536,-0.1423067143622827,-0.0020000000000000018,0.0
25,mm1_sojourn,250,plugin_sd_nw_minus_fixed,0.026000000000000023,0.06000000000000005,-0.4268726891005592,1.0002047517456987,-0.026000000000000103,-0.05
25,mm1_sojourn,250,oracle_minus_fixed,0.026000000000000023,0.062000000000000055,-0.28438852835833384,1.1425114661079814,-0.0240000000000001,-0.05
25,mm1_sojourn,500,plugin_sd_nw_minus_oracle,0.0010000000000000009,0.0010000000000000009,-0.24671790082853118,0.21072454494643367,0.005000000000000001,0.010000000000000099
25,mm1_sojourn,500,plugin_sd_nw_minus_fixed,-0.0040000000000000036,0.04300000000000004,-1.467139362821702,1.376702431204011,-0.012,-0.020000000000000004
25,mm1_sojourn,500,oracle_minus_fixed,-0.0050000000000000044,0.04200000000000004,-1.2204214619931708,1.1659778862575774,-0.017,-0.030000000000000103
25,mm1_sojourn,1000,plugin_sd_nw_minus_oracle,-0.0010000000000000009,0.0010000000000000009,-0.34997108543681676,0.3071354892436098,0.002999999999999999,0.0
25,mm1_sojourn,1000,plugin_sd_nw_minus_fixed,-0.0010000000000000009,0.050000000000000044,-0.7552179778258026,2.616770367228632,-0.012999999999999998,-0.0499999999999999
25,mm1_sojourn,1000,oracle_minus_fixed,0.0,0.049000000000000044,-0.4052468923889858,2.3096348779850224,-0.015999999999999997,-0.0499999999999999
25,raised_floor_gauss,100,plugin_sd_nw_minus_oracle,-0.013000000000000012,-0.013000000000000012,-0.17497058994710768,0.2988851162875128,0.054999999999999896,0.09999999999999999
25,raised_floor_gauss,100,plugin_sd_nw_minus_fixed,-0.010000000000000009,-0.009000000000000008,-0.13902889823379105,0.10332058963445823,0.019999999999999893,0.04000000000000009
25,raised_floor_gauss,100,oracle_minus_fixed,0.0030000000000000027,0.0040000000000000036,0.035941691713316626,-0.19556452665305457,-0.035,-0.0599999999999999
25,raised_floor_gauss,250,plugin_sd_nw_minus_oracle,-0.0020000000000000018,-0.0010000000000000009,-0.13915992968524282,0.3635937388582766,0.03799999999999991,0.07000000000000012
25,raised_floor_gauss,250,plugin_sd_nw_minus_fixed,0.0010000000000000009,-0.0020000000000000018,-0.183746388440011,0.08567446899689646,0.0129999999999999,-0.01999999999999999
25,raised_floor_gauss,250,oracle_minus_fixed,0.0030000000000000027,-0.0010000000000000009,-0.04458645875476819,-0.27791926986138016,-0.02500000000000001,-0.09000000000000011
25,raised_floor_gauss,500,plugin_sd_nw_minus_oracle,-0.014000000000000012,-0.015000000000000013,-0.2564198627741492,0.3120691101833306,0.033999999999999996,0.1200000000000001
25,raised_floor_gauss,500,plugin_sd_nw_minus_fixed,-0.0040000000000000036,-0.0040000000000000036,-0.16801518084298994,0.1760240599797407,0.013999999999999992,0.07
25,raised_floor_gauss,500,oracle_minus_fixed,0.010000000000000009,0.01100000000000001,0.08840468193115925,-0.13604505020358992,-0.020000000000000004,-0.0500000000000001
25,raised_floor_gauss,1000,plugin_sd_nw_minus_oracle,0.006000000000000005,0.007000000000000006,-0.1595959121756616,0.13335954843823838,0.0259999999999999,0.0500000000000001
25,raised_floor_gauss,1000,plugin_sd_nw_minus_fixed,0.0020000000000000018,0.0010000000000000009,-0.12699318613207744,0.0022760092965561363,0.015999999999999903,0.03000000000000011
25,raised_floor_gauss,1000,oracle_minus_fixed,-0.0040000000000000036,-0.006000000000000005,0.03260272604358416,-0.13108353914168225,-0.009999999999999998,-0.01999999999999999
25,raised_floor_t3,100,plugin_sd_nw_minus_oracle,0.01200000000000001,0.014000000000000012,0.1291318684283953,0.2565403680957874,0.027999999999999997,0.07000000000000009
25,raised_floor_t3,100,plugin_sd_nw_minus_fixed,-0.0010000000000000009,0.006000000000000005,-0.5752237775446674,-0.4008842597077207,-0.006999999999999909,0.04999999999999999
25,raised_floor_t3,100,oracle_minus_fixed,-0.013000000000000012,-0.008000000000000007,-0.7043556459730627,-0.6574246278035081,-0.034999999999999906,-0.0200000000000001
25,raised_floor_t3,250,plugin_sd_nw_minus_oracle,-0.0040000000000000036,0.0010000000000000009,-0.12766313132205642,0.12304242147615918,0.024000000000000004,0.04000000000000001
25,raised_floor_t3,250,plugin_sd_nw_minus_fixed,-0.0020000000000000018,0.0030000000000000027,-0.521066841225589,-0.28370190696265496,0.017999999999999905,0.020000000000000004
25,raised_floor_t3,250,oracle_minus_fixed,0.0020000000000000018,0.0020000000000000018,-0.3934037099035326,-0.40674432843881414,-0.006000000000000099,-0.020000000000000004
25,raised_floor_t3,500,plugin_sd_nw_minus_oracle,-0.016000000000000014,-0.019000000000000017,-0.22507097473887172,0.054881573710640286,0.008000000000000097,0.009999999999999995
25,raised_floor_t3,500,plugin_sd_nw_minus_fixed,-0.01200000000000001,-0.01200000000000001,-0.27022493193511044,-0.09685344253067196,-0.0119999999999999,0.0
25,raised_floor_t3,500,oracle_minus_fixed,0.0040000000000000036,0.007000000000000006,-0.045153957196238714,-0.15173501624131225,-0.019999999999999997,-0.009999999999999995
25,raised_floor_t3,1000,plugin_sd_nw_minus_oracle,0.013000000000000012,0.017000000000000015,-0.07724382365255034,0.13952860918439747,0.011000000000000003,0.04000000000000012
25,raised_floor_t3,1000,plugin_sd_nw_minus_fixed,0.007000000000000006,0.006000000000000005,-0.10653977479958998,-0.06660392607725507,-0.006999999999999895,0.010000000000000009
25,raised_floor_t3,1000,oracle_minus_fixed,-0.006000000000000005,-0.01100000000000001,-0.029295951147039645,-0.20613253526165254,-0.017999999999999898,-0.03000000000000011
26,mm1_sojourn,100,plugin_sd_nw_minus_oracle,0.008000000000000007,0.01100000000000001,2.1100440796332887,1.051612558357343,0.027999999999999903,0.019999999999999893
26,mm1_sojourn,100,plugin_sd_nw_minus_fixed,0.014000000000000012,0.129,-0.8452993594643257,-0.721053546485166,0.007999999999999903,0.0
26,mm1_sojourn,100,oracle_minus_fixed,0.006000000000000005,0.118,-2.9553434390976143,-1.772666104842509,-0.02,-0.019999999999999893
26,mm1_sojourn,250,plugin_sd_nw_minus_oracle,0.0050000000000000044,0.0040000000000000036,0.2641804890245165,0.00852163248639215,0.0030000000000000027,0.009999999999999995
26,mm1_sojourn,250,plugin_sd_nw_minus_fixed,-0.010000000000000009,0.027000000000000024,-1.1748623932874693,0.4552212136296454,-0.007999999999999896,0.0
26,mm1_sojourn,250,oracle_minus_fixed,-0.015000000000000013,0.02300000000000002,-1.4390428823119858,0.44669958114325325,-0.010999999999999899,-0.009999999999999995
26,mm1_sojourn,500,plugin_sd_nw_minus_oracle,0.0010000000000000009,0.0020000000000000018,-0.17680319977060766,0.46019227354328684,0.006999999999999999,0.0399999999999999
26,mm1_sojourn,500,plugin_sd_nw_minus_fixed,0.008000000000000007,0.038000000000000034,-0.4584416301744305,2.3230161110583083,0.005999999999999998,0.0399999999999999
26,mm1_sojourn,500,oracle_minus_fixed,0.007000000000000006,0.03600000000000003,-0.28163843040382286,1.8628238375150215,-0.0010000000000000009,0.0
26,mm1_sojourn,1000,plugin_sd_nw_minus_oracle,-0.0020000000000000018,0.0,-0.3411862267699055,0.29643752347021746,0.006000000000000002,0.0
26,mm1_sojourn,1000,plugin_sd_nw_minus_fixed,-0.006000000000000005,0.062000000000000055,-1.1425199533908037,2.056099220254316,-0.008,9.71445146547012e-17
26,mm1_sojourn,1000,oracle_minus_fixed,-0.0040000000000000036,0.062000000000000055,-0.8013337266208982,1.7596616967840983,-0.014000000000000002,9.71445146547012e-17
26,raised_floor_gauss,100,plugin_sd_nw_minus_oracle,0.0,-0.0010000000000000009,-0.10503570931140338,0.22574735900319132,0.04000000000000001,0.03
26,raised_floor_gauss,100,plugin_sd_nw_minus_fixed,-0.0030000000000000027,-0.009000000000000008,-0.6493608535176785,-0.308915961232334,-0.0010000000000000009,-0.09000000000000011
26,raised_floor_gauss,100,oracle_minus_fixed,-0.0030000000000000027,-0.008000000000000007,-0.5443251442062751,-0.5346633202355253,-0.04100000000000001,-0.1200000000000001
26,raised_floor_gauss,250,plugin_sd_nw_minus_oracle,-0.007000000000000006,-0.007000000000000006,-0.18987264415853256,0.36896177059614743,0.0330000000000001,0.0500000000000001
26,raised_floor_gauss,250,plugin_sd_nw_minus_fixed,-0.006000000000000005,-0.006000000000000005,-0.19714950685249866,0.15712238717123572,0.0180000000000001,0.03000000000000011
26,raised_floor_gauss,250,oracle_minus_fixed,0.0010000000000000009,0.0010000000000000009,-0.007276862693966102,-0.2118393834249117,-0.015,-0.01999999999999999
26,raised_floor_gauss,500,plugin_sd_nw_minus_oracle,-0.01100000000000001,-0.010000000000000009,-0.17250389151905443,0.2503275198560262,0.059000000000000094,0.1200000000000001
26,raised_floor_gauss,500,plugin_sd_nw_minus_fixed,-0.008000000000000007,-0.006000000000000005,-0.16454900700846187,0.06554884522798377,0.024,0.07000000000000012
26,raised_floor_gauss,500,oracle_minus_fixed,0.0030000000000000027,0.0040000000000000036,0.007954884510592564,-0.18477867462804243,-0.0350000000000001,-0.049999999999999996
26,raised_floor_gauss,1000,plugin_sd_nw_minus_oracle,0.008000000000000007,0.006000000000000005,-0.13260565319414352,0.18343794165163851,0.0359999999999999,0.009999999999999995
26,raised_floor_gauss,1000,plugin_sd_nw_minus_fixed,0.006000000000000005,0.0040000000000000036,-0.13399592714176078,0.0806315450864008,0.0199999999999999,0.0
26,raised_floor_gauss,1000,oracle_minus_fixed,-0.0020000000000000018,-0.0020000000000000018,-0.0013902739476172599,-0.10280639656523771,-0.016,-0.009999999999999995
26,raised_floor_t3,100,plugin_sd_nw_minus_oracle,-0.018000000000000016,-0.007000000000000006,-0.11166856651138835,0.4863458568118304,0.042,0.13
26,raised_floor_t3,100,plugin_sd_nw_minus_fixed,-0.02400000000000002,-0.025000000000000022,-0.4195127923763713,0.25821772688057765,0.022000000000000006,0.10999999999999999
26,raised_floor_t3,100,oracle_minus_fixed,-0.006000000000000005,-0.018000000000000016,-0.30784422586498295,-0.22812812993125275,-0.019999999999999997,-0.020000000000000018
26,raised_floor_t3,250,plugin_sd_nw_minus_oracle,-0.0010000000000000009,0.0030000000000000027,-0.005908193689221575,0.23951479922518892,0.0189999999999999,0.07000000000000009
26,raised_floor_t3,250,plugin_sd_nw_minus_fixed,-0.016000000000000014,-0.014000000000000012,-0.3640597580358518,-0.09618956796988343,0.009999999999999898,0.0800000000000001
26,raised_floor_t3,250,oracle_minus_fixed,-0.015000000000000013,-0.017000000000000015,-0.3581515643466302,-0.33570436719507235,-0.009000000000000001,0.010000000000000009
26,raised_floor_t3,500,plugin_sd_nw_minus_oracle,0.0050000000000000044,0.0040000000000000036,0.039316275983870774,0.13387128851959762,0.0209999999999999,0.040000000000000105
26,raised_floor_t3,500,plugin_sd_nw_minus_fixed,-0.010000000000000009,-0.013000000000000012,-0.4155098596011304,-0.2945705375869885,0.005999999999999908,-0.03
26,raised_floor_t3,500,oracle_minus_fixed,-0.015000000000000013,-0.017000000000000015,-0.4548261355850012,-0.4284418261065861,-0.014999999999999993,-0.0700000000000001
26,raised_floor_t3,1000,plugin_sd_nw_minus_oracle,0.0040000000000000036,0.0010000000000000009,-0.07211646275178207,0.1557247770480803,0.016,0.039999999999999994
26,raised_floor_t3,1000,plugin_sd_nw_minus_fixed,0.006000000000000005,0.008000000000000007,-0.12312320461403714,-0.1278358114316296,-0.0020000000000000018,0.0200000000000001
26,raised_floor_t3,1000,oracle_minus_fixed,0.0020000000000000018,0.007000000000000006,-0.05100674186225507,-0.2835605884797099,-0.018000000000000002,-0.019999999999999893
27,mm1_sojourn,100,plugin_sd_nw_minus_oracle,-0.013000000000000012,-0.006000000000000005,0.02346099792542855,1.5320212088866114,0.0389999999999999,0.24
27,mm1_sojourn,100,plugin_sd_nw_minus_fixed,-0.016000000000000014,0.014000000000000012,-1.9906120828606015,2.077681740275631,0.019999999999999997,0.18
27,mm1_sojourn,100,oracle_minus_fixed,-0.0030000000000000027,0.020000000000000018,-2.01407308078603,0.5456605313890197,-0.018999999999999906,-0.06000000000000001
27,mm1_sojourn,250,plugin_sd_nw_minus_oracle,0.0,-0.0040000000000000036,0.15150521792469718,0.11927223465966641,0.0020000000000000018,0.0
27,mm1_sojourn,250,plugin_sd_nw_minus_fixed,0.015000000000000013,0.038000000000000034,0.41366865874537595,1.0432695192732861,0.008999999999999998,0.030000000000000006
27,mm1_sojourn,250,oracle_minus_fixed,0.015000000000000013,0.04200000000000004,0.2621634408206788,0.9239972846136197,0.006999999999999996,0.030000000000000006
27,mm1_sojourn,500,plugin_sd_nw_minus_oracle,-0.0050000000000000044,-0.007000000000000006,-0.15205650660857195,0.35709860266057447,0.009000000000000005,0.059999999999999894
27,mm1_sojourn,500,plugin_sd_nw_minus_fixed,-0.0040000000000000036,0.041000000000000036,-1.7553066776703696,2.1024849241474364,-0.001999999999999995,0.029999999999999888
27,mm1_sojourn,500,oracle_minus_fixed,0.0010000000000000009,0.04800000000000004,-1.6032501710617977,1.745386321486862,-0.011,-0.030000000000000006
27,mm1_sojourn,1000,plugin_sd_nw_minus_oracle,0.0030000000000000027,0.0040000000000000036,-0.07192999344497153,-0.2001240356992131,0.002999999999999999,0.0
27,mm1_sojourn,1000,plugin_sd_nw_minus_fixed,0.009000000000000008,0.06400000000000006,-0.6510119659892846,0.865434440518289,0.0029999999999998986,0.0
27,mm1_sojourn,1000,oracle_minus_fixed,0.006000000000000005,0.06000000000000005,-0.579081972544313,1.065558476217502,-1.0061396160665481e-16,0.0
27,raised_floor_gauss,100,plugin_sd_nw_minus_oracle,-0.02400000000000002,-0.02400000000000002,-0.18702719812811397,0.3988531783083209,0.044000000000000095,0.08
27,raised_floor_gauss,100,plugin_sd_nw_minus_fixed,-0.014000000000000012,-0.01100000000000001,-0.1833455603696863,0.14032453344308182,0.025999999999999995,0.0
27,raised_floor_gauss,100,oracle_minus_fixed,0.010000000000000009,0.013000000000000012,0.0036816377584276694,-0.2585286448652391,-0.0180000000000001,-0.08
27,raised_floor_gauss,250,plugin_sd_nw_minus_oracle,-0.018000000000000016,-0.018000000000000016,-0.19904302066030377,0.2989397735359347,0.05199999999999991,0.15
27,raised_floor_gauss,250,plugin_sd_nw_minus_fixed,-0.015000000000000013,-0.014000000000000012,-0.23637177891399386,0.07815968642669668,0.028999999999999908,0.13
27,raised_floor_gauss,250,oracle_minus_fixed,0.0030000000000000027,0.0040000000000000036,-0.037328758253690086,-0.22078008710923802,-0.022999999999999996,-0.01999999999999999
27,raised_floor_gauss,500,plugin_sd_nw_minus_oracle,-0.013000000000000012,-0.008000000000000007,-0.27891860150541437,0.30590486113288096,0.0469999999999999,0.0500000000000001
27,raised_floor_gauss,500,plugin_sd_nw_minus_fixed,-0.016000000000000014,-0.01100000000000001,-0.22168311236940097,0.18492860634596342,0.027999999999999907,0.03000000000000011
27,raised_floor_gauss,500,oracle_minus_fixed,-0.0030000000000000027,-0.0030000000000000027,0.057235489136013395,-0.12097625478691754,-0.018999999999999996,-0.01999999999999999
27,raised_floor_gauss,1000,plugin_sd_nw_minus_oracle,0.0020000000000000018,0.0020000000000000018,-0.14110779468984402,0.21798550448593979,0.04000000000000001,0.0500000000000001
27,raised_floor_gauss,1000,plugin_sd_nw_minus_fixed,0.008000000000000007,0.007000000000000006,-0.058873307673374065,0.13055397586854678,0.01599999999999991,0.03000000000000011
27,raised_floor_gauss,1000,oracle_minus_fixed,0.006000000000000005,0.0050000000000000044,0.08223448701646996,-0.087431528617393,-0.024000000000000098,-0.01999999999999999
27,raised_floor_t3,100,plugin_sd_nw_minus_oracle,-0.008000000000000007,-0.006000000000000005,0.1122785758539333,0.5227985408981706,0.049999999999999906,0.0800000000000001
27,raised_floor_t3,100,plugin_sd_nw_minus_fixed,-0.0020000000000000018,0.007000000000000006,-0.604050846589411,-0.5201702097871923,0.009999999999999912,-0.010000000000000009
27,raised_floor_t3,100,oracle_minus_fixed,0.006000000000000005,0.013000000000000012,-0.7163294224433443,-1.0429687506853629,-0.039999999999999994,-0.09000000000000011
27,raised_floor_t3,250,plugin_sd_nw_minus_oracle,0.01200000000000001,0.008000000000000007,0.12580671442112945,0.332055116143414,0.022,0.04000000000000012
27,raised_floor_t3,250,plugin_sd_nw_minus_fixed,-0.0030000000000000027,-0.0030000000000000027,-0.08557140514938011,0.0784552833612433,0.007000000000000006,0.020000000000000018
27,raised_floor_t3,250,oracle_minus_fixed,-0.015000000000000013,-0.01100000000000001,-0.21137811957050956,-0.2535998327821707,-0.014999999999999993,-0.0200000000000001
27,raised_floor_t3,500,plugin_sd_nw_minus_oracle,-0.01200000000000001,-0.010000000000000009,-0.18048899775317406,0.13674081390331194,0.019999999999999997,-0.0200000000000001
27,raised_floor_t3,500,plugin_sd_nw_minus_fixed,-0.0030000000000000027,0.0,-0.3119427445967662,-0.15639023314036482,-0.0050000000000000044,-0.03000000000000011
27,raised_floor_t3,500,oracle_minus_fixed,0.009000000000000008,0.010000000000000009,-0.13145374684359212,-0.29313104704367676,-0.025,-0.010000000000000009
27,raised_floor_t3,1000,plugin_sd_nw_minus_oracle,0.0020000000000000018,0.0050000000000000044,-0.05313581693847791,0.05016278280106379,0.013999999999999999,0.020000000000000004
27,raised_floor_t3,1000,plugin_sd_nw_minus_fixed,0.0030000000000000027,0.0,-0.1731333369913206,-0.12344804542587129,0.0009999999999998968,-0.01999999999999999
27,raised_floor_t3,1000,oracle_minus_fixed,0.0010000000000000009,-0.0050000000000000044,-0.1199975200528427,-0.17361082822693508,-0.013000000000000102,-0.039999999999999994
28,mm1_sojourn,100,plugin_sd_nw_minus_oracle,-0.006000000000000005,0.0030000000000000027,-0.26448858049818114,-0.018180497616180347,-0.004,0.0
28,mm1_sojourn,100,plugin_sd_nw_minus_fixed,0.02200000000000002,0.041000000000000036,-3.2847852601544814,-0.03699236172424669,-0.016000000000000004,-0.010000000000000099
28,mm1_sojourn,100,oracle_minus_fixed,0.028000000000000025,0.038000000000000034,-3.0202966796563,-0.018811864108066345,-0.012000000000000004,-0.010000000000000099
28,mm1_sojourn,250,plugin_sd_nw_minus_oracle,0.0,0.0,-0.11325652733843938,0.14979929299147976,0.004,0.0
28,mm1_sojourn,250,plugin_sd_nw_minus_fixed,-0.008000000000000007,0.025000000000000022,-0.9140602559940749,1.5336647765942608,-0.008,-0.009999999999999898
28,mm1_sojourn,250,oracle_minus_fixed,-0.008000000000000007,0.025000000000000022,-0.8008037286556355,1.383865483602781,-0.012,-0.009999999999999898
28,mm1_sojourn,500,plugin_sd_nw_minus_oracle,0.0040000000000000036,0.0020000000000000018,-0.17590237634501715,0.07169426157627612,0.004,0.0
28,mm1_sojourn,500,plugin_sd_nw_minus_fixed,0.01100000000000001,0.04300000000000004,-1.2803663355113288,1.3637118345547723,-0.012999999999999897,-0.03
28,mm1_sojourn,500,oracle_minus_fixed,0.007000000000000006,0.041000000000000036,-1.1044639591663117,1.2920175729784962,-0.016999999999999897,-0.03
28,mm1_sojourn,1000,plugin_sd_nw_minus_oracle,-0.0040000000000000036,-0.0010000000000000009,-0.10066872353000633,0.054788096428518784,0.006000000000000002,0.010000000000000009
28,mm1_sojourn,1000,plugin_sd_nw_minus_fixed,-0.010000000000000009,0.030000000000000027,-1.3765935934353646,1.382735920151596,-0.005999999999999998,0.049999999999999906
28,mm1_sojourn,1000,oracle_minus_fixed,-0.006000000000000005,0.031000000000000028,-1.2759248699053582,1.3279478237230773,-0.012,0.0399999999999999
28,raised_floor_gauss,100,plugin_sd_nw_minus_oracle,0.019000000000000017,0.016000000000000014,0.0859234598075882,0.7538184657206934,0.059000000000000004,0.2100000000000001
28,raised_floor_gauss,100,plugin_sd_nw_minus_fixed,0.007000000000000006,0.01100000000000001,0.030258693313803597,0.018786928663826252,0.027000000000000107,0.09000000000000011
28,raised_floor_gauss,100,oracle_minus_fixed,-0.01200000000000001,-0.0050000000000000044,-0.0556647664937846,-0.7350315370568672,-0.0319999999999999,-0.12
28,raised_floor_gauss,250,plugin_sd_nw_minus_oracle,0.0030000000000000027,0.0040000000000000036,-0.2026861377238025,0.23342816278448453,0.035,0.07
28,raised_floor_gauss,250,plugin_sd_nw_minus_fixed,0.0010000000000000009,0.0,-0.38203996638142845,-0.00823393645448478,0.013000000000000005,0.04000000000000012
28,raised_floor_gauss,250,oracle_minus_fixed,-0.0020000000000000018,-0.0040000000000000036,-0.17935382865762595,-0.2416620992389693,-0.022,-0.029999999999999888
28,raised_floor_gauss,500,plugin_sd_nw_minus_oracle,0.006000000000000005,0.0050000000000000044,-0.20325472540626643,0.1272765941895675,0.0240000000000001,0.03
28,raised_floor_gauss,500,plugin_sd_nw_minus_fixed,0.0030000000000000027,0.0040000000000000036,-0.16852160606692523,-0.07765678356973593,0.0030000000000001,-0.010000000000000009
28,raised_floor_gauss,500,oracle_minus_fixed,-0.0030000000000000027,-0.0010000000000000009,0.0347331193393412,-0.20493337775930343,-0.021,-0.04000000000000001
28,raised_floor_gauss,1000,plugin_sd_nw_minus_oracle,-0.0040000000000000036,-0.0040000000000000036,-0.15626239034095102,0.23000261993289328,0.034,0.04000000000000001
28,raised_floor_gauss,1000,plugin_sd_nw_minus_fixed,-0.0010000000000000009,0.0,-0.10852637334153314,0.048768970126157996,0.0050000000000000044,-0.05999999999999989
28,raised_floor_gauss,1000,oracle_minus_fixed,0.0030000000000000027,0.0040000000000000036,0.047736016999417874,-0.1812336498067353,-0.028999999999999998,-0.0999999999999999
28,raised_floor_t3,100,plugin_sd_nw_minus_oracle,-0.0020000000000000018,-0.01200000000000001,-0.08979991919012487,0.3488391241481956,0.04399999999999991,0.14999999999999988
28,raised_floor_t3,100,plugin_sd_nw_minus_fixed,-0.0040000000000000036,-0.006000000000000005,-0.37806945340082776,-0.07268239885761707,-0.0020000000000000018,0.04999999999999988
28,raised_floor_t3,100,oracle_minus_fixed,-0.0020000000000000018,0.006000000000000005,-0.2882695342107029,-0.4215215230058127,-0.04599999999999991,-0.1
28,raised_floor_t3,250,plugin_sd_nw_minus_oracle,-0.01200000000000001,-0.01100000000000001,-0.10211367405149963,0.2549327840337168,0.039999999999999904,0.03000000000000011
28,raised_floor_t3,250,plugin_sd_nw_minus_fixed,-0.016000000000000014,-0.014000000000000012,-0.35982219310542773,-0.05547062837458494,0.017999999999999905,0.0200000000000001
28,raised_floor_t3,250,oracle_minus_fixed,-0.0040000000000000036,-0.0030000000000000027,-0.2577085190539281,-0.3104034124083017,-0.022,-0.010000000000000009
28,raised_floor_t3,500,plugin_sd_nw_minus_oracle,0.0,0.010000000000000009,-0.05658185244742464,0.15658672266656115,0.013999999999999999,0.06000000000000011
28,raised_floor_t3,500,plugin_sd_nw_minus_fixed,-0.013000000000000012,-0.0040000000000000036,-0.3523884486983009,-0.016409682286502303,-0.006999999999999999,0.04000000000000012
28,raised_floor_t3,500,oracle_minus_fixed,-0.013000000000000012,-0.014000000000000012,-0.29580659625087624,-0.17299640495306345,-0.020999999999999998,-0.01999999999999999
28,raised_floor_t3,1000,plugin_sd_nw_minus_oracle,0.01100000000000001,0.008000000000000007,-0.07830349042120455,0.16991767007926395,0.011000000000000003,0.010000000000000092
28,raised_floor_t3,1000,plugin_sd_nw_minus_fixed,0.008000000000000007,0.0010000000000000009,-0.17254733424958202,-0.025958587153666723,-0.001999999999999995,-0.010000000000000009
28,raised_floor_t3,1000,oracle_minus_fixed,-0.0030000000000000027,-0.007000000000000006,-0.09424384382837747,-0.19587625723293067,-0.012999999999999998,-0.0200000000000001
29,mm1_sojourn,100,plugin_sd_nw_minus_oracle,0.0010000000000000009,0.008000000000000007,1.315965171660558,0.45590853471739834,0.032999999999999904,0.059999999999999894
29,mm1_sojourn,100,plugin_sd_nw_minus_fixed,-0.0020000000000000018,0.049000000000000044,-3.6932173237888417,-2.5643012943406145,0.008,0.009999999999999995
29,mm1_sojourn,100,oracle_minus_fixed,-0.0030000000000000027,0.041000000000000036,-5.0091824954494,-3.020209829058013,-0.0249999999999999,-0.0499999999999999
29,mm1_sojourn,250,plugin_sd_nw_minus_oracle,0.0010000000000000009,-0.0030000000000000027,-0.12244370210949462,-0.039951598797715704,0.0010000000000000009,0.0
29,mm1_sojourn,250,plugin_sd_nw_minus_fixed,-0.0030000000000000027,0.04600000000000004,-1.8091758000239562,1.2930570421922454,-0.002999999999999999,-0.010000000000000009
29,mm1_sojourn,250,oracle_minus_fixed,-0.0040000000000000036,0.049000000000000044,-1.6867320979144615,1.333008640989961,-0.004,-0.010000000000000009
29,mm1_sojourn,500,plugin_sd_nw_minus_oracle,0.01200000000000001,0.014000000000000012,0.0230337316039515,0.21952002988006747,0.004,0.0
29,mm1_sojourn,500,plugin_sd_nw_minus_fixed,-0.0050000000000000044,0.027000000000000024,-0.20672484746059183,1.864610908554118,-0.0169999999999999,-0.029999999999999902
29,mm1_sojourn,500,oracle_minus_fixed,-0.017000000000000015,0.013000000000000012,-0.22975857906454333,1.6450908786740506,-0.0209999999999999,-0.029999999999999902
29,mm1_sojourn,1000,plugin_sd_nw_minus_oracle,0.0020000000000000018,-0.0040000000000000036,-0.3685533237856262,0.08054289525886027,0.0020000000000000018,0.0
29,mm1_sojourn,1000,plugin_sd_nw_minus_fixed,0.0030000000000000027,0.05700000000000005,-0.31284177484128595,1.8131455813228445,-0.013000000000000001,-0.029999999999999902
29,mm1_sojourn,1000,oracle_minus_fixed,0.0010000000000000009,0.061000000000000054,0.05571154894434027,1.7326026860639843,-0.015000000000000003,-0.029999999999999902
29,raised_floor_gauss,100,plugin_sd_nw_minus_oracle,0.01200000000000001,0.015000000000000013,0.037215447072441066,0.7240889644775836,0.049999999999999906,0.16999999999999998
29,raised_floor_gauss,100,plugin_sd_nw_minus_fixed,0.014000000000000012,0.0050000000000000044,-0.25907999722666153,0.1390268139660602,0.011999999999999914,0.12999999999999998
29,raised_floor_gauss,100,oracle_minus_fixed,0.0020000000000000018,-0.010000000000000009,-0.2962954442991026,-0.5850621505115234,-0.03799999999999999,-0.04000000000000001
29,raised_floor_gauss,250,plugin_sd_nw_minus_oracle,-0.010000000000000009,-0.007000000000000006,-0.1455475990575259,0.44411035070385685,0.04399999999999989,0.1000000000000001
29,raised_floor_gauss,250,plugin_sd_nw_minus_fixed,0.014000000000000012,0.01100000000000001,-0.08630679137541186,0.19980877362282934,0.019999999999999893,0.03
29,raised_floor_gauss,250,oracle_minus_fixed,0.02400000000000002,0.018000000000000016,0.05924080768211404,-0.2443015770810275,-0.024,-0.0700000000000001
29,raised_floor_gauss,500,plugin_sd_nw_minus_oracle,0.029000000000000026,0.02300000000000002,-0.030031486962304843,0.2242941113809196,0.0269999999999999,0.04000000000000012
29,raised_floor_gauss,500,plugin_sd_nw_minus_fixed,0.02200000000000002,0.016000000000000014,-0.08805961714414323,0.047981366287877414,0.013999999999999901,0.04000000000000012
29,raised_floor_gauss,500,oracle_minus_fixed,-0.007000000000000006,-0.007000000000000006,-0.05802813018183839,-0.17631274509304218,-0.012999999999999998,0.0
29,raised_floor_gauss,1000,plugin_sd_nw_minus_oracle,0.0020000000000000018,0.0030000000000000027,-0.14533643065826451,0.1888085016674359,0.0359999999999999,0.08000000000000011
29,raised_floor_gauss,1000,plugin_sd_nw_minus_fixed,0.010000000000000009,0.008000000000000007,-0.06366322034598326,0.010154597321009984,0.015999999999999896,0.020000000000000018
29,raised_floor_gauss,1000,oracle_minus_fixed,0.008000000000000007,0.0050000000000000044,0.08167321031228125,-0.17865390434642592,-0.020000000000000004,-0.060000000000000095
29,raised_floor_t3,100,plugin_sd_nw_minus_oracle,0.0050000000000000044,0.008000000000000007,0.054534951404453746,0.5247022788091629,0.05299999999999991,0.15000000000000008
29,raised_floor_t3,100,plugin_sd_nw_minus_fixed,0.0020000000000000018,-0.010000000000000009,-1.0946523052355124,-0.6820127622263983,0.013999999999999999,0.10999999999999999
29,raised_floor_t3,100,oracle_minus_fixed,-0.0030000000000000027,-0.018000000000000016,-1.1491872566399661,-1.2067150410355612,-0.03899999999999991,-0.040000000000000105
29,raised_floor_t3,250,plugin_sd_nw_minus_oracle,-0.0020000000000000018,0.0,-0.06281916609409688,0.2076164997053822,0.017999999999999898,0.0500000000000001
29,raised_floor_t3,250,plugin_sd_nw_minus_fixed,-0.0020000000000000018,0.0,-0.5304452380828732,-0.2519863430153362,0.001999999999999995,0.04000000000000009
29,raised_floor_t3,250,oracle_minus_fixed,0.0,0.0,-0.46762607198877637,-0.4596028427207184,-0.015999999999999903,-0.010000000000000009
29,raised_floor_t3,500,plugin_sd_nw_minus_oracle,0.0030000000000000027,0.008000000000000007,-0.07800461597379926,0.15054534058120383,0.024999999999999897,0.03
29,raised_floor_t3,500,plugin_sd_nw_minus_fixed,0.0010000000000000009,-0.0050000000000000044,-0.18923582377670467,-0.07195858176821313,0.0049999999999999,0.009999999999999995
29,raised_floor_t3,500,oracle_minus_fixed,-0.0020000000000000018,-0.013000000000000012,-0.11123120780290541,-0.22250392234941696,-0.019999999999999997,-0.020000000000000004
29,raised_floor_t3,1000,plugin_sd_nw_minus_oracle,0.0040000000000000036,0.013000000000000012,-0.009648381368071446,0.15903765805520287,0.017999999999999898,0.03
29,raised_floor_t3,1000,plugin_sd_nw_minus_fixed,0.0050000000000000044,0.0050000000000000044,-0.22275176114983286,0.052081310592923646,-0.0030000000000000027,0.0
29,raised_floor_t3,1000,oracle_minus_fixed,0.0010000000000000009,-0.008000000000000007,-0.21310337978176142,-0.10695634746227922,-0.0209999999999999,-0.03
30,mm1_sojourn,100,plugin_sd_nw_minus_oracle,0.0,-0.0040000000000000036,-0.44759517845479646,0.010474248032570799,0.004,0.009999999999999898
30,mm1_sojourn,100,plugin_sd_nw_minus_fixed,0.0040000000000000036,0.029000000000000026,-1.7719566992096665,1.1632220295586624,-0.04000000000000001,-0.03
30,mm1_sojourn,100,oracle_minus_fixed,0.0040000000000000036,0.03300000000000003,-1.32436152075487,1.1527477815260916,-0.044000000000000004,-0.0399999999999999
30,mm1_sojourn,250,plugin_sd_nw_minus_oracle,-0.0010000000000000009,-0.0010000000000000009,-0.4772222991565105,0.17977317530102077,0.0089999999999999,0.0
30,mm1_sojourn,250,plugin_sd_nw_minus_fixed,0.0050000000000000044,0.029000000000000026,0.7266405684228516,2.4323784635211485,-0.0110000000000001,-0.020000000000000004
30,mm1_sojourn,250,oracle_minus_fixed,0.006000000000000005,0.030000000000000027,1.2038628675793621,2.2526052882201277,-0.02,-0.020000000000000004
30,mm1_sojourn,500,plugin_sd_nw_minus_oracle,0.0040000000000000036,0.009000000000000008,0.3559802499846132,0.07907460194778615,0.001999999999999901,-0.009999999999999995
30,mm1_sojourn,500,plugin_sd_nw_minus_fixed,0.010000000000000009,0.04500000000000004,-1.9449434996734345,0.839281036881836,0.005999999999999901,0.0
30,mm1_sojourn,500,oracle_minus_fixed,0.006000000000000005,0.03600000000000003,-2.3009237496580477,0.7602064349340498,0.004,0.009999999999999995
30,mm1_sojourn,1000,plugin_sd_nw_minus_oracle,-0.007000000000000006,-0.007000000000000006,-0.2853790694989584,0.3957352318185787,0.006999999999999996,0.0
30,mm1_sojourn,1000,plugin_sd_nw_minus_fixed,-0.009000000000000008,0.05500000000000005,-1.533086950091536,1.7074424418034813,0.006999999999999996,0.009999999999999995
30,mm1_sojourn,1000,oracle_minus_fixed,-0.0020000000000000018,0.062000000000000055,-1.2477078805925776,1.3117072099849025,0.0,0.009999999999999995
30,raised_floor_gauss,100,plugin_sd_nw_minus_oracle,-0.009000000000000008,-0.009000000000000008,-0.16969865420640406,0.47954569208464903,0.0649999999999999,0.15999999999999998
30,raised_floor_gauss,100,plugin_sd_nw_minus_fixed,-0.0010000000000000009,0.0010000000000000009,-0.1307040698355708,0.42344072882207895,0.0269999999999999,0.09999999999999998
30,raised_floor_gauss,100,oracle_minus_fixed,0.008000000000000007,0.010000000000000009,0.03899458437083325,-0.056104963262570084,-0.038000000000000006,-0.06000000000000001
30,raised_floor_gauss,250,plugin_sd_nw_minus_oracle,0.0050000000000000044,0.006000000000000005,-0.06427965676046865,0.3456938979479651,0.040999999999999995,0.06000000000000011
30,raised_floor_gauss,250,plugin_sd_nw_minus_fixed,-0.0030000000000000027,-0.0050000000000000044,-0.2615517068184605,0.1962005725577205,0.020999999999999894,0.03000000000000011
30,raised_floor_gauss,250,oracle_minus_fixed,-0.008000000000000007,-0.01100000000000001,-0.19727205005799187,-0.14949332539024462,-0.0200000000000001,-0.03
30,raised_floor_gauss,500,plugin_sd_nw_minus_oracle,0.006000000000000005,0.0020000000000000018,-0.1550418552176578,0.3236733834238583,0.0439999999999999,0.0500000000000001
30,raised_floor_gauss,500,plugin_sd_nw_minus_fixed,-0.007000000000000006,-0.009000000000000008,-0.20059231789829957,0.19779172024668723,0.022999999999999902,0.03000000000000011
30,raised_floor_gauss,500,oracle_minus_fixed,-0.013000000000000012,-0.01100000000000001,-0.04555046268064178,-0.1258816631771711,-0.020999999999999998,-0.01999999999999999
30,raised_floor_gauss,1000,plugin_sd_nw_minus_oracle,0.0030000000000000027,0.0010000000000000009,-0.13385676563280224,0.13523003937453604,0.033,0.019999999999999893
30,raised_floor_gauss,1000,plugin_sd_nw_minus_fixed,0.0020000000000000018,0.0020000000000000018,-0.09803564196171477,-0.05806707534756228,0.018000000000000002,0.0
30,raised_floor_gauss,1000,oracle_minus_fixed,-0.0010000000000000009,0.0010000000000000009,0.035821123671087474,-0.19329711472209832,-0.015,-0.019999999999999893
30,raised_floor_t3,100,plugin_sd_nw_minus_oracle,0.02100000000000002,0.01200000000000001,0.051609228589881484,0.2920302115278459,0.017,0.07
30,raised_floor_t3,100,plugin_sd_nw_minus_fixed,0.02400000000000002,0.02400000000000002,-0.013598365938069623,-0.05517759602845729,-0.008,-0.08999999999999989
30,raised_floor_t3,100,oracle_minus_fixed,0.0030000000000000027,0.01200000000000001,-0.06520759452795111,-0.3472078075563032,-0.025,-0.1599999999999999
30,raised_floor_t3,250,plugin_sd_nw_minus_oracle,-0.0020000000000000018,-0.0050000000000000044,-0.07969490335181639,0.1323507943339961,0.012000000000000004,0.009999999999999995
30,raised_floor_t3,250,plugin_sd_nw_minus_fixed,0.015000000000000013,0.008000000000000007,-0.32844430013021864,-0.14920014528554804,-0.0030000000000000027,-0.0500000000000001
30,raised_floor_t3,250,oracle_minus_fixed,0.017000000000000015,0.013000000000000012,-0.24874939677840224,-0.28155093961954414,-0.015000000000000006,-0.060000000000000095
30,raised_floor_t3,500,plugin_sd_nw_minus_oracle,-0.0010000000000000009,0.0,-0.03422538471221448,0.15873371387064728,0.015000000000000006,0.09000000000000011
30,raised_floor_t3,500,plugin_sd_nw_minus_fixed,0.006000000000000005,0.0040000000000000036,-0.09102963478032056,-0.1529232278363124,-0.005999999999999998,0.03
30,raised_floor_t3,500,oracle_minus_fixed,0.007000000000000006,0.0040000000000000036,-0.05680425006810608,-0.3116569417069597,-0.021000000000000005,-0.06000000000000011
30,raised_floor_t3,1000,plugin_sd_nw_minus_oracle,0.0020000000000000018,0.009000000000000008,-0.03633450532904825,0.1523280636209594,0.009999999999999905,0.0500000000000001
30,raised_floor_t3,1000,plugin_sd_nw_minus_fixed,-0.0040000000000000036,-0.0020000000000000018,-0.15508630323374262,-0.12067244880044425,-0.010000000000000099,0.0200000000000001
30,raised_floor_t3,1000,oracle_minus_fixed,-0.006000000000000005,-0.01100000000000001,-0.11875179790469437,-0.27300051242140366,-0.020000000000000004,-0.03
31,mm1_sojourn,100,plugin_sd_nw_minus_oracle,0.007000000000000006,0.010000000000000009,0.5345133412270178,0.33425679693527854,0.006999999999999999,-0.009999999999999995
31,mm1_sojourn,100,plugin_sd_nw_minus_fixed,0.006000000000000005,0.030000000000000027,-1.1384644947185434,1.000083245473629,0.0,-0.09000000000000001
31,mm1_sojourn,100,oracle_minus_fixed,-0.0010000000000000009,0.020000000000000018,-1.6729778359455612,0.6658264485383505,-0.006999999999999999,-0.08000000000000002
31,mm1_sojourn,250,plugin_sd_nw_minus_oracle,0.0009999999999998899,0.0020000000000000018,-0.23755866101725598,-0.0113063271613143,0.0010000000000000009,0.0
31,mm1_sojourn,250,plugin_sd_nw_minus_fixed,0.008999999999999897,0.04999999999999993,-2.145476157999072,0.2235683449835708,0.0010000000000000009,0.0
31,mm1_sojourn,250,oracle_minus_fixed,0.008000000000000007,0.04799999999999993,-1.907917496981816,0.2348746721448851,0.0,0.0
31,mm1_sojourn,500,plugin_sd_nw_minus_oracle,-0.008000000000000007,-0.006000000000000005,-0.33814897163573754,0.02347873335793338,0.0020000000000000018,0.0
31,mm1_sojourn,500,plugin_sd_nw_minus_fixed,-0.02200000000000002,0.018000000000000016,-0.3503213608234903,1.4297080719676334,-0.013999999999999901,-0.010000000000000106
31,mm1_sojourn,500,oracle_minus_fixed,-0.014000000000000012,0.02400000000000002,-0.012172389187752763,1.4062293386097,-0.015999999999999903,-0.010000000000000106
31,mm1_sojourn,1000,plugin_sd_nw_minus_oracle,-0.0020000000000000018,-0.0040000000000000036,-0.35153947105660244,0.11864831761293715,-0.0020000000000000018,0.0
31,mm1_sojourn,1000,plugin_sd_nw_minus_fixed,0.0040000000000000036,0.04200000000000004,-0.14353845535372578,1.5605536127108817,-0.008000000000000004,0.0
31,mm1_sojourn,1000,oracle_minus_fixed,0.006000000000000005,0.04600000000000004,0.20800101570287666,1.4419052950979445,-0.006000000000000002,0.0
31,raised_floor_gauss,100,plugin_sd_nw_minus_oracle,0.009000000000000008,0.009000000000000008,0.11569030781331202,0.6417321993577625,0.043000000000000094,0.16999999999999998
31,raised_floor_gauss,100,plugin_sd_nw_minus_fixed,0.0,-0.0020000000000000018,-0.11280898371389192,0.10215629840713358,0.013999999999999999,0.10999999999999999
31,raised_floor_gauss,100,oracle_minus_fixed,-0.009000000000000008,-0.01100000000000001,-0.22849929152720394,-0.5395759009506289,-0.029000000000000095,-0.06
31,raised_floor_gauss,250,plugin_sd_nw_minus_oracle,-0.020000000000000018,-0.010000000000000009,-0.1967961880646767,0.3406123960879781,0.05199999999999999,0.10000000000000012
31,raised_floor_gauss,250,plugin_sd_nw_minus_fixed,0.0,0.0040000000000000036,-0.14536130699189131,0.13779135216231975,0.025999999999999995,0.09000000000000011
31,raised_floor_gauss,250,oracle_minus_fixed,0.020000000000000018,0.014000000000000012,0.05143488107278538,-0.20282104392565836,-0.025999999999999995,-0.010000000000000009
31,raised_floor_gauss,500,plugin_sd_nw_minus_oracle,-0.0050000000000000044,-0.0030000000000000027,-0.2102581706768638,0.17600528930329373,0.023,0.030000000000000096
31,raised_floor_gauss,500,plugin_sd_nw_minus_fixed,-0.0010000000000000009,-0.0030000000000000027,-0.2677850789519427,0.0905993573773225,0.012999999999999998,0.0200000000000001
31,raised_floor_gauss,500,oracle_minus_fixed,0.0040000000000000036,0.0,-0.05752690827507889,-0.08540593192597123,-0.010000000000000002,-0.009999999999999995
31,raised_floor_gauss,1000,plugin_sd_nw_minus_oracle,-0.0030000000000000027,-0.0040000000000000036,-0.17313323061341235,0.0374441477157621,0.017,0.03
31,raised_floor_gauss,1000,plugin_sd_nw_minus_fixed,0.008000000000000007,0.008000000000000007,-0.1280345619012362,-0.08601547411298505,0.0119999999999999,0.0
31,raised_floor_gauss,1000,oracle_minus_fixed,0.01100000000000001,0.01200000000000001,0.04509866871217616,-0.12345962182874715,-0.005000000000000102,-0.03
31,raised_floor_t3,100,plugin_sd_nw_minus_oracle,0.0030000000000000027,0.0030000000000000027,0.043340158481761204,0.2616989395666378,0.029000000000000005,0.0700000000000001
31,raised_floor_t3,100,plugin_sd_nw_minus_fixed,0.008000000000000007,0.008000000000000007,-0.24805115648064513,-0.14425234026390132,0.0199999999999999,0.06000000000000011
31,raised_floor_t3,100,oracle_minus_fixed,0.0050000000000000044,0.0050000000000000044,-0.29139131496240633,-0.40595127983053914,-0.009000000000000105,-0.009999999999999995
31,raised_floor_t3,250,plugin_sd_nw_minus_oracle,0.008000000000000007,0.008000000000000007,0.013982431761472736,0.24967616171160856,0.013999999999999999,0.08999999999999989
31,raised_floor_t3,250,plugin_sd_nw_minus_fixed,0.014000000000000012,0.01100000000000001,-0.1290392337304498,-0.04037502852384112,-0.018000000000000002,-0.0200000000000001
31,raised_floor_t3,250,oracle_minus_fixed,0.006000000000000005,0.0030000000000000027,-0.14302166549192252,-0.2900511902354497,-0.032,-0.10999999999999999
31,raised_floor_t3,500,plugin_sd_nw_minus_oracle,-0.0020000000000000018,0.0,-0.07327214500244295,0.237086940732961,0.019999999999999893,0.04000000000000012
31,raised_floor_t3,500,plugin_sd_nw_minus_fixed,-0.0030000000000000027,0.0,-0.26760074145977475,-0.031054205866213103,-0.0010000000000000009,0.03000000000000011
31,raised_floor_t3,500,oracle_minus_fixed,-0.0010000000000000009,0.0,-0.1943285964573318,-0.2681411465991741,-0.020999999999999894,-0.010000000000000009
31,raised_floor_t3,1000,plugin_sd_nw_minus_oracle,-0.0010000000000000009,-0.0040000000000000036,-0.0879219141523091,0.19218165968486156,0.017,0.08000000000000011
31,raised_floor_t3,1000,plugin_sd_nw_minus_fixed,0.006000000000000005,0.01100000000000001,-0.11483961748563032,-0.064009525166552,-0.007999999999999993,0.0
31,raised_floor_t3,1000,oracle_minus_fixed,0.007000000000000006,0.015000000000000013,-0.02691770333332122,-0.25619118485141357,-0.024999999999999994,-0.08000000000000011
32,mm1_sojourn,100,plugin_sd_nw_minus_oracle,-0.0010000000000000009,-0.0030000000000000027,0.5910471825157231,0.22076360956011953,0.0049999999999999975,0.010000000000000009
32,mm1_sojourn,100,plugin_sd_nw_minus_fixed,0.0040000000000000036,0.03600000000000003,-1.373755911089054,0.1457472492023335,0.007999999999999997,0.020000000000000004
32,mm1_sojourn,100,oracle_minus_fixed,0.0050000000000000044,0.039000000000000035,-1.9648030936047771,-0.07501636035778603,0.002999999999999999,0.009999999999999995
32,mm1_sojourn,250,plugin_sd_nw_minus_oracle,0.0010000000000000009,-0.0010000000000000009,0.40165258833604245,0.09000219533313647,0.0010000000000000009,-0.0199999999999999
32,mm1_sojourn,250,plugin_sd_nw_minus_fixed,0.014000000000000012,0.07800000000000007,-1.9000532552968226,-0.15039832536862363,-0.029999999999999902,-0.059999999999999894
32,mm1_sojourn,250,oracle_minus_fixed,0.013000000000000012,0.07900000000000007,-2.301705843632865,-0.2404005207017601,-0.030999999999999903,-0.039999999999999994
32,mm1_sojourn,500,plugin_sd_nw_minus_oracle,0.006000000000000005,0.0050000000000000044,0.004006799861469013,0.018295447805325438,0.0019999999999999983,0.009999999999999898
32,mm1_sojourn,500,plugin_sd_nw_minus_fixed,0.01200000000000001,0.06300000000000006,-0.3337838493293255,1.3304464371913092,-0.004,-0.0200000000000001
32,mm1_sojourn,500,oracle_minus_fixed,0.006000000000000005,0.05800000000000005,-0.3377906491907945,1.3121509893859837,-0.005999999999999998,-0.03
32,mm1_sojourn,1000,plugin_sd_nw_minus_oracle,0.0050000000000000044,0.007000000000000006,-0.12543073400284221,-0.033568673640520075,-0.0029999999999999957,-0.009999999999999995
32,mm1_sojourn,1000,plugin_sd_nw_minus_fixed,-0.015000000000000013,0.010000000000000009,-1.264189761495305,1.6199051348267286,-0.010999999999999996,-0.009999999999999898
32,mm1_sojourn,1000,oracle_minus_fixed,-0.020000000000000018,0.0030000000000000027,-1.1387590274924628,1.6534738084672487,-0.008,9.71445146547012e-17
32,raised_floor_gauss,100,plugin_sd_nw_minus_oracle,-0.0030000000000000027,-0.0020000000000000018,0.08034514332190845,0.6669723450971974,0.06900000000000009,0.16
32,raised_floor_gauss,100,plugin_sd_nw_minus_fixed,0.0020000000000000018,0.007000000000000006,0.013908128382860596,0.06549147884313333,0.00399999999999999,-0.0200000000000001
32,raised_floor_gauss,100,oracle_minus_fixed,0.0050000000000000044,0.009000000000000008,-0.06643701493904786,-0.601480866254064,-0.06500000000000011,-0.1800000000000001
32,raised_floor_gauss,250,plugin_sd_nw_minus_oracle,-0.008000000000000007,-0.010000000000000009,-0.2146288578286586,0.3349199404100065,0.060000000000000005,0.15
32,raised_floor_gauss,250,plugin_sd_nw_minus_fixed,-0.0010000000000000009,-0.01100000000000001,-0.38650186797483466,-0.06402374204427908,0.023000000000000007,0.029999999999999888
32,raised_floor_gauss,250,oracle_minus_fixed,0.007000000000000006,-0.0010000000000000009,-0.17187301014617606,-0.3989436824542856,-0.037,-0.1200000000000001
32,raised_floor_gauss,500,plugin_sd_nw_minus_oracle,0.0,-0.0010000000000000009,-0.1607436536653224,0.11788151735459129,0.032,0.0
32,raised_floor_gauss,500,plugin_sd_nw_minus_fixed,0.017000000000000015,0.017000000000000015,-0.11075527559953136,-0.005901887803272832,-0.0029999999999999957,-0.010000000000000009
32,raised_floor_gauss,500,oracle_minus_fixed,0.017000000000000015,0.018000000000000016,0.04998837806579104,-0.12378340515786412,-0.035,-0.010000000000000009
32,raised_floor_gauss,1000,plugin_sd_nw_minus_oracle,-0.007000000000000006,-0.010000000000000009,-0.21311175076500222,0.30856879890411637,0.037,0.08000000000000011
32,raised_floor_gauss,1000,plugin_sd_nw_minus_fixed,-0.0050000000000000044,-0.0040000000000000036,-0.14973006750320694,0.12043509751960091,0.011000000000000093,0.05000000000000002
32,raised_floor_gauss,1000,oracle_minus_fixed,0.0020000000000000018,0.006000000000000005,0.06338168326179527,-0.18813370138451546,-0.025999999999999905,-0.030000000000000096
32,raised_floor_t3,100,plugin_sd_nw_minus_oracle,0.0040000000000000036,0.0010000000000000009,-0.025183392498016488,0.3799883629682199,0.036,0.18000000000000013
32,raised_floor_t3,100,plugin_sd_nw_minus_fixed,-0.010000000000000009,-0.010000000000000009,-0.9159989181741182,-0.5804818959379423,-0.006000000000000005,0.11000000000000001
32,raised_floor_t3,100,oracle_minus_fixed,-0.014000000000000012,-0.01100000000000001,-0.8908155256761017,-0.9604702589061622,-0.042,-0.07000000000000012
32,raised_floor_t3,250,plugin_sd_nw_minus_oracle,-0.0040000000000000036,-0.0050000000000000044,-0.11111939872799215,0.2430791905070393,0.0379999999999999,0.060000000000000095
32,raised_floor_t3,250,plugin_sd_nw_minus_fixed,-0.006000000000000005,-0.007000000000000006,-0.35158177757536735,-0.09270891040563534,-9.71445146547012e-17,-0.05000000000000002
32,raised_floor_t3,250,oracle_minus_fixed,-0.0020000000000000018,-0.0020000000000000018,-0.2404623788473752,-0.33578810091267464,-0.038,-0.11000000000000011
32,raised_floor_t3,500,plugin_sd_nw_minus_oracle,-0.0020000000000000018,0.0010000000000000009,-0.09534563873701529,0.14919567500779962,0.024000000000000004,0.009999999999999995
32,raised_floor_t3,500,plugin_sd_nw_minus_fixed,0.0050000000000000044,0.0020000000000000018,-0.2716859231640312,-0.15456460330108746,0.014999999999999902,0.0
32,raised_floor_t3,500,oracle_minus_fixed,0.007000000000000006,0.0010000000000000009,-0.17634028442701588,-0.3037602783088871,-0.009000000000000102,-0.009999999999999995
32,raised_floor_t3,1000,plugin_sd_nw_minus_oracle,0.0050000000000000044,0.007000000000000006,-0.06980614494474935,0.04057953105155532,0.011000000000000003,0.03
32,raised_floor_t3,1000,plugin_sd_nw_minus_fixed,-0.0050000000000000044,-0.0020000000000000018,-0.19478994122450266,-0.12696610100408368,-0.016999999999999994,-0.009999999999999995
32,raised_floor_t3,1000,oracle_minus_fixed,-0.010000000000000009,-0.009000000000000008,-0.12498379627975331,-0.167545632055639,-0.027999999999999997,-0.039999999999999994
33,mm1_sojourn,100,plugin_sd_nw_minus_oracle,-0.0010000000000000009,-0.0040000000000000036,0.39039999888380006,0.3594136663442953,0.008999999999999897,0.030000000000000096
33,mm1_sojourn,100,plugin_sd_nw_minus_fixed,-0.018000000000000016,0.019000000000000017,-2.4658049283201144,0.2425871045173711,0.024,0.06
33,mm1_sojourn,100,oracle_minus_fixed,-0.017000000000000015,0.02300000000000002,-2.8562049272039145,-0.11682656182692419,0.015000000000000104,0.029999999999999902
33,mm1_sojourn,250,plugin_sd_nw_minus_oracle,-0.01100000000000001,-0.014000000000000012,-0.7025587434033156,0.8114920946323156,0.016999999999999998,0.1000000000000001
33,mm1_sojourn,250,plugin_sd_nw_minus_fixed,-0.0010000000000000009,0.019000000000000017,-1.3796932877590216,2.730729571500248,-0.007000000000000006,0.06000000000000011
33,mm1_sojourn,250,oracle_minus_fixed,0.010000000000000009,0.03300000000000003,-0.677134544355706,1.9192374768679326,-0.024000000000000004,-0.039999999999999994
33,mm1_sojourn,500,plugin_sd_nw_minus_oracle,-0.009000000000000008,-0.006000000000000005,-0.5757591415558938,0.7708005677482017,0.016999999999999998,0.0700000000000001
33,mm1_sojourn,500,plugin_sd_nw_minus_fixed,-0.008000000000000007,0.040000000000000036,-0.33342754644816797,2.433981081950451,9.71445146547012e-17,0.05
33,mm1_sojourn,500,oracle_minus_fixed,0.0010000000000000009,0.04600000000000004,0.24233159510772584,1.6631805142022493,-0.0169999999999999,-0.0200000000000001
33,mm1_sojourn,1000,plugin_sd_nw_minus_oracle,0.0030000000000000027,-0.0010000000000000009,-0.3049436247191615,0.5393560124011536,0.006999999999999999,0.06
33,mm1_sojourn,1000,plugin_sd_nw_minus_fixed,-0.008000000000000007,0.031000000000000028,-0.873534819875144,2.3781779870584305,0.008,0.04999999999999999
33,mm1_sojourn,1000,oracle_minus_fixed,-0.01100000000000001,0.03200000000000003,-0.5685911951559826,1.838821974657277,0.0010000000000000009,-0.010000000000000009
33,raised_floor_gauss,100,plugin_sd_nw_minus_oracle,-0.01200000000000001,-0.015000000000000013,0.06523668554018913,0.708408668502829,0.0679999999999999,0.21000000000000013
33,raised_floor_gauss,100,plugin_sd_nw_minus_fixed,-0.018000000000000016,-0.020000000000000018,-0.061024900654736314,0.1966264711256165,0.027999999999999997,0.11000000000000001
33,raised_floor_gauss,100,oracle_minus_fixed,-0.006000000000000005,-0.0050000000000000044,-0.12626158619492545,-0.5117821973772125,-0.039999999999999904,-0.10000000000000012
33,raised_floor_gauss,250,plugin_sd_nw_minus_oracle,-0.0010000000000000009,-0.0040000000000000036,-0.12803306316042873,0.3325749414970125,0.05899999999999991,0.08000000000000011
33,raised_floor_gauss,250,plugin_sd_nw_minus_fixed,0.0040000000000000036,0.0010000000000000009,-0.02617751706166427,0.23388380482413806,0.023999999999999903,0.04000000000000012
33,raised_floor_gauss,250,oracle_minus_fixed,0.0050000000000000044,0.0050000000000000044,0.10185554609876446,-0.09869113667287444,-0.035,-0.039999999999999994
33,raised_floor_gauss,500,plugin_sd_nw_minus_oracle,-0.020000000000000018,-0.02300000000000002,-0.184943555682608,0.4185210954908407,0.05399999999999999,0.1200000000000001
33,raised_floor_gauss,500,plugin_sd_nw_minus_fixed,0.0,0.0020000000000000018,-0.0949809264782,0.22115712059128878,0.013999999999999999,0.010000000000000009
33,raised_floor_gauss,500,oracle_minus_fixed,0.020000000000000018,0.025000000000000022,0.089962629204408,-0.19736397489955193,-0.039999999999999994,-0.1100000000000001
33,raised_floor_gauss,1000,plugin_sd_nw_minus_oracle,0.016000000000000014,0.013000000000000012,-0.11043183908849041,0.1787423638377379,0.017999999999999995,0.0500000000000001
33,raised_floor_gauss,1000,plugin_sd_nw_minus_fixed,0.006000000000000005,0.0040000000000000036,-0.11816349520735292,0.06108482719142794,0.009999999999999995,0.0200000000000001
33,raised_floor_gauss,1000,oracle_minus_fixed,-0.010000000000000009,-0.009000000000000008,-0.007731656118862507,-0.11765753664630996,-0.008,-0.03
33,raised_floor_t3,100,plugin_sd_nw_minus_oracle,0.0040000000000000036,0.01100000000000001,0.24610377309377007,0.4675575759300692,0.06,0.13999999999999999
33,raised_floor_t3,100,plugin_sd_nw_minus_fixed,0.006000000000000005,0.007000000000000006,-0.8422789184629584,-0.6241935351740096,0.009999999999999995,0.0999999999999999
33,raised_floor_t3,100,oracle_minus_fixed,0.0020000000000000018,-0.0040000000000000036,-1.0883826915567285,-1.0917511111040787,-0.05,-0.04000000000000009
33,raised_floor_t3,250,plugin_sd_nw_minus_oracle,0.0030000000000000027,0.0020000000000000018,-0.02669730829188799,0.3264649273716671,0.039,0.13
33,raised_floor_t3,250,plugin_sd_nw_minus_fixed,0.009000000000000008,0.007000000000000006,-0.07541089394201927,0.022285458258736845,0.011000000000000107,0.10000000000000012
33,raised_floor_t3,250,oracle_minus_fixed,0.006000000000000005,0.0050000000000000044,-0.048713585650131286,-0.30417946911293026,-0.027999999999999893,-0.029999999999999888
33,raised_floor_t3,500,plugin_sd_nw_minus_oracle,-0.008000000000000007,-0.008000000000000007,-0.15504458106628283,0.25754468452987833,0.02600000000000001,0.12
33,raised_floor_t3,500,plugin_sd_nw_minus_fixed,0.0030000000000000027,0.0020000000000000018,-0.18004187751910505,0.0019269322534594124,-0.0010000000000000009,0.05999999999999989
33,raised_floor_t3,500,oracle_minus_fixed,0.01100000000000001,0.010000000000000009,-0.024997296452822226,-0.2556177522764189,-0.02700000000000001,-0.06000000000000011
33,raised_floor_t3,1000,plugin_sd_nw_minus_oracle,0.0020000000000000018,0.0010000000000000009,-0.06671690121904517,0.07804696278705103,0.007999999999999993,0.0
33,raised_floor_t3,1000,plugin_sd_nw_minus_fixed,-0.0010000000000000009,0.0020000000000000018,-0.23149421429695494,-0.08385550228137229,0.0049999999999999975,0.0
33,raised_floor_t3,1000,oracle_minus_fixed,-0.0030000000000000027,0.0010000000000000009,-0.16477731307790977,-0.16190246506842332,-0.0029999999999999957,0.0
34,mm1_sojourn,100,plugin_sd_nw_minus_oracle,-0.0010000000000000009,0.009000000000000008,-0.09464907467331418,0.3037787418798139,0.018999999999999996,0.0500000000000001
34,mm1_sojourn,100,plugin_sd_nw_minus_fixed,0.0020000000000000018,0.016000000000000014,-1.513619838374046,1.0393317158393085,-0.018000000000000002,-0.010000000000000009
34,mm1_sojourn,100,oracle_minus_fixed,0.0030000000000000027,0.007000000000000006,-1.4189707637007318,0.7355529739594946,-0.037,-0.06000000000000011
34,mm1_sojourn,250,plugin_sd_nw_minus_oracle,0.0,0.0010000000000000009,-0.322223500880388,0.3187793441721549,0.008,0.010000000000000106
34,mm1_sojourn,250,plugin_sd_nw_minus_fixed,0.013000000000000012,0.04700000000000004,-0.4371135784820117,1.6019222399859796,0.006999999999999999,0.010000000000000106
34,mm1_sojourn,250,oracle_minus_fixed,0.013000000000000012,0.04600000000000004,-0.11489007760162373,1.2831428958138247,-0.0010000000000000009,0.0
34,mm1_sojourn,500,plugin_sd_nw_minus_oracle,-0.007000000000000006,-0.008000000000000007,-0.10032952570493414,0.18870415015470776,0.005000000000000001,0.03000000000000011
34,mm1_sojourn,500,plugin_sd_nw_minus_fixed,0.018000000000000016,0.07400000000000007,-1.7571601654711149,1.3256985208774292,-0.024,-0.019999999999999893
34,mm1_sojourn,500,oracle_minus_fixed,0.025000000000000022,0.08200000000000007,-1.6568306397661807,1.1369943707227215,-0.029,-0.05
34,mm1_sojourn,1000,plugin_sd_nw_minus_oracle,0.0050000000000000044,0.0040000000000000036,0.08461949465457508,0.31939552391703785,0.008999999999999998,0.009999999999999995
34,mm1_sojourn,1000,plugin_sd_nw_minus_fixed,0.010000000000000009,0.07100000000000006,-0.10873067552711291,1.6849977129692242,-1.0061396160665481e-16,0.0
34,mm1_sojourn,1000,oracle_minus_fixed,0.0050000000000000044,0.06700000000000006,-0.19335017018168799,1.3656021890521863,-0.009000000000000098,-0.009999999999999995
34,raised_floor_gauss,100,plugin_sd_nw_minus_oracle,0.0040000000000000036,0.0020000000000000018,-0.06925909101322958,0.614441298583075,0.0659999999999999,0.09000000000000001
34,raised_floor_gauss,100,plugin_sd_nw_minus_fixed,0.0,-0.0010000000000000009,-0.11131757062650838,0.14680395632518461,0.02399999999999991,0.020000000000000018
34,raised_floor_gauss,100,oracle_minus_fixed,-0.0040000000000000036,-0.0030000000000000027,-0.0420584796132788,-0.46763734225789033,-0.041999999999999996,-0.06999999999999999
34,raised_floor_gauss,250,plugin_sd_nw_minus_oracle,-0.007000000000000006,-0.0040000000000000036,-0.23427513856462,0.43523866914286513,0.048999999999999905,0.08000000000000011
34,raised_floor_gauss,250,plugin_sd_nw_minus_fixed,0.0010000000000000009,-0.0020000000000000018,-0.15070694829807119,0.0929720800970153,0.020999999999999908,0.04000000000000001
34,raised_floor_gauss,250,oracle_minus_fixed,0.008000000000000007,0.0020000000000000018,0.08356819026654883,-0.34226658904584983,-0.027999999999999997,-0.040000000000000105
34,raised_floor_gauss,500,plugin_sd_nw_minus_oracle,0.0040000000000000036,0.0050000000000000044,-0.1286396700450334,0.2513637117492302,0.033999999999999996,0.0399999999999999
34,raised_floor_gauss,500,plugin_sd_nw_minus_fixed,0.0030000000000000027,0.0030000000000000027,-0.08665840469430552,0.05623237759408539,0.014999999999999993,-0.0200000000000001
34,raised_floor_gauss,500,oracle_minus_fixed,-0.0010000000000000009,-0.0020000000000000018,0.04198126535072788,-0.19513133415514483,-0.019000000000000003,-0.06
34,raised_floor_gauss,1000,plugin_sd_nw_minus_oracle,-0.009000000000000008,-0.006000000000000005,-0.19902513284255363,0.1518970236826589,0.031000000000000007,0.040000000000000105
34,raised_floor_gauss,1000,plugin_sd_nw_minus_fixed,-0.014000000000000012,-0.01100000000000001,-0.14702596716379723,0.03889301040583515,0.022000000000000006,0.03000000000000011
34,raised_floor_gauss,1000,oracle_minus_fixed,-0.0050000000000000044,-0.0050000000000000044,0.0519991656787564,-0.11300401327682374,-0.009000000000000001,-0.009999999999999995
34,raised_floor_t3,100,plugin_sd_nw_minus_oracle,-0.010000000000000009,-0.0050000000000000044,-0.029796169631822966,0.3227653622537576,0.026000000000000002,0.1400000000000001
34,raised_floor_t3,100,plugin_sd_nw_minus_fixed,-0.007000000000000006,-0.007000000000000006,-1.1900259082398552,-0.6185637764877017,0.01100000000000001,0.09
34,raised_floor_t3,100,oracle_minus_fixed,0.0030000000000000027,-0.0020000000000000018,-1.1602297386080322,-0.9413291387414593,-0.014999999999999993,-0.0500000000000001
34,raised_floor_t3,250,plugin_sd_nw_minus_oracle,0.007000000000000006,0.010000000000000009,-0.03874515187359506,0.2315221107342058,0.0269999999999999,0.09000000000000011
34,raised_floor_t3,250,plugin_sd_nw_minus_fixed,-0.0040000000000000036,-0.0040000000000000036,-0.24512529111955184,0.06250908679573985,0.007999999999999896,0.07000000000000012
34,raised_floor_t3,250,oracle_minus_fixed,-0.01100000000000001,-0.014000000000000012,-0.20638013924595677,-0.16901302393846596,-0.019000000000000003,-0.01999999999999999
34,raised_floor_t3,500,plugin_sd_nw_minus_oracle,0.0,-0.0030000000000000027,-0.061497484223470344,0.1612474393490615,0.023999999999999896,0.03000000000000011
34,raised_floor_t3,500,plugin_sd_nw_minus_fixed,0.0030000000000000027,-0.0020000000000000018,-0.2843979111316306,-0.09581931283028577,0.012999999999999894,0.010000000000000009
34,raised_floor_t3,500,oracle_minus_fixed,0.0030000000000000027,0.0010000000000000009,-0.22290042690816025,-0.25706675217934727,-0.011000000000000003,-0.0200000000000001
34,raised_floor_t3,1000,plugin_sd_nw_minus_oracle,-0.014999999999999902,-0.015000000000000013,-0.17321478912959298,0.07369929701823574,0.0030000000000001,0.0
34,raised_floor_t3,1000,plugin_sd_nw_minus_fixed,-0.014000000000000012,-0.013000000000000012,-0.41463947201496776,-0.1547332540997748,-0.0019999999999998977,0.0
34,raised_floor_t3,1000,oracle_minus_fixed,0.0009999999999998899,0.0020000000000000018,-0.24142468288537478,-0.22843255111801053,-0.0049999999999999975,0.0
35,mm1_sojourn,100,plugin_sd_nw_minus_oracle,-0.01200000000000001,-0.017000000000000015,-0.7146248028945159,0.5286978732002705,0.0239999999999999,0.1900000000000001
35,mm1_sojourn,100,plugin_sd_nw_minus_fixed,-0.0010000000000000009,0.029000000000000026,-4.444966274003888,-1.162134904664505,0.014999999999999902,0.19
35,mm1_sojourn,100,oracle_minus_fixed,0.01100000000000001,0.04600000000000004,-3.730341471109372,-1.6908327778647756,-0.008999999999999998,-9.71445146547012e-17
35,mm1_sojourn,250,plugin_sd_nw_minus_oracle,0.007000000000000006,0.006000000000000005,-0.0831361585036543,0.1787060529508846,0.0010000000000000009,0.019999999999999997
35,mm1_sojourn,250,plugin_sd_nw_minus_fixed,0.01100000000000001,0.038000000000000034,0.27398073910809906,1.8384900125269361,-0.006999999999999999,-0.06000000000000011
35,mm1_sojourn,250,oracle_minus_fixed,0.0040000000000000036,0.03200000000000003,0.35711689761175336,1.6597839595760515,-0.008,-0.0800000000000001
35,mm1_sojourn,500,plugin_sd_nw_minus_oracle,-0.0020000000000000018,-0.0030000000000000027,-0.4518409164720465,0.23294684133448307,0.009999999999999998,0.03
35,mm1_sojourn,500,plugin_sd_nw_minus_fixed,0.01200000000000001,0.07300000000000006,-0.7575041227370809,1.83435149589398,-0.0120000000000001,-0.03
35,mm1_sojourn,500,oracle_minus_fixed,0.014000000000000012,0.07600000000000007,-0.3056632062650344,1.6014046545594969,-0.0220000000000001,-0.06
35,mm1_sojourn,1000,plugin_sd_nw_minus_oracle,0.0010000000000000009,-0.0020000000000000018,-0.16386104995168083,0.20553196073482738,0.005000000000000001,0.019999999999999997
35,mm1_sojourn,1000,plugin_sd_nw_minus_fixed,-0.009000000000000008,0.019000000000000017,-0.24053252095947641,2.1369241123615783,0.0010000000000000009,-0.029999999999999902
35,mm1_sojourn,1000,oracle_minus_fixed,-0.010000000000000009,0.02100000000000002,-0.07667147100779559,1.931392151626751,-0.004,-0.0499999999999999
35,raised_floor_gauss,100,plugin_sd_nw_minus_oracle,-0.0050000000000000044,-0.0030000000000000027,-0.01035479747431678,0.7529079524359532,0.0590000000000001,0.22000000000000008
35,raised_floor_gauss,100,plugin_sd_nw_minus_fixed,0.008000000000000007,0.009000000000000008,-0.024273137863218164,0.12568768063678792,0.020000000000000004,0.03999999999999998
35,raised_floor_gauss,100,oracle_minus_fixed,0.013000000000000012,0.01200000000000001,-0.013918340388901385,-0.6272202717991653,-0.0390000000000001,-0.1800000000000001
35,raised_floor_gauss,250,plugin_sd_nw_minus_oracle,0.01100000000000001,0.013000000000000012,-0.13290145214462168,0.3620454605954473,0.029000000000000005,0.10000000000000012
35,raised_floor_gauss,250,plugin_sd_nw_minus_fixed,-0.0010000000000000009,-0.0010000000000000009,-0.2799213655310253,0.06563868452537402,0.005000000000000102,0.07
35,raised_floor_gauss,250,oracle_minus_fixed,-0.01200000000000001,-0.014000000000000012,-0.14701991338640363,-0.29640677607007326,-0.023999999999999903,-0.03000000000000011
35,raised_floor_gauss,500,plugin_sd_nw_minus_oracle,0.015000000000000013,0.010000000000000009,-0.12668669700915602,0.23843991340226012,0.03699999999999999,0.0500000000000001
35,raised_floor_gauss,500,plugin_sd_nw_minus_fixed,0.015000000000000013,0.01200000000000001,-0.06369182122927075,0.03674316651034548,0.006999999999999992,-0.03
35,raised_floor_gauss,500,oracle_minus_fixed,0.0,0.0020000000000000018,0.06299487577988527,-0.20169674689191464,-0.03,-0.0800000000000001
35,raised_floor_gauss,1000,plugin_sd_nw_minus_oracle,0.0020000000000000018,0.0050000000000000044,-0.16107167857596938,0.17171988157009777,0.032000000000000105,0.049999999999999996
35,raised_floor_gauss,1000,plugin_sd_nw_minus_fixed,-0.0010000000000000009,0.0010000000000000009,-0.0771991378485577,-0.020725530275103488,0.0050000000000000044,0.0
35,raised_floor_gauss,1000,oracle_minus_fixed,-0.0030000000000000027,-0.0040000000000000036,0.08387254072741168,-0.19244541184520125,-0.0270000000000001,-0.049999999999999996
35,raised_floor_t3,100,plugin_sd_nw_minus_oracle,0.0,0.006000000000000005,-0.036069314846455036,0.2469357872812563,0.04399999999999989,0.07000000000000012
35,raised_floor_t3,100,plugin_sd_nw_minus_fixed,0.014000000000000012,0.015000000000000013,-0.39270973130578724,-0.21725557869573775,0.019999999999999893,0.03
35,raised_floor_t3,100,oracle_minus_fixed,0.014000000000000012,0.009000000000000008,-0.3566404164593322,-0.46419136597699406,-0.024,-0.04000000000000012
35,raised_floor_t3,250,plugin_sd_nw_minus_oracle,0.0010000000000000009,0.007000000000000006,-0.04955486951191146,0.309734070305268,0.042999999999999906,0.0500000000000001
35,raised_floor_t3,250,plugin_sd_nw_minus_fixed,0.009000000000000008,0.015000000000000013,-0.2956754872488605,-0.10462149618778316,0.004999999999999907,0.0
35,raised_floor_t3,250,oracle_minus_fixed,0.008000000000000007,0.008000000000000007,-0.24612061773694904,-0.41435556649305116,-0.038,-0.0500000000000001
35,raised_floor_t3,500,plugin_sd_nw_minus_oracle,-0.0050000000000000044,-0.0030000000000000027,-0.02334245256979295,0.10100117218233073,0.027000000000000003,0.0
35,raised_floor_t3,500,plugin_sd_nw_minus_fixed,0.009000000000000008,0.008000000000000007,-0.17163568066024237,-0.2182680537187136,0.009000000000000105,-0.030000000000000096
35,raised_floor_t3,500,oracle_minus_fixed,0.014000000000000012,0.01100000000000001,-0.14829322809044942,-0.31926922590104434,-0.017999999999999898,-0.030000000000000096
35,raised_floor_t3,1000,plugin_sd_nw_minus_oracle,0.0040000000000000036,0.007000000000000006,-0.026057658328200395,0.12435066262583927,0.005999999999999998,0.04000000000000009
35,raised_floor_t3,1000,plugin_sd_nw_minus_fixed,-0.0030000000000000027,-0.008000000000000007,-0.2020444985148071,-0.07234854692134496,0.0010000000000000009,0.0
35,raised_floor_t3,1000,oracle_minus_fixed,-0.007000000000000006,-0.015000000000000013,-0.1759868401866067,-0.19669920954718423,-0.0049999999999999975,-0.04000000000000009
36,mm1_sojourn,100,plugin_sd_nw_minus_oracle,-0.0020000000000000018,0.0030000000000000027,0.19640891624881185,0.20942661053181766,0.013999999999999999,0.059999999999999894
36,mm1_sojourn,100,plugin_sd_nw_minus_fixed,0.010000000000000009,0.03400000000000003,-2.432574208803227,0.566143686953227,-0.011999999999999997,0.009999999999999995
36,mm1_sojourn,100,oracle_minus_fixed,0.01200000000000001,0.031000000000000028,-2.628983125052039,0.3567170764214094,-0.025999999999999995,-0.0499999999999999
36,mm1_sojourn,250,plugin_sd_nw_minus_oracle,-0.0020000000000000018,-0.0050000000000000044,-0.27746890979006533,0.2603892395554741,0.006000000000000099,0.030000000000000006
36,mm1_sojourn,250,plugin_sd_nw_minus_fixed,-0.009000000000000008,0.040000000000000036,-0.4982142585205507,2.1117549458849645,0.002999999999999999,0.030000000000000006
36,mm1_sojourn,250,oracle_minus_fixed,-0.007000000000000006,0.04500000000000004,-0.22074534873048535,1.8513657063294904,-0.0030000000000001,0.0
36,mm1_sojourn,500,plugin_sd_nw_minus_oracle,-0.0020000000000000018,0.0010000000000000009,-0.2363893274421507,0.13409148284533146,0.0020000000000000018,0.0
36,mm1_sojourn,500,plugin_sd_nw_minus_fixed,0.0010000000000000009,0.04300000000000004,-1.7497429142909207,1.389294208551899,-0.015,0.0
36,mm1_sojourn,500,oracle_minus_fixed,0.0030000000000000027,0.04200000000000004,-1.51335358684877,1.2552027257065674,-0.017,0.0
36,mm1_sojourn,1000,plugin_sd_nw_minus_oracle,-0.0020000000000000018,-0.0040000000000000036,-0.19499072612235047,0.2227056639869751,0.0020000000000000018,0.009999999999999898
36,mm1_sojourn,1000,plugin_sd_nw_minus_fixed,0.0040000000000000036,0.050000000000000044,-1.4261469122579156,1.9380195597970502,-0.007999999999999997,0.019999999999999893
36,mm1_sojourn,1000,oracle_minus_fixed,0.006000000000000005,0.05400000000000005,-1.231156186135565,1.715313895810075,-0.009999999999999998,0.009999999999999995
36,raised_floor_gauss,100,plugin_sd_nw_minus_oracle,0.01100000000000001,0.01100000000000001,0.019823851775493395,0.4662262448241381,0.057,0.09999999999999999
36,raised_floor_gauss,100,plugin_sd_nw_minus_fixed,-0.0010000000000000009,-0.0020000000000000018,-0.41494792410779935,-0.0038563264729214453,0.039,0.0800000000000001
36,raised_floor_gauss,100,oracle_minus_fixed,-0.01200000000000001,-0.013000000000000012,-0.43477177588329274,-0.47008257129705955,-0.018000000000000002,-0.019999999999999893
36,raised_floor_gauss,250,plugin_sd_nw_minus_oracle,-0.0030000000000000027,0.0,-0.11997875613838183,0.3048757348040141,0.045,0.0500000000000001
36,raised_floor_gauss,250,plugin_sd_nw_minus_fixed,-0.009000000000000008,-0.009000000000000008,-0.2628822280745249,0.021112513924581133,0.020999999999999998,0.010000000000000009
36,raised_floor_gauss,250,oracle_minus_fixed,-0.006000000000000005,-0.009000000000000008,-0.14290347193614306,-0.28376322087943295,-0.024000000000000004,-0.04000000000000009
36,raised_floor_gauss,500,plugin_sd_nw_minus_oracle,0.0010000000000000009,0.0010000000000000009,-0.1517608489988449,0.22602511526489,0.048999999999999995,0.13000000000000012
36,raised_floor_gauss,500,plugin_sd_nw_minus_fixed,-0.008000000000000007,-0.009000000000000008,-0.1604138798628143,0.1057007791486444,0.025999999999999995,0.10000000000000012
36,raised_floor_gauss,500,oracle_minus_fixed,-0.009000000000000008,-0.010000000000000009,-0.008653030863969402,-0.1203243361162456,-0.023,-0.03
36,raised_floor_gauss,1000,plugin_sd_nw_minus_oracle,0.009000000000000008,0.010000000000000009,-0.1384225927924163,0.1509084909616405,0.0209999999999999,0.029999999999999888
36,raised_floor_gauss,1000,plugin_sd_nw_minus_fixed,0.01100000000000001,0.01100000000000001,-0.09293382345614054,-0.01726266241939145,0.008999999999999897,-0.0200000000000001
36,raised_floor_gauss,1000,oracle_minus_fixed,0.0020000000000000018,0.0010000000000000009,0.04548876933627577,-0.16817115338103195,-0.012000000000000004,-0.04999999999999999
36,raised_floor_t3,100,plugin_sd_nw_minus_oracle,0.006000000000000005,0.007000000000000006,-0.015654250905585698,0.25854473282786383,0.03599999999999989,0.010000000000000009
36,raised_floor_t3,100,plugin_sd_nw_minus_fixed,0.006000000000000005,-0.0050000000000000044,-0.39377703308896006,-0.22216184097876646,0.007999999999999896,-0.0200000000000001
36,raised_floor_t3,100,oracle_minus_fixed,0.0,-0.01200000000000001,-0.37812278218337436,-0.4807065738066303,-0.027999999999999997,-0.03000000000000011
36,raised_floor_t3,250,plugin_sd_nw_minus_oracle,-0.016000000000000014,-0.013000000000000012,-0.11178593634021028,0.24675800173240292,0.0400000000000001,0.0800000000000001
36,raised_floor_t3,250,plugin_sd_nw_minus_fixed,-0.0040000000000000036,-0.008000000000000007,-0.46146310450987205,-0.07546444412962083,-0.00799999999999991,0.010000000000000009
36,raised_floor_t3,250,oracle_minus_fixed,0.01200000000000001,0.0050000000000000044,-0.34967716816966177,-0.32222244586202375,-0.04800000000000001,-0.07000000000000009
36,raised_floor_t3,500,plugin_sd_nw_minus_oracle,0.0020000000000000018,0.0020000000000000018,-0.14140452226591504,0.1461314291161715,0.0119999999999999,0.04000000000000012
36,raised_floor_t3,500,plugin_sd_nw_minus_fixed,0.0030000000000000027,0.0040000000000000036,-0.2275695705244818,-0.11425198517303103,-0.005000000000000102,0.020000000000000018
36,raised_floor_t3,500,oracle_minus_fixed,0.0010000000000000009,0.0020000000000000018,-0.08616504825856675,-0.26038341428920253,-0.017,-0.0200000000000001
36,raised_floor_t3,1000,plugin_sd_nw_minus_oracle,0.007000000000000006,0.006000000000000005,-0.08960286065721745,0.02945793484436221,0.0030000000000000027,0.010000000000000106
36,raised_floor_t3,1000,plugin_sd_nw_minus_fixed,-0.0040000000000000036,-0.006000000000000005,-0.25715292530079714,-0.1722448054781638,-0.017999999999999905,-0.019999999999999893
36,raised_floor_t3,1000,oracle_minus_fixed,-0.01100000000000001,-0.01200000000000001,-0.1675500646435797,-0.201702740322526,-0.020999999999999908,-0.03
37,mm1_sojourn,100,plugin_sd_nw_minus_oracle,-0.007000000000000006,-0.007000000000000006,0.02297065766015116,0.09354628104268947,0.0049999999999999,1.0408340855860843e-16
37,mm1_sojourn,100,plugin_sd_nw_minus_fixed,-0.006000000000000005,0.025000000000000022,-0.800459858698483,0.663927618223406,-0.022000000000000096,-0.10999999999999999
37,mm1_sojourn,100,oracle_minus_fixed,0.0010000000000000009,0.03200000000000003,-0.8234305163586342,0.5703813371807165,-0.026999999999999996,-0.1100000000000001
37,mm1_sojourn,250,plugin_sd_nw_minus_oracle,0.007000000000000006,0.0050000000000000044,0.06461198992305484,0.12610894429650088,0.002999999999999999,0.010000000000000009
37,mm1_sojourn,250,plugin_sd_nw_minus_fixed,-0.0020000000000000018,0.05800000000000005,-0.7038029894299402,2.4522992551466256,-0.0019999999999999983,-0.0399999999999999
37,mm1_sojourn,250,oracle_minus_fixed,-0.009000000000000008,0.05300000000000005,-0.7684149793529951,2.3261903108501247,-0.0049999999999999975,-0.049999999999999906
37,mm1_sojourn,500,plugin_sd_nw_minus_oracle,-0.0030000000000000027,-0.006000000000000005,-0.3004338875102679,0.19262097981917137,0.0010000000000000009,0.0
37,mm1_sojourn,500,plugin_sd_nw_minus_fixed,0.010000000000000009,0.051000000000000045,-1.227173088612842,1.600573409921875,-0.008,0.0
37,mm1_sojourn,500,oracle_minus_fixed,0.013000000000000012,0.05700000000000005,-0.9267392011025741,1.4079524301027035,-0.009000000000000001,0.0
37,mm1_sojourn,1000,plugin_sd_nw_minus_oracle,-0.0020000000000000018,-0.0010000000000000009,-0.33865855545955714,-0.0895188269408731,-0.0019999999999999983,0.0
37,mm1_sojourn,1000,plugin_sd_nw_minus_fixed,0.008000000000000007,0.04500000000000004,-0.6421008576930625,1.111260600573333,-0.018,-0.019999999999999893
37,mm1_sojourn,1000,oracle_minus_fixed,0.010000000000000009,0.04600000000000004,-0.3034423022335053,1.200779427514206,-0.016,-0.019999999999999893
37,raised_floor_gauss,100,plugin_sd_nw_minus_oracle,0.014000000000000012,0.02100000000000002,-0.16375715713070882,0.25753093249506653,0.041999999999999996,0.08000000000000002
37,raised_floor_gauss,100,plugin_sd_nw_minus_fixed,-0.008000000000000007,-0.0030000000000000027,-0.4686135876843682,-0.16253383220301432,0.0180000000000001,0.03000000000000011
37,raised_floor_gauss,100,oracle_minus_fixed,-0.02200000000000002,-0.02400000000000002,-0.3048564305536594,-0.42006476469808085,-0.023999999999999896,-0.049999999999999906
37,raised_floor_gauss,250,plugin_sd_nw_minus_oracle,-0.014000000000000012,-0.016000000000000014,-0.28574651231130455,0.36608895390077745,0.038000000000000006,0.0800000000000001
37,raised_floor_gauss,250,plugin_sd_nw_minus_fixed,0.009000000000000008,0.006000000000000005,-0.24709607565147884,0.151708176779616,0.0050000000000000044,0.0
37,raised_floor_gauss,250,oracle_minus_fixed,0.02300000000000002,0.02200000000000002,0.038650436659825704,-0.21438077712116144,-0.033,-0.0800000000000001
37,raised_floor_gauss,500,plugin_sd_nw_minus_oracle,0.014000000000000012,0.015000000000000013,-0.13193317970168694,0.37691856164449034,0.0419999999999999,0.0800000000000001
37,raised_floor_gauss,500,plugin_sd_nw_minus_fixed,0.0050000000000000044,0.0040000000000000036,-0.1750612593105081,0.1430539100011674,0.0129999999999999,0.03999999999999998
37,raised_floor_gauss,500,oracle_minus_fixed,-0.009000000000000008,-0.01100000000000001,-0.043128079608821146,-0.23386465164332293,-0.028999999999999998,-0.04000000000000012
37,raised_floor_gauss,1000,plugin_sd_nw_minus_oracle,0.009000000000000008,0.0040000000000000036,-0.13019922780311077,0.10279399174529269,0.032999999999999904,0.01999999999999999
37,raised_floor_gauss,1000,plugin_sd_nw_minus_fixed,-0.0020000000000000018,-0.0040000000000000036,-0.10934568533646605,-0.007643975427697125,0.0119999999999999,0.0
37,raised_floor_gauss,1000,oracle_minus_fixed,-0.01100000000000001,-0.008000000000000007,0.020853542466644726,-0.11043796717298981,-0.021,-0.01999999999999999
37,raised_floor_t3,100,plugin_sd_nw_minus_oracle,-0.027000000000000024,-0.028000000000000025,-0.133087287648749,0.34550213055154444,0.033000000000000106,0.1000000000000001
37,raised_floor_t3,100,plugin_sd_nw_minus_fixed,-0.040000000000000036,-0.03500000000000003,-0.9658919853258241,-0.49458004275983214,0.030000000000000103,0.03
37,raised_floor_t3,100,oracle_minus_fixed,-0.013000000000000012,-0.007000000000000006,-0.8328046976770751,-0.8400821733113766,-0.0030000000000000027,-0.0700000000000001
37,raised_floor_t3,250,plugin_sd_nw_minus_oracle,0.02300000000000002,0.031000000000000028,0.11062671764474463,0.155174270694296,0.0129999999999999,0.029999999999999888
37,raised_floor_t3,250,plugin_sd_nw_minus_fixed,0.009000000000000008,0.015000000000000013,-0.4382797546205164,-0.42513217335817677,-0.0030000000000001,0.0
37,raised_floor_t3,250,oracle_minus_fixed,-0.014000000000000012,-0.016000000000000014,-0.548906472265261,-0.5803064440524728,-0.016,-0.029999999999999888
37,raised_floor_t3,500,plugin_sd_nw_minus_oracle,0.0050000000000000044,0.0040000000000000036,-0.08075749754994921,0.16637239724452524,0.008999999999999994,0.08000000000000002
37,raised_floor_t3,500,plugin_sd_nw_minus_fixed,-0.0040000000000000036,-0.008000000000000007,-0.3371491818244241,0.031957417520072084,-0.003999999999999906,0.08000000000000002
37,raised_floor_t3,500,oracle_minus_fixed,-0.009000000000000008,-0.01200000000000001,-0.2563916842744749,-0.13441497972445315,-0.0129999999999999,0.0
37,raised_floor_t3,1000,plugin_sd_nw_minus_oracle,-0.007000000000000006,-0.013000000000000012,-0.11237963686241459,0.1538419755719418,0.014999999999999902,0.010000000000000009
37,raised_floor_t3,1000,plugin_sd_nw_minus_fixed,-0.0010000000000000009,-0.0050000000000000044,-0.17169252247258227,-0.043635731193993,0.0010000000000000009,-0.010000000000000092
37,raised_floor_t3,1000,oracle_minus_fixed,0.006000000000000005,0.008000000000000007,-0.059312885610167676,-0.1974777067659348,-0.013999999999999901,-0.0200000000000001
38,mm1_sojourn,100,plugin_sd_nw_minus_oracle,0.0040000000000000036,0.0040000000000000036,0.36011809927129335,0.36366873862487026,0.011999999999999903,0.04999999999999989
38,mm1_sojourn,100,plugin_sd_nw_minus_fixed,0.0020000000000000018,0.028000000000000025,0.5530552343815334,1.3105870125845822,-0.022,-0.03000000000000011
38,mm1_sojourn,100,oracle_minus_fixed,-0.0020000000000000018,0.02400000000000002,0.19293713511024002,0.946918273959712,-0.033999999999999905,-0.08
38,mm1_sojourn,250,plugin_sd_nw_minus_oracle,-0.0020000000000000018,-0.0020000000000000018,-0.5232179282968463,0.3245883477207183,0.007999999999999997,0.010000000000000002
38,mm1_sojourn,250,plugin_sd_nw_minus_fixed,-0.0010000000000000009,0.015000000000000013,-1.6119316621323856,1.132578850748109,-0.019000000000000003,-0.05
38,mm1_sojourn,250,oracle_minus_fixed,0.0010000000000000009,0.017000000000000015,-1.0887137338355393,0.8079905030273906,-0.027,-0.060000000000000005
38,mm1_sojourn,500,plugin_sd_nw_minus_oracle,-0.0010000000000000009,-0.0010000000000000009,-0.08537645373365965,0.08133216007315269,0.0009999999999999003,0.0
38,mm1_sojourn,500,plugin_sd_nw_minus_fixed,0.009000000000000008,0.04600000000000004,-0.6115844786157165,0.9640499607066406,-0.013000000000000098,-0.010000000000000002
38,mm1_sojourn,500,oracle_minus_fixed,0.010000000000000009,0.04700000000000004,-0.5262080248820569,0.8827178006334879,-0.013999999999999999,-0.010000000000000002
38,mm1_sojourn,1000,plugin_sd_nw_minus_oracle,-0.0040000000000000036,-0.0030000000000000027,-0.28562689506551386,0.08923376821409867,-0.005999999999999901,-0.010000000000000002
38,mm1_sojourn,1000,plugin_sd_nw_minus_fixed,0.0050000000000000044,0.05600000000000005,-0.31981323798179684,1.6026614046799708,-0.005000000000000001,-0.020000000000000004
38,mm1_sojourn,1000,oracle_minus_fixed,0.009000000000000008,0.05900000000000005,-0.034186342916282975,1.513427636465872,0.0009999999999999003,-0.010000000000000002
38,raised_floor_gauss,100,plugin_sd_nw_minus_oracle,0.016000000000000014,0.016000000000000014,-0.014977616021126128,0.40736672678429864,0.044000000000000004,0.0500000000000001
38,raised_floor_gauss,100,plugin_sd_nw_minus_fixed,-0.007999999999999896,-0.007999999999999896,-0.19769728716641222,0.15031258539186787,0.026000000000000002,0.0200000000000001
38,raised_floor_gauss,100,oracle_minus_fixed,-0.02399999999999991,-0.02399999999999991,-0.1827196711452861,-0.25705414139243077,-0.018000000000000002,-0.03
38,raised_floor_gauss,250,plugin_sd_nw_minus_oracle,0.009000000000000008,0.008000000000000007,-0.10800202840819972,0.3071965426136454,0.050999999999999907,0.10000000000000009
38,raised_floor_gauss,250,plugin_sd_nw_minus_fixed,0.014000000000000012,0.015000000000000013,-0.07048635918967916,0.14729988932903204,0.031999999999999904,0.0500000000000001
38,raised_floor_gauss,250,oracle_minus_fixed,0.0050000000000000044,0.007000000000000006,0.037515669218520564,-0.15989665328461333,-0.019,-0.049999999999999996
38,raised_floor_gauss,500,plugin_sd_nw_minus_oracle,-0.007000000000000006,-0.009000000000000008,-0.2620676563101729,0.2543549071950473,0.05299999999999991,0.07999999999999999
38,raised_floor_gauss,500,plugin_sd_nw_minus_fixed,0.0030000000000000027,0.0020000000000000018,-0.13242354897434394,0.08443019889914671,0.0209999999999999,0.0500000000000001
38,raised_floor_gauss,500,oracle_minus_fixed,0.010000000000000009,0.01100000000000001,0.12964410733582898,-0.16992470829590056,-0.032,-0.029999999999999888
38,raised_floor_gauss,1000,plugin_sd_nw_minus_oracle,-0.0020000000000000018,-0.0040000000000000036,-0.1378571064463343,0.14518117471245695,0.016000000000000104,0.03
38,raised_floor_gauss,1000,plugin_sd_nw_minus_fixed,0.0030000000000000027,0.0040000000000000036,-0.1584462913755429,0.013032953950085524,0.0030000000000000027,0.010000000000000009
38,raised_floor_gauss,1000,oracle_minus_fixed,0.0050000000000000044,0.008000000000000007,-0.02058918492920858,-0.13214822076237143,-0.013000000000000102,-0.01999999999999999
38,raised_floor_t3,100,plugin_sd_nw_minus_oracle,-0.013000000000000012,-0.010000000000000009,-0.08209894391564232,0.18519355031097273,0.033000000000000106,0.040000000000000105
38,raised_floor_t3,100,plugin_sd_nw_minus_fixed,0.0040000000000000036,0.006000000000000005,-0.2747007317746135,-0.14761452486898596,-0.005999999999999894,0.0
38,raised_floor_t3,100,oracle_minus_fixed,0.017000000000000015,0.016000000000000014,-0.1926017878589712,-0.3328080751799587,-0.039,-0.040000000000000105
38,raised_floor_t3,250,plugin_sd_nw_minus_oracle,0.007000000000000006,0.008000000000000007,0.19643596957279308,0.35859113519995134,0.032999999999999904,0.16000000000000011
38,raised_floor_t3,250,plugin_sd_nw_minus_fixed,0.015000000000000013,0.013000000000000012,-0.1004321474492107,0.025485750498316584,-0.002999999999999989,0.010000000000000009
38,raised_floor_t3,250,oracle_minus_fixed,0.008000000000000007,0.0050000000000000044,-0.2968681170220038,-0.33310538470163475,-0.03599999999999989,-0.1500000000000001
38,raised_floor_t3,500,plugin_sd_nw_minus_oracle,0.0050000000000000044,-0.0040000000000000036,-0.16047230035651783,0.11527278093355653,0.020999999999999998,0.009999999999999995
38,raised_floor_t3,500,plugin_sd_nw_minus_fixed,0.0030000000000000027,0.0010000000000000009,-0.12477594945644133,-0.060121923560298995,0.0010000000000000009,-0.009999999999999995
38,raised_floor_t3,500,oracle_minus_fixed,-0.0020000000000000018,0.0050000000000000044,0.0356963509000765,-0.17539470449385552,-0.019999999999999997,-0.01999999999999999
38,raised_floor_t3,1000,plugin_sd_nw_minus_oracle,-0.0030000000000000027,-0.0020000000000000018,-0.05931180944697645,0.08301502580687847,0.021,0.0500000000000001
38,raised_floor_t3,1000,plugin_sd_nw_minus_fixed,-0.0020000000000000018,-0.0010000000000000009,-0.13803590620762152,-0.07118331971330782,-0.0020000000000000018,0.0200000000000001
38,raised_floor_t3,1000,oracle_minus_fixed,0.0010000000000000009,0.0010000000000000009,-0.07872409676064507,-0.1541983455201863,-0.023000000000000003,-0.03
39,mm1_sojourn,100,plugin_sd_nw_minus_oracle,0.006000000000000005,0.0030000000000000027,0.18524223757989144,0.6242037230378941,0.0239999999999999,0.15
39,mm1_sojourn,100,plugin_sd_nw_minus_fixed,-0.0040000000000000036,0.03700000000000003,-1.9416696668941071,0.46265408315771595,0.0039999999999998995,0.09
39,mm1_sojourn,100,oracle_minus_fixed,-0.010000000000000009,0.03400000000000003,-2.1269119044739986,-0.16154963988017812,-0.02,-0.06
39,mm1_sojourn,250,plugin_sd_nw_minus_oracle,0.007000000000000006,0.007000000000000006,0.14422908247418498,0.5411504943130883,0.008999999999999897,0.0999999999999999
39,mm1_sojourn,250,plugin_sd_nw_minus_fixed,0.017000000000000015,0.05500000000000005,-1.2347817459684505,1.3592969618479085,-0.009000000000000098,0.0699999999999999
39,mm1_sojourn,250,oracle_minus_fixed,0.010000000000000009,0.04800000000000004,-1.3790108284426355,0.8181464675348202,-0.017999999999999995,-0.03
39,mm1_sojourn,500,plugin_sd_nw_minus_oracle,0.0010000000000000009,0.0010000000000000009,-0.02462375988842691,0.00025881716221398676,0.002999999999999999,0.0
39,mm1_sojourn,500,plugin_sd_nw_minus_fixed,-0.017000000000000015,0.04400000000000004,-1.3907499584983576,1.366728114037839,0.002999999999999999,0.010000000000000106
39,mm1_sojourn,500,oracle_minus_fixed,-0.018000000000000016,0.04300000000000004,-1.3661261986099307,1.366469296875625,0.0,0.010000000000000106
39,mm1_sojourn,1000,plugin_sd_nw_minus_oracle,0.0030000000000000027,0.0050000000000000044,-0.13398109181669593,-0.1898710151352514,-0.005000000000000001,0.0
39,mm1_sojourn,1000,plugin_sd_nw_minus_fixed,0.0050000000000000044,0.051000000000000045,-1.0164628501211617,0.7815519335605039,-0.0229999999999999,-0.0399999999999999
39,mm1_sojourn,1000,oracle_minus_fixed,0.0020000000000000018,0.04600000000000004,-0.8824817583044657,0.9714229486957553,-0.017999999999999898,-0.0399999999999999
39,raised_floor_gauss,100,plugin_sd_nw_minus_oracle,-0.0020000000000000018,0.0020000000000000018,0.06873730277441092,0.5403530471749702,0.055999999999999904,0.13
39,raised_floor_gauss,100,plugin_sd_nw_minus_fixed,-0.0030000000000000027,-0.0040000000000000036,-0.18284255192807342,-0.03158343709122846,0.033,0.06999999999999998
39,raised_floor_gauss,100,oracle_minus_fixed,-0.0010000000000000009,-0.006000000000000005,-0.25157985470248434,-0.5719364842661987,-0.022999999999999902,-0.06000000000000001
39,raised_floor_gauss,250,plugin_sd_nw_minus_oracle,-0.0030000000000000027,-0.0020000000000000018,-0.14751152090214958,0.47061699525936485,0.061000000000000006,0.10000000000000009
39,raised_floor_gauss,250,plugin_sd_nw_minus_fixed,-0.0050000000000000044,-0.0040000000000000036,-0.06652111898007762,0.29749348332632763,0.031,0.04999999999999999
39,raised_floor_gauss,250,oracle_minus_fixed,-0.0020000000000000018,-0.0020000000000000018,0.08099040192207196,-0.1731235119330372,-0.030000000000000006,-0.0500000000000001
39,raised_floor_gauss,500,plugin_sd_nw_minus_oracle,-0.0050000000000000044,-0.0030000000000000027,-0.21901800868723198,0.2718948472715659,0.028999999999999908,0.09000000000000011
39,raised_floor_gauss,500,plugin_sd_nw_minus_fixed,0.0030000000000000027,0.007000000000000006,-0.1925478270419152,-0.006207787873391268,0.0029999999999999055,0.04000000000000001
39,raised_floor_gauss,500,oracle_minus_fixed,0.008000000000000007,0.010000000000000009,0.02647018164531678,-0.27810263514495714,-0.026000000000000002,-0.0500000000000001
39,raised_floor_gauss,1000,plugin_sd_nw_minus_oracle,-0.02100000000000002,-0.020000000000000018,-0.3136420704553058,0.3078336332218852,0.02700000000000001,0.0900000000000001
39,raised_floor_gauss,1000,plugin_sd_nw_minus_fixed,-0.013000000000000012,-0.017000000000000015,-0.25438406144085457,0.16586408989695922,0.01100000000000001,0.0800000000000001
39,raised_floor_gauss,1000,oracle_minus_fixed,0.008000000000000007,0.0030000000000000027,0.05925800901445122,-0.14196954332492595,-0.016,-0.009999999999999995
39,raised_floor_t3,100,plugin_sd_nw_minus_oracle,0.0020000000000000018,0.0040000000000000036,-0.013122233927500115,0.3556344491027379,0.02999999999999991,0.09
39,raised_floor_t3,100,plugin_sd_nw_minus_fixed,-0.0020000000000000018,-0.0030000000000000027,-0.41752906280555546,-0.1032595032183905,0.0119999999999999,0.06000000000000011
39,raised_floor_t3,100,oracle_minus_fixed,-0.0040000000000000036,-0.007000000000000006,-0.40440682887805535,-0.4588939523211284,-0.01800000000000001,-0.029999999999999888
39,raised_floor_t3,250,plugin_sd_nw_minus_oracle,0.0040000000000000036,0.0020000000000000018,0.015779563462727575,0.30708345510806856,0.02599999999999989,0.09999999999999998
39,raised_floor_t3,250,plugin_sd_nw_minus_fixed,-0.0030000000000000027,-0.006000000000000005,-0.03676361452368848,0.05985002228343683,0.010999999999999899,0.04999999999999999
39,raised_floor_t3,250,oracle_minus_fixed,-0.007000000000000006,-0.008000000000000007,-0.052543177986416056,-0.24723343282463173,-0.014999999999999993,-0.04999999999999999
39,raised_floor_t3,500,plugin_sd_nw_minus_oracle,-0.0050000000000000044,-0.010000000000000009,-0.16369314219540043,0.07883148208939827,0.023,0.020000000000000004
39,raised_floor_t3,500,plugin_sd_nw_minus_fixed,-0.006000000000000005,-0.008000000000000007,-0.3200963063982931,-0.19569585532373734,-0.005999999999999998,-0.009999999999999995
39,raised_floor_t3,500,oracle_minus_fixed,-0.0010000000000000009,0.0020000000000000018,-0.15640316420289269,-0.2745273374131356,-0.028999999999999998,-0.03
39,raised_floor_t3,1000,plugin_sd_nw_minus_oracle,0.01100000000000001,0.006000000000000005,0.0032080174511464055,0.09937196616760202,0.0209999999999999,0.03
39,raised_floor_t3,1000,plugin_sd_nw_minus_fixed,0.01100000000000001,0.006000000000000005,-0.26792886490130274,-0.2041361812028648,0.0029999999999998986,0.0
39,raised_floor_t3,1000,oracle_minus_fixed,0.0,0.0,-0.27113688235244915,-0.30350814737046683,-0.018000000000000002,-0.03
40,mm1_sojourn,100,plugin_sd_nw_minus_oracle,0.015000000000000013,0.01200000000000001,0.6851100773433734,0.46398205745950705,0.0089999999999999,0.0399999999999999
40,mm1_sojourn,100,plugin_sd_nw_minus_fixed,-0.0040000000000000036,0.038000000000000034,-0.8298663637080663,1.6380751333518457,0.009999999999999901,0.049999999999999906
40,mm1_sojourn,100,oracle_minus_fixed,-0.019000000000000017,0.026000000000000023,-1.5149764410514397,1.1740930758923387,0.0010000000000000009,0.010000000000000009
40,mm1_sojourn,250,plugin_sd_nw_minus_oracle,0.0050000000000000044,0.006000000000000005,0.4710265409922956,0.2689328932049584,-0.0009999999999999974,-9.71445146547012e-17
40,mm1_sojourn,250,plugin_sd_nw_minus_fixed,-0.0010000000000000009,0.12,-2.8159260814849354,-0.5717542020888757,-0.002999999999999999,-0.009999999999999995
40,mm1_sojourn,250,oracle_minus_fixed,-0.006000000000000005,0.11399999999999999,-3.286952622477231,-0.8406870952938341,-0.0020000000000000018,-0.009999999999999898
40,mm1_sojourn,500,plugin_sd_nw_minus_oracle,0.0050000000000000044,0.006000000000000005,0.14706139936605478,-0.0015461227638944308,-0.0010000000000000009,0.0
40,mm1_sojourn,500,plugin_sd_nw_minus_fixed,0.020000000000000018,0.07000000000000006,-1.0998241146902226,0.5620573084067342,-0.016,-0.020000000000000004
40,mm1_sojourn,500,oracle_minus_fixed,0.015000000000000013,0.06400000000000006,-1.2468855140562773,0.5636034311706286,-0.015,-0.020000000000000004
40,mm1_sojourn,1000,plugin_sd_nw_minus_oracle,0.0040000000000000036,0.0030000000000000027,-0.017393610062979903,-0.06983609273095581,0.0019999999999999983,0.020000000000000004
40,mm1_sojourn,1000,plugin_sd_nw_minus_fixed,0.016000000000000014,0.05900000000000005,-1.1705189629117463,0.8222808765458662,-0.0040000000000000036,-0.009999999999999995
40,mm1_sojourn,1000,oracle_minus_fixed,0.01200000000000001,0.05600000000000005,-1.1531253528487664,0.892116969276822,-0.006000000000000002,-0.03
40,raised_floor_gauss,100,plugin_sd_nw_minus_oracle,0.007000000000000006,0.0040000000000000036,-0.010537562444442816,0.7452025331344925,0.059000000000000004,0.10999999999999999
40,raised_floor_gauss,100,plugin_sd_nw_minus_fixed,0.013000000000000012,0.010000000000000009,-0.058546614131401054,0.19798290130673024,0.0190000000000001,0.009999999999999898
40,raised_floor_gauss,100,oracle_minus_fixed,0.006000000000000005,0.006000000000000005,-0.04800905168695824,-0.5472196318277622,-0.039999999999999904,-0.10000000000000009
40,raised_floor_gauss,250,plugin_sd_nw_minus_oracle,-0.007000000000000006,-0.0030000000000000027,-0.14427937802411384,0.2436321222952067,0.0410000000000001,0.0500000000000001
40,raised_floor_gauss,250,plugin_sd_nw_minus_fixed,-0.0040000000000000036,-0.0050000000000000044,-0.21859368700638981,-0.01614017397348988,0.036,0.0200000000000001
40,raised_floor_gauss,250,oracle_minus_fixed,0.0030000000000000027,-0.0020000000000000018,-0.07431430898227598,-0.2597722962686966,-0.005000000000000102,-0.03
40,raised_floor_gauss,500,plugin_sd_nw_minus_oracle,-0.0030000000000000027,-0.0030000000000000027,-0.223147052287326,0.28937193295834085,0.034999999999999996,0.08000000000000011
40,raised_floor_gauss,500,plugin_sd_nw_minus_fixed,0.0040000000000000036,0.0020000000000000018,-0.12756105816303398,0.09977581431650595,0.007999999999999993,0.07000000000000012
40,raised_floor_gauss,500,oracle_minus_fixed,0.007000000000000006,0.0050000000000000044,0.09558599412429203,-0.1895961186418349,-0.027000000000000003,-0.009999999999999995
40,raised_floor_gauss,1000,plugin_sd_nw_minus_oracle,0.009000000000000008,0.010000000000000009,-0.1382802381540782,0.15175398401304685,0.0129999999999999,0.029999999999999888
40,raised_floor_gauss,1000,plugin_sd_nw_minus_fixed,0.0,-0.0020000000000000018,-0.17241692182567236,-0.008455546974465822,0.0019999999999998977,0.009999999999999995
40,raised_floor_gauss,1000,oracle_minus_fixed,-0.009000000000000008,-0.01200000000000001,-0.03413668367159417,-0.16020953098751267,-0.011000000000000003,-0.019999999999999893
40,raised_floor_t3,100,plugin_sd_nw_minus_oracle,0.0,-0.0050000000000000044,-0.021216397457285874,0.46092902268444735,0.036,0.15000000000000008
40,raised_floor_t3,100,plugin_sd_nw_minus_fixed,-0.01100000000000001,-0.006000000000000005,-0.35146993745197586,0.0631228928250871,0.022999999999999896,0.09999999999999998
40,raised_floor_t3,100,oracle_minus_fixed,-0.01100000000000001,-0.0010000000000000009,-0.33025353999469,-0.39780612985936026,-0.013000000000000102,-0.050000000000000114
40,raised_floor_t3,250,plugin_sd_nw_minus_oracle,0.008000000000000007,0.0050000000000000044,0.02619185870877061,0.31973227467906673,0.0399999999999999,0.06000000000000011
40,raised_floor_t3,250,plugin_sd_nw_minus_fixed,0.0010000000000000009,0.0010000000000000009,-0.13040398911893059,0.01550884478792458,0.016999999999999994,0.06000000000000011
40,raised_floor_t3,250,oracle_minus_fixed,-0.007000000000000006,-0.0040000000000000036,-0.1565958478277012,-0.30422342989114215,-0.022999999999999902,0.0
40,raised_floor_t3,500,plugin_sd_nw_minus_oracle,-0.008000000000000007,0.0010000000000000009,-0.11446930939529465,0.20143075081181427,0.019999999999999907,0.06999999999999999
40,raised_floor_t3,500,plugin_sd_nw_minus_fixed,0.0040000000000000036,0.009000000000000008,-0.13749666318035403,-0.02561488065300388,-0.016,0.01999999999999999
40,raised_floor_t3,500,oracle_minus_fixed,0.01200000000000001,0.008000000000000007,-0.02302735378505938,-0.22704563146481815,-0.03599999999999991,-0.05
40,raised_floor_t3,1000,plugin_sd_nw_minus_oracle,0.006000000000000005,-0.0050000000000000044,-0.10103906981301836,0.05679767940951619,-0.001999999999999995,-0.019999999999999893
40,raised_floor_t3,1000,plugin_sd_nw_minus_fixed,-0.0030000000000000027,-0.0040000000000000036,-0.1500277097223608,-0.03192973676800248,-0.010999999999999996,-0.009999999999999898
40,raised_floor_t3,1000,oracle_minus_fixed,-0.009000000000000008,0.0010000000000000009,-0.048988639909342435,-0.08872741617751867,-0.009000000000000001,0.009999999999999995
41,mm1_sojourn,100,plugin_sd_nw_minus_oracle,-0.0050000000000000044,-0.007000000000000006,0.5171908475757192,0.3736678267796787,0.026999999999999996,0.0500000000000001
41,mm1_sojourn,100,plugin_sd_nw_minus_fixed,-0.008000000000000007,0.03200000000000003,-2.2044967349155,-0.45957888961027216,-0.005999999999999901,-0.020000000000000018
41,mm1_sojourn,100,oracle_minus_fixed,-0.0030000000000000027,0.039000000000000035,-2.721687582491219,-0.8332467163899508,-0.0329999999999999,-0.07000000000000012
41,mm1_sojourn,250,plugin_sd_nw_minus_oracle,-0.0020000000000000018,-0.0030000000000000027,-0.5045118951742387,0.4393655679212145,0.007999999999999997,0.020000000000000004
41,mm1_sojourn,250,plugin_sd_nw_minus_fixed,-0.0020000000000000018,0.03400000000000003,-0.39260377853862405,2.6634621865903814,-0.006000000000000005,-0.019999999999999893
41,mm1_sojourn,250,oracle_minus_fixed,0.0,0.03700000000000003,0.11190811663561462,2.224096618669167,-0.014000000000000002,-0.0399999999999999
41,mm1_sojourn,500,plugin_sd_nw_minus_oracle,-0.0020000000000000018,0.0,-0.21610541930005578,0.1133771945915143,-0.0019999999999999983,0.010000000000000009
41,mm1_sojourn,500,plugin_sd_nw_minus_fixed,-0.017000000000000015,0.031000000000000028,-1.602766131612304,1.1286071184276203,-0.008999999999999897,0.010000000000000009
41,mm1_sojourn,500,oracle_minus_fixed,-0.015000000000000013,0.031000000000000028,-1.3866607123122483,1.015229923836106,-0.006999999999999899,0.0
41,mm1_sojourn,1000,plugin_sd_nw_minus_oracle,-0.0040000000000000036,-0.0040000000000000036,-0.47228473875354915,-0.05085368683291591,0.0,0.0
41,mm1_sojourn,1000,plugin_sd_nw_minus_fixed,0.0030000000000000027,0.05400000000000005,-0.9179201819034484,1.9404202282217256,-0.0010000000000000009,-0.03
41,mm1_sojourn,1000,oracle_minus_fixed,0.007000000000000006,0.05800000000000005,-0.4456354431498992,1.9912739150546415,-0.0010000000000000009,-0.03
41,raised_floor_gauss,100,plugin_sd_nw_minus_oracle,0.008000000000000007,0.0050000000000000044,0.10965386875129557,0.5846350282457751,0.055999999999999994,0.09000000000000011
41,raised_floor_gauss,100,plugin_sd_nw_minus_fixed,0.0,-0.01200000000000001,-2.5053549571940716,-2.430139440540724,0.013999999999999999,0.0
41,raised_floor_gauss,100,oracle_minus_fixed,-0.008000000000000007,-0.017000000000000015,-2.615008825945367,-3.014774468786499,-0.041999999999999996,-0.09000000000000011
41,raised_floor_gauss,250,plugin_sd_nw_minus_oracle,-0.006000000000000005,-0.007000000000000006,-0.035439687159852795,0.45951890336397394,0.053999999999999895,0.12
41,raised_floor_gauss,250,plugin_sd_nw_minus_fixed,-0.009000000000000008,-0.008000000000000007,-0.07465142023028459,0.1452851657821448,0.015,0.0999999999999999
41,raised_floor_gauss,250,oracle_minus_fixed,-0.0030000000000000027,-0.0010000000000000009,-0.0392117330704318,-0.31423373758182915,-0.038999999999999896,-0.0200000000000001
41,raised_floor_gauss,500,plugin_sd_nw_minus_oracle,-0.01100000000000001,-0.01200000000000001,-0.16624791516192428,0.3422697443826985,0.048999999999999905,0.060000000000000095
41,raised_floor_gauss,500,plugin_sd_nw_minus_fixed,-0.0020000000000000018,-0.0040000000000000036,-0.14825308664326275,0.10494044907622557,0.023999999999999903,0.0500000000000001
41,raised_floor_gauss,500,oracle_minus_fixed,0.009000000000000008,0.008000000000000007,0.01799482851866152,-0.23732929530647295,-0.025,-0.009999999999999995
41,raised_floor_gauss,1000,plugin_sd_nw_minus_oracle,-0.025000000000000022,-0.020000000000000018,-0.2286178189963577,0.2242220051428787,0.037000000000000095,0.050000000000000114
41,raised_floor_gauss,1000,plugin_sd_nw_minus_fixed,-0.0050000000000000044,-0.006000000000000005,-0.21040792057644842,-0.0022881493714197454,0.01700000000000009,0.04000000000000012
41,raised_floor_gauss,1000,oracle_minus_fixed,0.020000000000000018,0.014000000000000012,0.018209898419909276,-0.22651015451429846,-0.020000000000000004,-0.009999999999999995
41,raised_floor_t3,100,plugin_sd_nw_minus_oracle,0.0040000000000000036,-0.0020000000000000018,-0.04101973506371914,0.2709740819601829,0.047999999999999904,0.01999999999999999
41,raised_floor_t3,100,plugin_sd_nw_minus_fixed,0.0020000000000000018,-0.0020000000000000018,-0.2726441960237447,-0.1685473689282202,0.023999999999999896,-0.04000000000000001
41,raised_floor_t3,100,oracle_minus_fixed,-0.0020000000000000018,0.0,-0.23162446096002554,-0.4395214508884031,-0.024000000000000007,-0.06
41,raised_floor_t3,250,plugin_sd_nw_minus_oracle,0.006000000000000005,0.009000000000000008,0.010374473461279177,0.22987332836485308,0.032,0.03
41,raised_floor_t3,250,plugin_sd_nw_minus_fixed,0.01100000000000001,0.015000000000000013,-0.19149906178320908,-0.2078233975559347,-0.0030000000000000027,0.010000000000000009
41,raised_floor_t3,250,oracle_minus_fixed,0.0050000000000000044,0.006000000000000005,-0.20187353524448826,-0.4376967259207878,-0.035,-0.01999999999999999
41,raised_floor_t3,500,plugin_sd_nw_minus_oracle,-0.009000000000000008,-0.006000000000000005,-0.1689846696930135,0.19769842712651808,0.020999999999999998,0.07000000000000009
41,raised_floor_t3,500,plugin_sd_nw_minus_fixed,-0.008000000000000007,-0.010000000000000009,-0.24974940153158642,0.030332725218802814,0.0,0.04000000000000009
41,raised_floor_t3,500,oracle_minus_fixed,0.0010000000000000009,-0.0040000000000000036,-0.08076473183857291,-0.16736570190771527,-0.020999999999999998,-0.03
41,raised_floor_t3,1000,plugin_sd_nw_minus_oracle,-0.008000000000000007,-0.0020000000000000018,-0.11070473610942932,0.22666944612637874,0.022,0.11
41,raised_floor_t3,1000,plugin_sd_nw_minus_fixed,-0.009000000000000008,-0.007000000000000006,-0.18550665419286583,0.056850147575731036,-0.0050000000000000044,0.06
41,raised_floor_t3,1000,oracle_minus_fixed,-0.0010000000000000009,-0.0050000000000000044,-0.0748019180834365,-0.1698192985506477,-0.027000000000000003,-0.05
42,mm1_sojourn,100,plugin_sd_nw_minus_oracle,-0.013000000000000012,-0.0040000000000000036,-0.7513971564782098,0.21112377614487876,0.009000000000000001,0.04000000000000001
42,mm1_sojourn,100,plugin_sd_nw_minus_fixed,-0.018000000000000016,0.020000000000000018,-3.816805412529587,-0.7352095455953798,0.0200000000000001,0.03
42,mm1_sojourn,100,oracle_minus_fixed,-0.0050000000000000044,0.02400000000000002,-3.065408256051377,-0.9463333217402585,0.0110000000000001,-0.010000000000000009
42,mm1_sojourn,250,plugin_sd_nw_minus_oracle,-0.009000000000000008,-0.007000000000000006,-0.5984683071085506,0.11300309488496119,0.0010000000000000009,0.010000000000000002
42,mm1_sojourn,250,plugin_sd_nw_minus_fixed,-0.007000000000000006,0.030000000000000027,-1.1310179585022313,1.668238332971539,-0.0010000000000000009,-0.009999999999999995
42,mm1_sojourn,250,oracle_minus_fixed,0.0020000000000000018,0.03700000000000003,-0.5325496513936807,1.5552352380865777,-0.0020000000000000018,-0.019999999999999997
42,mm1_sojourn,500,plugin_sd_nw_minus_oracle,-0.006000000000000005,-0.008000000000000007,-0.2402382243408958,0.26254798242030475,0.004,0.029999999999999902
42,mm1_sojourn,500,plugin_sd_nw_minus_fixed,-0.010000000000000009,0.03600000000000003,-0.8692317404345591,1.8983711007969415,-0.013999999999999999,0.019999999999999893
42,mm1_sojourn,500,oracle_minus_fixed,-0.0040000000000000036,0.04400000000000004,-0.6289935160936633,1.6358231183766367,-0.018,-0.010000000000000009
42,mm1_sojourn,1000,plugin_sd_nw_minus_oracle,-0.0010000000000000009,0.0,-0.30459607940843547,0.046333408834239975,-0.0010000000000000009,0.0
42,mm1_sojourn,1000,plugin_sd_nw_minus_fixed,-0.0040000000000000036,0.06000000000000005,-1.2664972626489384,1.5590247352583209,0.013999999999999999,0.04000000000000001
42,mm1_sojourn,1000,oracle_minus_fixed,-0.0030000000000000027,0.06000000000000005,-0.9619011832405029,1.5126913264240809,0.015,0.04000000000000001
42,raised_floor_gauss,100,plugin_sd_nw_minus_oracle,0.010000000000000009,0.01100000000000001,0.167834775026785,0.5389365844247838,0.052,0.09000000000000011
42,raised_floor_gauss,100,plugin_sd_nw_minus_fixed,0.02400000000000002,0.02400000000000002,-0.09827302349191225,-0.13433934774857903,0.012000000000000094,-0.05999999999999989
42,raised_floor_gauss,100,oracle_minus_fixed,0.014000000000000012,0.013000000000000012,-0.26610779851869726,-0.6732759321733628,-0.039999999999999904,-0.15
42,raised_floor_gauss,250,plugin_sd_nw_minus_oracle,0.02200000000000002,0.02100000000000002,-0.025142687470734337,0.45272091325122865,0.0539999999999999,0.1500000000000001
42,raised_floor_gauss,250,plugin_sd_nw_minus_fixed,0.018000000000000016,0.02100000000000002,-0.08610184482902383,0.07864017416937319,0.023999999999999896,0.06
42,raised_floor_gauss,250,oracle_minus_fixed,-0.0040000000000000036,0.0,-0.060959157358289495,-0.37408073908185546,-0.030000000000000006,-0.09000000000000011
42,raised_floor_gauss,500,plugin_sd_nw_minus_oracle,0.013000000000000012,0.01200000000000001,-0.0854771034220958,0.27867183289933584,0.03099999999999991,0.060000000000000095
42,raised_floor_gauss,500,plugin_sd_nw_minus_fixed,0.0010000000000000009,0.0020000000000000018,-0.20027893595828816,0.18542599079717004,0.018999999999999906,0.0200000000000001
42,raised_floor_gauss,500,oracle_minus_fixed,-0.01200000000000001,-0.010000000000000009,-0.11480183253619236,-0.0932458421021658,-0.012000000000000004,-0.039999999999999994
42,raised_floor_gauss,1000,plugin_sd_nw_minus_oracle,0.025000000000000022,0.02400000000000002,-0.041705558314261815,0.024615877488403104,-0.0010000000000000009,-0.03000000000000011
42,raised_floor_gauss,1000,plugin_sd_nw_minus_fixed,0.014000000000000012,0.015000000000000013,-0.07729399820620264,-0.05551799941348623,-0.0040000000000000036,-0.0500000000000001
42,raised_floor_gauss,1000,oracle_minus_fixed,-0.01100000000000001,-0.009000000000000008,-0.035588439891940826,-0.08013387690188933,-0.0030000000000000027,-0.01999999999999999
42,raised_floor_t3,100,plugin_sd_nw_minus_oracle,-0.0020000000000000018,-0.0030000000000000027,0.25873838448734277,0.6988257119594534,0.044000000000000004,0.15999999999999998
42,raised_floor_t3,100,plugin_sd_nw_minus_fixed,0.0020000000000000018,-0.0040000000000000036,-1.0959509285661984,-0.7958340295181738,0.020000000000000004,0.09999999999999998
42,raised_floor_t3,100,oracle_minus_fixed,0.0040000000000000036,-0.0010000000000000009,-1.3546893130535411,-1.4946597414776273,-0.024,-0.06
42,raised_floor_t3,250,plugin_sd_nw_minus_oracle,-0.007000000000000006,-0.007000000000000006,-0.060524052613105894,0.34105825265193035,0.032999999999999995,0.1200000000000001
42,raised_floor_t3,250,plugin_sd_nw_minus_fixed,0.0010000000000000009,0.0030000000000000027,-0.40344676621713127,-0.21985714443012228,0.0070000000000000895,0.08000000000000002
42,raised_floor_t3,250,oracle_minus_fixed,0.008000000000000007,0.010000000000000009,-0.3429227136040254,-0.5609153970820526,-0.025999999999999905,-0.04000000000000009
42,raised_floor_t3,500,plugin_sd_nw_minus_oracle,0.0030000000000000027,0.0020000000000000018,0.009862064078530297,0.185518936824546,0.022999999999999993,0.060000000000000095
42,raised_floor_t3,500,plugin_sd_nw_minus_fixed,0.0040000000000000036,0.0030000000000000027,-0.38645011276052066,-0.35661248169759396,0.002000000000000099,-0.020000000000000018
42,raised_floor_t3,500,oracle_minus_fixed,0.0010000000000000009,0.0010000000000000009,-0.39631217683905096,-0.54213141852214,-0.020999999999999894,-0.08000000000000011
42,raised_floor_t3,1000,plugin_sd_nw_minus_oracle,-0.008000000000000007,-0.0040000000000000036,-0.09095302372702863,0.1859855289994301,0.02600000000000001,0.0700000000000001
42,raised_floor_t3,1000,plugin_sd_nw_minus_fixed,-0.0030000000000000027,-0.0040000000000000036,-0.1943061109298414,-0.06633146786973887,0.006999999999999909,0.01999999999999999
42,raised_floor_t3,1000,oracle_minus_fixed,0.0050000000000000044,0.0,-0.10335308720281278,-0.252316996869169,-0.0190000000000001,-0.050000000000000114
43,mm1_sojourn,100,plugin_sd_nw_minus_oracle,-0.0050000000000000044,-0.0040000000000000036,-0.04522383978930833,0.028689151427876425,0.014999999999999902,0.0
43,mm1_sojourn,100,plugin_sd_nw_minus_fixed,0.0020000000000000018,0.019000000000000017,-0.2221997994981404,0.47564674658995365,-0.002000000000000099,-0.03000000000000011
43,mm1_sojourn,100,oracle_minus_fixed,0.007000000000000006,0.02300000000000002,-0.17697595970883206,0.4469575951620772,-0.017,-0.03000000000000011
43,mm1_sojourn,250,plugin_sd_nw_minus_oracle,-0.006000000000000005,-0.0040000000000000036,-0.2532578230791769,-0.07525463073735317,0.004,0.010000000000000002
43,mm1_sojourn,250,plugin_sd_nw_minus_fixed,-0.0020000000000000018,0.030000000000000027,-1.5550162932780234,0.7279363825189584,0.0,0.0
43,mm1_sojourn,250,oracle_minus_fixed,0.0040000000000000036,0.03400000000000003,-1.3017584701988465,0.8031910132563116,-0.004,-0.010000000000000002
43,mm1_sojourn,500,plugin_sd_nw_minus_oracle,-0.0030000000000000027,-0.0050000000000000044,-0.24083581180734814,-0.06233933208907416,0.0030000000000000027,0.0
43,mm1_sojourn,500,plugin_sd_nw_minus_fixed,0.016000000000000014,0.07600000000000007,-0.29664920452671417,1.2409477192604328,-0.008,-0.010000000000000106
43,mm1_sojourn,500,oracle_minus_fixed,0.019000000000000017,0.08100000000000007,-0.05581339271936603,1.303287051349507,-0.011000000000000003,-0.010000000000000106
43,mm1_sojourn,1000,plugin_sd_nw_minus_oracle,0.0010000000000000009,-0.0010000000000000009,0.07853621047641646,0.15581802992815064,0.005000000000000102,0.0
43,mm1_sojourn,1000,plugin_sd_nw_minus_fixed,0.030000000000000027,0.061000000000000054,-0.6441896528034903,1.2373540009049666,-0.008,-0.029999999999999902
43,mm1_sojourn,1000,oracle_minus_fixed,0.029000000000000026,0.062000000000000055,-0.7227258632799067,1.081535970976816,-0.013000000000000102,-0.029999999999999902
43,raised_floor_gauss,100,plugin_sd_nw_minus_oracle,-0.014000000000000012,-0.01200000000000001,-0.015404294914760364,0.5075581990535092,0.046000000000000096,0.1400000000000001
43,raised_floor_gauss,100,plugin_sd_nw_minus_fixed,-0.016000000000000014,-0.016000000000000014,-0.1286052930049877,0.2826360764032203,0.028000000000000094,0.1100000000000001
43,raised_floor_gauss,100,oracle_minus_fixed,-0.0020000000000000018,-0.0040000000000000036,-0.11320099809022732,-0.22492212265028888,-0.018000000000000002,-0.03
43,raised_floor_gauss,250,plugin_sd_nw_minus_oracle,-0.0050000000000000044,-0.0030000000000000027,-0.1413775320645665,0.42106706392654836,0.041,0.13
43,raised_floor_gauss,250,plugin_sd_nw_minus_fixed,-0.0050000000000000044,-0.006000000000000005,-0.16727995559563613,0.30682949598492915,0.018999999999999906,0.0699999999999999
43,raised_floor_gauss,250,oracle_minus_fixed,0.0,-0.0030000000000000027,-0.02590242353106964,-0.11423756794161921,-0.022000000000000096,-0.060000000000000095
43,raised_floor_gauss,500,plugin_sd_nw_minus_oracle,0.019000000000000017,0.019000000000000017,-0.10410004179419818,0.1379195417597967,0.0369999999999999,0.05
43,raised_floor_gauss,500,plugin_sd_nw_minus_fixed,0.007000000000000006,0.006000000000000005,-0.21622557003642706,0.017321259687551382,0.013000000000000005,0.010000000000000009
43,raised_floor_gauss,500,oracle_minus_fixed,-0.01200000000000001,-0.013000000000000012,-0.11212552824222888,-0.12059828207224532,-0.023999999999999896,-0.039999999999999994
43,raised_floor_gauss,1000,plugin_sd_nw_minus_oracle,-0.01100000000000001,-0.006000000000000005,-0.18300138160126433,0.2143414593379105,0.028999999999999894,0.010000000000000009
43,raised_floor_gauss,1000,plugin_sd_nw_minus_fixed,-0.008000000000000007,-0.0050000000000000044,-0.13130862054189674,0.06636015533467932,0.013999999999999894,-0.010000000000000009
43,raised_floor_gauss,1000,oracle_minus_fixed,0.0030000000000000027,0.0010000000000000009,0.0516927610593676,-0.14798130400323117,-0.015,-0.020000000000000018
43,raised_floor_t3,100,plugin_sd_nw_minus_oracle,-0.019000000000000017,-0.017000000000000015,-0.1934551930375501,0.25317244671261063,0.023,0.12000000000000009
43,raised_floor_t3,100,plugin_sd_nw_minus_fixed,-0.009000000000000008,-0.016000000000000014,-1.408263676438073,-0.9717585008156542,0.0050000000000000044,0.07999999999999999
43,raised_floor_t3,100,oracle_minus_fixed,0.010000000000000009,0.0010000000000000009,-1.2148084834005228,-1.2249309475282648,-0.017999999999999995,-0.040000000000000105
43,raised_floor_t3,250,plugin_sd_nw_minus_oracle,0.018000000000000016,0.01200000000000001,-0.010455376989213061,0.2162895896908683,0.0199999999999999,0.07999999999999999
43,raised_floor_t3,250,plugin_sd_nw_minus_fixed,0.01100000000000001,0.0010000000000000009,-0.30117099354161336,-0.19692583728053314,0.010999999999999899,0.04000000000000009
43,raised_floor_t3,250,oracle_minus_fixed,-0.007000000000000006,-0.01100000000000001,-0.2907156165524003,-0.41321542697140146,-0.009000000000000001,-0.0399999999999999
43,raised_floor_t3,500,plugin_sd_nw_minus_oracle,0.009000000000000008,0.007000000000000006,-0.061539222793198345,0.25818129466162,0.031000000000000007,0.04000000000000012
43,raised_floor_t3,500,plugin_sd_nw_minus_fixed,-0.008000000000000007,-0.0050000000000000044,-0.18359792621515503,0.009388910744999812,0.014000000000000005,0.04000000000000012
43,raised_floor_t3,500,oracle_minus_fixed,-0.017000000000000015,-0.01200000000000001,-0.12205870342195668,-0.24879238391662017,-0.017,0.0
43,raised_floor_t3,1000,plugin_sd_nw_minus_oracle,0.01100000000000001,0.01200000000000001,-0.035962279849290235,0.053564974184120207,0.006999999999999999,-0.039999999999999994
43,raised_floor_t3,1000,plugin_sd_nw_minus_fixed,0.0050000000000000044,0.0050000000000000044,-0.26881958930372796,-0.22962964087478577,-0.014999999999999902,-0.09999999999999999
43,raised_floor_t3,1000,oracle_minus_fixed,-0.006000000000000005,-0.007000000000000006,-0.23285730945443772,-0.283194615058906,-0.0219999999999999,-0.06
44,mm1_sojourn,100,plugin_sd_nw_minus_oracle,-0.009000000000000008,-0.007000000000000006,-0.08981456000293964,0.32115377338894646,0.010999999999999996,0.0499999999999999
44,mm1_sojourn,100,plugin_sd_nw_minus_fixed,-0.02300000000000002,0.010000000000000009,-2.6927421857485365,1.3180901165438001,-0.0049999999999999,0.0
44,mm1_sojourn,100,oracle_minus_fixed,-0.014000000000000012,0.017000000000000015,-2.602927625745597,0.9969363431548537,-0.015999999999999896,-0.0499999999999999
44,mm1_sojourn,250,plugin_sd_nw_minus_oracle,0.0010000000000000009,-0.0010000000000000009,-0.36131457105967524,0.03779458038107286,-0.0030000000000000027,0.010000000000000002
44,mm1_sojourn,250,plugin_sd_nw_minus_fixed,0.02400000000000002,0.09600000000000009,-0.7894843754112744,0.7588466049244555,-0.0020000000000001024,0.009999999999999898
44,mm1_sojourn,250,oracle_minus_fixed,0.02300000000000002,0.09700000000000009,-0.4281698043515991,0.7210520245433827,0.0009999999999999003,-1.0408340855860843e-16
44,mm1_sojourn,500,plugin_sd_nw_minus_oracle,-0.0040000000000000036,-0.0020000000000000018,-0.16011722931879646,0.47461028516038617,0.008,0.04999999999999999
44,mm1_sojourn,500,plugin_sd_nw_minus_fixed,-0.0050000000000000044,0.04800000000000004,-0.8090712598257941,2.2973297584112053,0.009000000000000001,0.06999999999999999
44,mm1_sojourn,500,oracle_minus_fixed,-0.0010000000000000009,0.050000000000000044,-0.6489540305069976,1.8227194732508192,0.0010000000000000009,0.020000000000000004
44,mm1_sojourn,1000,plugin_sd_nw_minus_oracle,0.006000000000000005,0.0030000000000000027,-0.18503902803551942,0.16170925121641666,0.0019999999999999983,0.0
44,mm1_sojourn,1000,plugin_sd_nw_minus_fixed,0.013000000000000012,0.06900000000000006,-0.46709504646465927,1.8740095639050942,-0.007000000000000003,0.009999999999999995
44,mm1_sojourn,1000,oracle_minus_fixed,0.007000000000000006,0.06600000000000006,-0.28205601842913985,1.7123003126886776,-0.009000000000000001,0.009999999999999995
44,raised_floor_gauss,100,plugin_sd_nw_minus_oracle,-0.01100000000000001,-0.008000000000000007,-0.032490839960700235,0.5270242840133883,0.043000000000000003,0.11000000000000011
44,raised_floor_gauss,100,plugin_sd_nw_minus_fixed,0.0,0.0020000000000000018,-0.06214003732676643,0.17295587854356143,0.013999999999999999,-0.01999999999999999
44,raised_floor_gauss,100,oracle_minus_fixed,0.01100000000000001,0.010000000000000009,-0.029649197366066193,-0.3540684054698269,-0.029000000000000005,-0.13000000000000012
44,raised_floor_gauss,250,plugin_sd_nw_minus_oracle,0.007000000000000006,0.007000000000000006,-0.04204168872494751,0.36904994070741814,0.051,0.06000000000000011
44,raised_floor_gauss,250,plugin_sd_nw_minus_fixed,0.0020000000000000018,0.0,-0.09751605218843462,0.2426405740014439,0.0319999999999999,0.03000000000000011
44,raised_floor_gauss,250,oracle_minus_fixed,-0.0050000000000000044,-0.007000000000000006,-0.05547436346348711,-0.12640936670597425,-0.0190000000000001,-0.03
44,raised_floor_gauss,500,plugin_sd_nw_minus_oracle,0.0040000000000000036,0.0050000000000000044,-0.06084528392680655,0.3045894770510298,0.04800000000000001,0.09
44,raised_floor_gauss,500,plugin_sd_nw_minus_fixed,0.0030000000000000027,0.0030000000000000027,-0.07825222786282415,0.08133988313051255,0.020999999999999908,0.01999999999999999
44,raised_floor_gauss,500,oracle_minus_fixed,-0.0010000000000000009,-0.0020000000000000018,-0.017406943936017605,-0.22324959392051724,-0.0270000000000001,-0.07
44,raised_floor_gauss,1000,plugin_sd_nw_minus_oracle,-0.015000000000000013,-0.01200000000000001,-0.2327428802568292,0.23733032170194202,0.034999999999999996,0.060000000000000095
44,raised_floor_gauss,1000,plugin_sd_nw_minus_fixed,-0.009000000000000008,-0.007000000000000006,-0.11444175374314058,0.03560248462285731,0.016999999999999897,0.04000000000000009
44,raised_floor_gauss,1000,oracle_minus_fixed,0.006000000000000005,0.0050000000000000044,0.11830112651368863,-0.2017278370790847,-0.0180000000000001,-0.020000000000000004
44,raised_floor_t3,100,plugin_sd_nw_minus_oracle,-0.0020000000000000018,-0.0020000000000000018,0.04878726882877871,0.5697545351587676,0.06399999999999989,0.16999999999999998
44,raised_floor_t3,100,plugin_sd_nw_minus_fixed,0.007000000000000006,0.008000000000000007,-0.08430303585728138,0.09672023224766768,0.024999999999999994,-0.010000000000000009
44,raised_floor_t3,100,oracle_minus_fixed,0.009000000000000008,0.010000000000000009,-0.1330903046860601,-0.47303430291109994,-0.0389999999999999,-0.18
44,raised_floor_t3,250,plugin_sd_nw_minus_oracle,0.0040000000000000036,0.0050000000000000044,-0.09396758133395533,0.16389931090477106,0.011999999999999997,0.08000000000000011
44,raised_floor_t3,250,plugin_sd_nw_minus_fixed,0.014000000000000012,0.020000000000000018,-0.3614280172687321,-0.24506352376545149,-0.008000000000000007,0.010000000000000009
44,raised_floor_t3,250,oracle_minus_fixed,0.010000000000000009,0.015000000000000013,-0.26746043593477675,-0.40896283467022254,-0.020000000000000004,-0.0700000000000001
44,raised_floor_t3,500,plugin_sd_nw_minus_oracle,-0.0030000000000000027,-0.0030000000000000027,-0.08041450566256292,0.11379340365010471,0.020999999999999998,0.010000000000000009
44,raised_floor_t3,500,plugin_sd_nw_minus_fixed,-0.0050000000000000044,-0.006000000000000005,-0.2378254507514721,-0.18699885807494399,0.0049999999999999975,0.020000000000000004
44,raised_floor_t3,500,oracle_minus_fixed,-0.0020000000000000018,-0.0030000000000000027,-0.15741094508890918,-0.3007922617250487,-0.016,0.009999999999999995
44,raised_floor_t3,1000,plugin_sd_nw_minus_oracle,-0.01200000000000001,-0.014000000000000012,-0.1446123306913747,0.14725689324945268,0.026000000000000002,0.07000000000000012
44,raised_floor_t3,1000,plugin_sd_nw_minus_fixed,-0.010000000000000009,-0.015000000000000013,-0.24601645106466385,0.03222738941334358,0.010000000000000002,0.07000000000000012
44,raised_floor_t3,1000,oracle_minus_fixed,0.0020000000000000018,-0.0010000000000000009,-0.10140412037328916,-0.1150295038361091,-0.016,0.0
45,mm1_sojourn,100,plugin_sd_nw_minus_oracle,-0.007000000000000006,-0.0040000000000000036,-0.5694790603892139,0.40314893329825985,0.013000000000000098,0.03
45,mm1_sojourn,100,plugin_sd_nw_minus_fixed,0.009000000000000008,0.03500000000000003,0.002923012360843913,1.9508837111098014,0.012999999999999998,0.009999999999999995
45,mm1_sojourn,100,oracle_minus_fixed,0.016000000000000014,0.039000000000000035,0.5724020727500578,1.5477347778115416,-1.0061396160665481e-16,-0.020000000000000004
45,mm1_sojourn,250,plugin_sd_nw_minus_oracle,0.0040000000000000036,0.0030000000000000027,0.13466721679725158,-0.11197288858931564,-0.0020000000000000018,0.0
45,mm1_sojourn,250,plugin_sd_nw_minus_fixed,0.0,0.06700000000000006,-2.079331109518993,0.25801378882000137,-0.010000000000000002,-0.020000000000000004
45,mm1_sojourn,250,oracle_minus_fixed,-0.0040000000000000036,0.06400000000000006,-2.2139983263162444,0.369986677409317,-0.008,-0.020000000000000004
45,mm1_sojourn,500,plugin_sd_nw_minus_oracle,-0.007000000000000006,-0.0050000000000000044,-0.31002293064218556,-0.10999665405963199,0.002999999999999999,-0.010000000000000002
45,mm1_sojourn,500,plugin_sd_nw_minus_fixed,0.0050000000000000044,0.051000000000000045,-1.2748823257580302,0.5574062524409502,0.0029999999999998986,-0.010000000000000099
45,mm1_sojourn,500,oracle_minus_fixed,0.01200000000000001,0.05600000000000005,-0.9648593951158446,0.6674029065005822,-1.0061396160665481e-16,-9.71445146547012e-17
45,mm1_sojourn,1000,plugin_sd_nw_minus_oracle,0.0030000000000000027,0.0030000000000000027,0.04475327998096379,-0.045371551666384846,-0.0030000000000000027,0.0
45,mm1_sojourn,1000,plugin_sd_nw_minus_fixed,0.020000000000000018,0.07100000000000006,-0.19062992876996798,1.7675486219100573,-0.022,-0.020000000000000004
45,mm1_sojourn,1000,oracle_minus_fixed,0.017000000000000015,0.06800000000000006,-0.23538320875093177,1.8129201735764422,-0.018999999999999996,-0.020000000000000004
45,raised_floor_gauss,100,plugin_sd_nw_minus_oracle,0.0020000000000000018,0.0030000000000000027,-0.12078606625221378,0.3923737384260484,0.036,0.07999999999999999
45,raised_floor_gauss,100,plugin_sd_nw_minus_fixed,-0.0050000000000000044,-0.007000000000000006,-0.2894715157201566,-0.06882326630216351,0.016999999999999994,0.01999999999999999
45,raised_floor_gauss,100,oracle_minus_fixed,-0.007000000000000006,-0.010000000000000009,-0.16868544946794284,-0.4611970047282119,-0.019000000000000003,-0.06
45,raised_floor_gauss,250,plugin_sd_nw_minus_oracle,0.013000000000000012,0.008000000000000007,0.05891464366450094,0.38183720534855237,0.05099999999999989,0.0700000000000001
45,raised_floor_gauss,250,plugin_sd_nw_minus_fixed,0.008000000000000007,0.0050000000000000044,0.060016070972469304,0.2220975438511359,0.025999999999999898,0.06000000000000011
45,raised_floor_gauss,250,oracle_minus_fixed,-0.0050000000000000044,-0.0030000000000000027,0.0011014273079683612,-0.15973966149741647,-0.024999999999999994,-0.009999999999999995
45,raised_floor_gauss,500,plugin_sd_nw_minus_oracle,0.010000000000000009,0.01100000000000001,-0.07867805830682162,0.08312695008745452,0.020000000000000004,0.01999999999999999
45,raised_floor_gauss,500,plugin_sd_nw_minus_fixed,0.006000000000000005,0.0040000000000000036,-0.10939773002781372,-0.06228762821484235,0.0020000000000000018,0.0
45,raised_floor_gauss,500,oracle_minus_fixed,-0.0040000000000000036,-0.007000000000000006,-0.030719671720992103,-0.14541457830229687,-0.018000000000000002,-0.01999999999999999
45,raised_floor_gauss,1000,plugin_sd_nw_minus_oracle,0.0,0.0,-0.16734936897457597,0.17895982769885377,0.024000000000000007,0.06999999999999999
45,raised_floor_gauss,1000,plugin_sd_nw_minus_fixed,0.0,0.0010000000000000009,-0.1373066551970914,0.09893919545624019,0.006000000000000005,0.0500000000000001
45,raised_floor_gauss,1000,oracle_minus_fixed,0.0,0.0010000000000000009,0.030042713777484575,-0.08002063224261358,-0.018000000000000002,-0.019999999999999893
45,raised_floor_t3,100,plugin_sd_nw_minus_oracle,0.0040000000000000036,0.010000000000000009,0.12895114575117916,0.4163039010181002,0.057999999999999906,0.14
45,raised_floor_t3,100,plugin_sd_nw_minus_fixed,0.0,0.0020000000000000018,-0.46685349730741654,-0.23395229625969138,0.010000000000000009,0.08999999999999989
45,raised_floor_t3,100,oracle_minus_fixed,-0.0040000000000000036,-0.008000000000000007,-0.5958046430585957,-0.6502561972777916,-0.0479999999999999,-0.050000000000000114
45,raised_floor_t3,250,plugin_sd_nw_minus_oracle,-0.0020000000000000018,0.0030000000000000027,0.008692361284976968,0.25737507946019944,0.019999999999999997,0.0900000000000001
45,raised_floor_t3,250,plugin_sd_nw_minus_fixed,-0.010000000000000009,-0.006000000000000005,-0.5269957077087759,-0.46163544010161184,-0.0019999999999999046,-0.020000000000000018
45,raised_floor_t3,250,oracle_minus_fixed,-0.008000000000000007,-0.009000000000000008,-0.5356880689937529,-0.7190105195618113,-0.0219999999999999,-0.11000000000000011
45,raised_floor_t3,500,plugin_sd_nw_minus_oracle,0.0020000000000000018,0.0020000000000000018,-0.08203727490845436,0.17745581961221868,0.017999999999999905,0.039999999999999994
45,raised_floor_t3,500,plugin_sd_nw_minus_fixed,0.01100000000000001,0.013000000000000012,-0.13764031679085087,-0.07907856880340303,-0.012999999999999998,0.010000000000000092
45,raised_floor_t3,500,oracle_minus_fixed,0.009000000000000008,0.01100000000000001,-0.05560304188239651,-0.2565343884156217,-0.030999999999999903,-0.029999999999999902
45,raised_floor_t3,1000,plugin_sd_nw_minus_oracle,0.0050000000000000044,0.006000000000000005,0.019027230575457965,0.04709530370129844,0.008999999999999998,0.0
45,raised_floor_t3,1000,plugin_sd_nw_minus_fixed,-0.0030000000000000027,-0.0040000000000000036,-0.21465671775419404,-0.20747198048240767,-0.009000000000000001,0.0
45,raised_floor_t3,1000,oracle_minus_fixed,-0.008000000000000007,-0.010000000000000009,-0.233683948329652,-0.2545672841837061,-0.018,0.0
46,mm1_sojourn,100,plugin_sd_nw_minus_oracle,0.007000000000000006,0.007000000000000006,-0.41379987556358877,0.08045333988841641,0.005000000000000001,0.010000000000000002
46,mm1_sojourn,100,plugin_sd_nw_minus_fixed,0.017000000000000015,0.03600000000000003,0.4230805007514453,2.194676983747339,-0.018999999999999996,-0.05
46,mm1_sojourn,100,oracle_minus_fixed,0.010000000000000009,0.029000000000000026,0.8368803763150341,2.1142236438589226,-0.023999999999999997,-0.060000000000000005
46,mm1_sojourn,250,plugin_sd_nw_minus_oracle,-0.007000000000000006,-0.007000000000000006,-0.2692028866888645,0.3507424108967161,0.0030000000000000027,0.010000000000000009
46,mm1_sojourn,250,plugin_sd_nw_minus_fixed,-0.013000000000000012,0.03400000000000003,-1.4909334830369252,1.5279001578813425,-0.009000000000000001,-0.029999999999999888
46,mm1_sojourn,250,oracle_minus_fixed,-0.006000000000000005,0.041000000000000036,-1.2217305963480607,1.1771577469846264,-0.012000000000000004,-0.0399999999999999
46,mm1_sojourn,500,plugin_sd_nw_minus_oracle,-0.0020000000000000018,-0.0020000000000000018,-0.4942821973887428,-0.019638492376628847,-0.004,0.0
46,mm1_sojourn,500,plugin_sd_nw_minus_fixed,-0.01200000000000001,0.01200000000000001,-0.8190509488781386,1.7690921685494274,-0.0119999999999999,-1.0408340855860843e-16
46,mm1_sojourn,500,oracle_minus_fixed,-0.010000000000000009,0.014000000000000012,-0.32476875148939577,1.7887306609260563,-0.0079999999999999,-1.0408340855860843e-16
46,mm1_sojourn,1000,plugin_sd_nw_minus_oracle,0.0040000000000000036,0.0020000000000000018,-0.14313718939944398,0.4276298166896737,0.004,0.0
46,mm1_sojourn,1000,plugin_sd_nw_minus_fixed,0.007000000000000006,0.05500000000000005,-1.200430304587,2.1649080326248225,-0.019,-0.0399999999999999
46,mm1_sojourn,1000,oracle_minus_fixed,0.0030000000000000027,0.05300000000000005,-1.057293115187556,1.7372782159351488,-0.023,-0.0399999999999999
46,raised_floor_gauss,100,plugin_sd_nw_minus_oracle,-0.01200000000000001,-0.008000000000000007,0.011592485833122446,0.48342081811795223,0.0680000000000001,0.11000000000000011
46,raised_floor_gauss,100,plugin_sd_nw_minus_fixed,-0.0050000000000000044,-0.0050000000000000044,-0.14952446967642574,0.09712340332295355,0.028999999999999998,0.07000000000000012
46,raised_floor_gauss,100,oracle_minus_fixed,0.007000000000000006,0.0030000000000000027,-0.1611169555095482,-0.3862974147949987,-0.039000000000000104,-0.039999999999999994
46,raised_floor_gauss,250,plugin_sd_nw_minus_oracle,-0.017000000000000015,-0.017000000000000015,-0.0979801936946636,0.3285951624939383,0.045000000000000005,0.040000000000000105
46,raised_floor_gauss,250,plugin_sd_nw_minus_fixed,-0.018000000000000016,-0.017000000000000015,-0.14359310088698773,0.11393541006703467,0.032,0.03000000000000011
46,raised_floor_gauss,250,oracle_minus_fixed,-0.0010000000000000009,0.0,-0.04561290719232414,-0.2146597524269036,-0.013000000000000005,-0.009999999999999995
46,raised_floor_gauss,500,plugin_sd_nw_minus_oracle,-0.018000000000000016,-0.015000000000000013,-0.10966718012497578,0.2304727984103092,0.031999999999999904,0.030000000000000096
46,raised_floor_gauss,500,plugin_sd_nw_minus_fixed,-0.0050000000000000044,-0.0010000000000000009,-0.09086348640964559,0.026376946047578897,0.0129999999999999,0.0200000000000001
46,raised_floor_gauss,500,oracle_minus_fixed,0.013000000000000012,0.014000000000000012,0.018803693715330194,-0.2040958523627303,-0.019000000000000003,-0.009999999999999995
46,raised_floor_gauss,1000,plugin_sd_nw_minus_oracle,-0.0040000000000000036,-0.0040000000000000036,-0.18542494925909514,0.2327658212948105,0.042,0.0500000000000001
46,raised_floor_gauss,1000,plugin_sd_nw_minus_fixed,0.0020000000000000018,0.0030000000000000027,-0.09263542520269175,0.02465380653497018,0.0039999999999998925,0.03
46,raised_floor_gauss,1000,oracle_minus_fixed,0.006000000000000005,0.007000000000000006,0.0927895240564034,-0.2081120147598403,-0.03800000000000011,-0.0200000000000001
46,raised_floor_t3,100,plugin_sd_nw_minus_oracle,0.0010000000000000009,0.0030000000000000027,-0.003997113615738179,0.34396757800520694,0.030999999999999993,0.1100000000000001
46,raised_floor_t3,100,plugin_sd_nw_minus_fixed,0.01100000000000001,0.013000000000000012,-0.4498569687531271,-0.38214330694845744,0.008999999999999897,0.04000000000000001
46,raised_floor_t3,100,oracle_minus_fixed,0.010000000000000009,0.010000000000000009,-0.4458598551373889,-0.7261108849536644,-0.022000000000000096,-0.07000000000000009
46,raised_floor_t3,250,plugin_sd_nw_minus_oracle,-0.016000000000000014,-0.018000000000000016,-0.12675850917719078,0.32218781215325576,0.023999999999999994,0.1800000000000001
46,raised_floor_t3,250,plugin_sd_nw_minus_fixed,0.0030000000000000027,0.0010000000000000009,-0.11187108608273966,-0.0751179243791702,-0.0029999999999999055,0.030000000000000027
46,raised_floor_t3,250,oracle_minus_fixed,0.019000000000000017,0.019000000000000017,0.014887423094451124,-0.39730573653242596,-0.0269999999999999,-0.15000000000000008
46,raised_floor_t3,500,plugin_sd_nw_minus_oracle,0.013000000000000012,0.014000000000000012,-0.026912909826994458,0.18519208284363753,0.010999999999999899,0.0500000000000001
46,raised_floor_t3,500,plugin_sd_nw_minus_fixed,0.0030000000000000027,0.0050000000000000044,-0.21097972451017655,-0.08659204893212058,-0.0010000000000000009,0.0
46,raised_floor_t3,500,oracle_minus_fixed,-0.010000000000000009,-0.009000000000000008,-0.1840668146831821,-0.2717841317757581,-0.0119999999999999,-0.0500000000000001
46,raised_floor_t3,1000,plugin_sd_nw_minus_oracle,0.006000000000000005,0.0030000000000000027,-0.11460988337076383,0.05976579219639877,0.018000000000000002,0.03
46,raised_floor_t3,1000,plugin_sd_nw_minus_fixed,-0.0050000000000000044,-0.0010000000000000009,-0.2425313962548472,-0.07188105116904975,-0.0029999999999999957,0.0
46,raised_floor_t3,1000,oracle_minus_fixed,-0.01100000000000001,-0.0040000000000000036,-0.12792151288408338,-0.13164684336544852,-0.020999999999999998,-0.03
47,mm1_sojourn,100,plugin_sd_nw_minus_oracle,-0.0020000000000000018,0.0020000000000000018,-0.1457199642151128,0.26350153846844293,0.009999999999999995,0.03000000000000011
47,mm1_sojourn,100,plugin_sd_nw_minus_fixed,-0.010000000000000009,0.03500000000000003,0.40794331202437206,1.666445069001803,0.0,-0.010000000000000009
47,mm1_sojourn,100,oracle_minus_fixed,-0.008000000000000007,0.03300000000000003,0.5536632762394849,1.40294353053336,-0.009999999999999995,-0.04000000000000012
47,mm1_sojourn,250,plugin_sd_nw_minus_oracle,0.0030000000000000027,0.0,-0.4310120994911806,0.7026082654256705,0.0030000000000000027,0.009999999999999995
47,mm1_sojourn,250,plugin_sd_nw_minus_fixed,0.01100000000000001,0.04800000000000004,-1.4040154618155878,2.6907462417591965,0.006999999999999902,0.0
47,mm1_sojourn,250,oracle_minus_fixed,0.008000000000000007,0.04800000000000004,-0.9730033623244072,1.988137976333526,0.0039999999999998995,-0.009999999999999995
47,mm1_sojourn,500,plugin_sd_nw_minus_oracle,0.0040000000000000036,0.006000000000000005,0.22418579115822457,0.07407965400936156,0.004000000000000002,-0.020000000000000004
47,mm1_sojourn,500,plugin_sd_nw_minus_fixed,0.010000000000000009,0.03500000000000003,-0.1540647376617219,1.7718196938260977,-0.008,-0.020000000000000004
47,mm1_sojourn,500,oracle_minus_fixed,0.006000000000000005,0.029000000000000026,-0.3782505288199465,1.6977400398167362,-0.012000000000000002,0.0
47,mm1_sojourn,1000,plugin_sd_nw_minus_oracle,-0.0050000000000000044,0.0010000000000000009,-0.05648882359223251,0.057612421259388924,0.002999999999999999,0.07999999999999999
47,mm1_sojourn,1000,plugin_sd_nw_minus_fixed,-0.016000000000000014,0.03700000000000003,-1.6519333098466582,1.501601719943361,0.0019999999999999983,0.06
47,mm1_sojourn,1000,oracle_minus_fixed,-0.01100000000000001,0.03600000000000003,-1.5954444862544257,1.443989298683972,-0.0010000000000000009,-0.019999999999999997
47,raised_floor_gauss,100,plugin_sd_nw_minus_oracle,-0.009000000000000008,-0.006000000000000005,0.06479973492572899,0.6113366568392378,0.049,0.10000000000000012
47,raised_floor_gauss,100,plugin_sd_nw_minus_fixed,-0.0050000000000000044,-0.007000000000000006,-0.5965831265861654,-0.41830288881887245,0.009000000000000105,0.03
47,raised_floor_gauss,100,oracle_minus_fixed,0.0040000000000000036,-0.0010000000000000009,-0.6613828615118944,-1.0296395456581102,-0.0399999999999999,-0.07000000000000012
47,raised_floor_gauss,250,plugin_sd_nw_minus_oracle,-0.010000000000000009,-0.010000000000000009,-0.09521474538297703,0.48059260333652754,0.060000000000000095,0.12000000000000009
47,raised_floor_gauss,250,plugin_sd_nw_minus_fixed,0.009000000000000008,0.0050000000000000044,-0.006602040233298023,0.1293868842718866,0.02300000000000009,0.03999999999999998
47,raised_floor_gauss,250,oracle_minus_fixed,0.019000000000000017,0.015000000000000013,0.088612705149679,-0.35120571906464093,-0.037000000000000005,-0.08000000000000011
47,raised_floor_gauss,500,plugin_sd_nw_minus_oracle,0.009000000000000008,0.009000000000000008,-0.2288701718839916,0.2512907954414527,0.040999999999999995,0.06
47,raised_floor_gauss,500,plugin_sd_nw_minus_fixed,-0.0010000000000000009,-0.0020000000000000018,-0.2198768772389914,0.11114407554309436,0.024999999999999994,0.03000000000000011
47,raised_floor_gauss,500,oracle_minus_fixed,-0.010000000000000009,-0.01100000000000001,0.008993294645000205,-0.14014671989835836,-0.016,-0.029999999999999888
47,raised_floor_gauss,1000,plugin_sd_nw_minus_oracle,0.008000000000000007,0.0050000000000000044,-0.16923508681780053,0.15893259409005234,0.031999999999999904,0.010000000000000009
47,raised_floor_gauss,1000,plugin_sd_nw_minus_fixed,-0.0040000000000000036,-0.0030000000000000027,-0.15057941990476387,0.0027440154693283425,0.019999999999999907,0.0
47,raised_floor_gauss,1000,oracle_minus_fixed,-0.01200000000000001,-0.008000000000000007,0.01865566691303666,-0.156188578620724,-0.011999999999999997,-0.010000000000000009
47,raised_floor_t3,100,plugin_sd_nw_minus_oracle,-0.016000000000000014,-0.016000000000000014,-0.15873777254728005,0.3775845044872814,0.0420000000000001,0.1100000000000001
47,raised_floor_t3,100,plugin_sd_nw_minus_fixed,-0.016000000000000014,-0.010000000000000009,-0.32342294837633867,-0.08076097661046111,0.012000000000000094,0.04999999999999999
47,raised_floor_t3,100,oracle_minus_fixed,0.0,0.006000000000000005,-0.16468517582905862,-0.45834548109774254,-0.030000000000000006,-0.06000000000000011
47,raised_floor_t3,250,plugin_sd_nw_minus_oracle,-0.016000000000000014,-0.013000000000000012,-0.1536045841225484,0.2482762604463571,0.0279999999999999,0.0800000000000001
47,raised_floor_t3,250,plugin_sd_nw_minus_fixed,-0.0050000000000000044,0.0020000000000000018,-0.23456638136315733,-0.13656996403123722,0.0009999999999999037,-0.010000000000000009
47,raised_floor_t3,250,oracle_minus_fixed,0.01100000000000001,0.015000000000000013,-0.08096179724060892,-0.3848462244775943,-0.026999999999999996,-0.09000000000000011
47,raised_floor_t3,500,plugin_sd_nw_minus_oracle,0.0040000000000000036,0.007000000000000006,-0.03910524035221252,0.23223074655293496,0.0319999999999999,0.09
47,raised_floor_t3,500,plugin_sd_nw_minus_fixed,-0.006000000000000005,-0.0040000000000000036,-0.18067907014751738,0.022034300896218273,0.01599999999999989,0.10000000000000009
47,raised_floor_t3,500,oracle_minus_fixed,-0.010000000000000009,-0.01100000000000001,-0.14157382979530486,-0.2101964456567167,-0.016000000000000007,0.010000000000000092
47,raised_floor_t3,1000,plugin_sd_nw_minus_oracle,0.006000000000000005,-0.0010000000000000009,-0.060413027324278,0.08455505028823707,0.019999999999999997,0.060000000000000095
47,raised_floor_t3,1000,plugin_sd_nw_minus_fixed,-0.01100000000000001,-0.015000000000000013,-0.2741368427119384,-0.12514670416533624,-0.0049999999999999975,0.03
47,raised_floor_t3,1000,oracle_minus_fixed,-0.017000000000000015,-0.014000000000000012,-0.2137238153876604,-0.2097017544535733,-0.024999999999999994,-0.030000000000000096
48,mm1_sojourn,100,plugin_sd_nw_minus_oracle,0.0020000000000000018,-0.0020000000000000018,0.01985695351429939,0.21787950148274327,0.008,0.009999999999999898
48,mm1_sojourn,100,plugin_sd_nw_minus_fixed,0.009000000000000008,0.03400000000000003,-1.062553856280914,0.5623315479094639,-0.006999999999999999,-0.009999999999999995
48,mm1_sojourn,100,oracle_minus_fixed,0.007000000000000006,0.03600000000000003,-1.0824108097952134,0.34445204642672067,-0.015,-0.019999999999999893
48,mm1_sojourn,250,plugin_sd_nw_minus_oracle,-0.006000000000000005,-0.006000000000000005,-0.820560094677278,0.606157483140839,0.012,0.04
48,mm1_sojourn,250,plugin_sd_nw_minus_fixed,0.0030000000000000027,0.019000000000000017,-0.347457981605233,2.2105595387603625,-0.0009999999999999003,-0.020000000000000004
48,mm1_sojourn,250,oracle_minus_fixed,0.009000000000000008,0.025000000000000022,0.47310211307204497,1.6044020556195235,-0.0129999999999999,-0.060000000000000005
48,mm1_sojourn,500,plugin_sd_nw_minus_oracle,0.0040000000000000036,0.0010000000000000009,-0.26424967966689117,0.021605059711424346,-0.002,0.0
48,mm1_sojourn,500,plugin_sd_nw_minus_fixed,0.02100000000000002,0.07100000000000006,-0.5672979234118616,1.3194314964441691,-0.024999999999999998,-0.0699999999999999
48,mm1_sojourn,500,oracle_minus_fixed,0.017000000000000015,0.07000000000000006,-0.3030482437449704,1.2978264367327448,-0.023,-0.0699999999999999
48,mm1_sojourn,1000,plugin_sd_nw_minus_oracle,-0.0010000000000000009,-0.0030000000000000027,-0.5269943878812899,0.29438690063710027,0.0030000000000000027,0.0
48,mm1_sojourn,1000,plugin_sd_nw_minus_fixed,0.015000000000000013,0.05400000000000005,-1.2315556746092087,1.6326676238587066,-0.021000000000000095,-0.060000000000000005
48,mm1_sojourn,1000,oracle_minus_fixed,0.016000000000000014,0.05700000000000005,-0.7045612867279187,1.3382807232216063,-0.024000000000000098,-0.060000000000000005
48,raised_floor_gauss,100,plugin_sd_nw_minus_oracle,0.009000000000000008,0.01100000000000001,0.15198238415535714,0.6427433355350645,0.053,0.2
48,raised_floor_gauss,100,plugin_sd_nw_minus_fixed,0.008000000000000007,0.007000000000000006,0.06269683666020143,0.24727574184586487,0.020000000000000004,0.060000000000000026
48,raised_floor_gauss,100,oracle_minus_fixed,-0.0010000000000000009,-0.0040000000000000036,-0.08928554749515571,-0.3954675936891996,-0.032999999999999995,-0.13999999999999999
48,raised_floor_gauss,250,plugin_sd_nw_minus_oracle,0.010000000000000009,0.009000000000000008,-0.12253290241506143,0.17627765557168606,0.041999999999999905,0.029999999999999888
48,raised_floor_gauss,250,plugin_sd_nw_minus_fixed,0.010000000000000009,0.008000000000000007,-0.12526413225612565,-0.00421330057211966,0.019999999999999907,0.009999999999999995
48,raised_floor_gauss,250,oracle_minus_fixed,0.0,-0.0010000000000000009,-0.00273122984106422,-0.18049095614380573,-0.022,-0.019999999999999893
48,raised_floor_gauss,500,plugin_sd_nw_minus_oracle,-0.019000000000000017,-0.017000000000000015,-0.1841446931053765,0.2825787924522807,0.0389999999999999,0.0900000000000001
48,raised_floor_gauss,500,plugin_sd_nw_minus_fixed,-0.0050000000000000044,-0.0050000000000000044,-0.07710436301325752,0.12804021243680053,0.010999999999999899,0.060000000000000095
48,raised_floor_gauss,500,oracle_minus_fixed,0.014000000000000012,0.01200000000000001,0.107040330092119,-0.15453858001548015,-0.028000000000000004,-0.03
48,raised_floor_gauss,1000,plugin_sd_nw_minus_oracle,0.0030000000000000027,0.0040000000000000036,-0.14420735026485332,0.18255755846795285,0.0289999999999999,0.0200000000000001
48,raised_floor_gauss,1000,plugin_sd_nw_minus_fixed,0.008000000000000007,0.01100000000000001,-0.0987702600757352,0.013860095402391526,0.009999999999999898,0.0
48,raised_floor_gauss,1000,oracle_minus_fixed,0.0050000000000000044,0.007000000000000006,0.04543709018911812,-0.16869746306556133,-0.019000000000000003,-0.0200000000000001
48,raised_floor_t3,100,plugin_sd_nw_minus_oracle,0.0020000000000000018,-0.0010000000000000009,0.02010201212475926,0.4713373626804951,0.03799999999999999,0.1400000000000001
48,raised_floor_t3,100,plugin_sd_nw_minus_fixed,-0.009000000000000008,-0.014000000000000012,-0.29334384209207687,0.04927334642773973,0.026999999999999996,0.09
48,raised_floor_t3,100,oracle_minus_fixed,-0.01100000000000001,-0.013000000000000012,-0.31344585421683613,-0.42206401625275536,-0.010999999999999996,-0.0500000000000001
48,raised_floor_t3,250,plugin_sd_nw_minus_oracle,-0.006000000000000005,0.0010000000000000009,-0.09277693820360589,0.09789523008246181,0.028000000000000004,0.009999999999999995
48,raised_floor_t3,250,plugin_sd_nw_minus_fixed,-0.0020000000000000018,-0.006000000000000005,-0.24578727453768567,-0.09248181022776825,0.0040000000000000036,-0.010000000000000009
48,raised_floor_t3,250,oracle_minus_fixed,0.0040000000000000036,-0.007000000000000006,-0.1530103363340798,-0.19037704031023006,-0.024,-0.020000000000000004
48,raised_floor_t3,500,plugin_sd_nw_minus_oracle,-0.006000000000000005,-0.0050000000000000044,-0.07893328860601656,0.1609372647969356,0.017999999999999995,0.0
48,raised_floor_t3,500,plugin_sd_nw_minus_fixed,0.0050000000000000044,0.0050000000000000044,-0.02774387866845096,-0.0844750457616894,0.0029999999999999957,0.0
48,raised_floor_t3,500,oracle_minus_fixed,0.01100000000000001,0.010000000000000009,0.0511894099375656,-0.245412310558625,-0.015,0.0
48,raised_floor_t3,1000,plugin_sd_nw_minus_oracle,-0.0010000000000000009,-0.0010000000000000009,-0.06349773871413888,0.11095174908455485,0.017,0.0
48,raised_floor_t3,1000,plugin_sd_nw_minus_fixed,0.0,0.0040000000000000036,-0.16176021520441197,-0.10377953701514642,0.0,-0.009999999999999995
48,raised_floor_t3,1000,oracle_minus_fixed,0.0010000000000000009,0.0050000000000000044,-0.09826247649027309,-0.21473128609970127,-0.017,-0.009999999999999995
49,mm1_sojourn,100,plugin_sd_nw_minus_oracle,-0.007000000000000006,-0.006000000000000005,-0.5856119071400325,-0.2443079565204087,-0.006999999999999999,-0.009999999999999995
49,mm1_sojourn,100,plugin_sd_nw_minus_fixed,0.006000000000000005,0.041000000000000036,-1.0747385572684252,0.759131679952608,-0.011999999999999997,-0.0200000000000001
49,mm1_sojourn,100,oracle_minus_fixed,0.013000000000000012,0.04700000000000004,-0.4891266501283926,1.0034396364730167,-0.0049999999999999975,-0.010000000000000106
49,mm1_sojourn,250,plugin_sd_nw_minus_oracle,0.0,0.0010000000000000009,-0.07556869520447229,0.17974132119556785,0.0,-0.010000000000000009
49,mm1_sojourn,250,plugin_sd_nw_minus_fixed,-0.01100000000000001,0.039000000000000035,-0.5753275713904005,2.8490308535303424,-0.0010000000000000009,-0.009999999999999898
49,mm1_sojourn,250,oracle_minus_fixed,-0.01100000000000001,0.038000000000000034,-0.4997588761859282,2.6692895323347745,-0.0010000000000000009,1.1102230246251565e-16
49,mm1_sojourn,500,plugin_sd_nw_minus_oracle,0.0010000000000000009,-0.0010000000000000009,-0.4303687579112152,0.4263877794603239,0.0010000000000000009,0.0
49,mm1_sojourn,500,plugin_sd_nw_minus_fixed,-0.008000000000000007,0.03700000000000003,-0.7731306439829932,2.6174535121414895,-0.003999999999999997,0.0
49,mm1_sojourn,500,oracle_minus_fixed,-0.009000000000000008,0.038000000000000034,-0.34276188607177804,2.1910657326811656,-0.0049999999999999975,0.0
49,mm1_sojourn,1000,plugin_sd_nw_minus_oracle,-0.0040000000000000036,-0.0040000000000000036,-0.2956989059166295,0.0706138513700747,-0.0019999999999999983,0.0
49,mm1_sojourn,1000,plugin_sd_nw_minus_fixed,-0.006000000000000005,0.030000000000000027,-0.7075652391576472,1.3416675949398442,-0.012,1.0408340855860843e-16
49,mm1_sojourn,1000,oracle_minus_fixed,-0.0020000000000000018,0.03400000000000003,-0.41186633324101773,1.2710537435697695,-0.010000000000000002,1.0408340855860843e-16
49,raised_floor_gauss,100,plugin_sd_nw_minus_oracle,-0.0040000000000000036,-0.0040000000000000036,-0.11270519334448048,0.5202017660402811,0.041999999999999996,0.11000000000000011
49,raised_floor_gauss,100,plugin_sd_nw_minus_fixed,0.006000000000000005,0.0040000000000000036,-0.3833929797933293,-0.00956583060960492,0.0119999999999999,0.05000000000000002
49,raised_floor_gauss,100,oracle_minus_fixed,0.010000000000000009,0.008000000000000007,-0.27068778644884883,-0.529767596649886,-0.030000000000000096,-0.060000000000000095
49,raised_floor_gauss,250,plugin_sd_nw_minus_oracle,-0.0030000000000000027,-0.0020000000000000018,-0.07267578474580194,0.3331722628275178,0.047000000000000104,0.0800000000000001
49,raised_floor_gauss,250,plugin_sd_nw_minus_fixed,-0.010000000000000009,-0.01100000000000001,-0.11618224226256713,0.11088222377539303,0.022000000000000103,0.0500000000000001
49,raised_floor_gauss,250,oracle_minus_fixed,-0.007000000000000006,-0.009000000000000008,-0.043506457516765185,-0.22229003905212474,-0.025,-0.03
49,raised_floor_gauss,500,plugin_sd_nw_minus_oracle,-0.0030000000000000027,-0.0010000000000000009,-0.10837203143636698,0.36703198245360147,0.03900000000000001,0.13999999999999999
49,raised_floor_gauss,500,plugin_sd_nw_minus_fixed,-0.0050000000000000044,-0.0050000000000000044,-0.18239939491752866,0.188275184044294,0.029000000000000005,0.0999999999999999
49,raised_floor_gauss,500,oracle_minus_fixed,-0.0020000000000000018,-0.0040000000000000036,-0.07402736348116168,-0.17875679840930747,-0.010000000000000002,-0.04000000000000009
49,raised_floor_gauss,1000,plugin_sd_nw_minus_oracle,0.0,0.0,-0.18155127078461897,0.15578739703839517,0.0339999999999999,0.009999999999999995
49,raised_floor_gauss,1000,plugin_sd_nw_minus_fixed,-0.007000000000000006,-0.006000000000000005,-0.15715173216828315,0.018826845964549754,0.010999999999999899,-0.009999999999999995
49,raised_floor_gauss,1000,oracle_minus_fixed,-0.007000000000000006,-0.006000000000000005,0.024399538616335814,-0.13696055107384542,-0.023,-0.01999999999999999
49,raised_floor_t3,100,plugin_sd_nw_minus_oracle,-0.007000000000000006,-0.013000000000000012,-0.14087350404887755,0.3052774729885397,0.034999999999999996,0.06000000000000011
49,raised_floor_t3,100,plugin_sd_nw_minus_fixed,-0.006000000000000005,-0.008000000000000007,-0.328688859855363,-0.09894022575108119,0.011999999999999997,0.03000000000000011
49,raised_floor_t3,100,oracle_minus_fixed,0.0010000000000000009,0.0050000000000000044,-0.18781535580648545,-0.4042176987396209,-0.023,-0.03
49,raised_floor_t3,250,plugin_sd_nw_minus_oracle,0.0020000000000000018,0.0010000000000000009,0.12982609224441566,0.38526979105337267,0.031999999999999904,0.08000000000000011
49,raised_floor_t3,250,plugin_sd_nw_minus_fixed,-0.0030000000000000027,-0.008000000000000007,-0.11921403671731978,0.14462584949701807,0.023,0.05000000000000002
49,raised_floor_t3,250,oracle_minus_fixed,-0.0050000000000000044,-0.009000000000000008,-0.24904012896173544,-0.2406439415563546,-0.008999999999999904,-0.030000000000000096
49,raised_floor_t3,500,plugin_sd_nw_minus_oracle,-0.010000000000000009,-0.01100000000000001,-0.0630822610795061,0.3887485350159352,0.02600000000000001,0.1
49,raised_floor_t3,500,plugin_sd_nw_minus_fixed,-0.0050000000000000044,-0.006000000000000005,-0.1468903758644029,0.11027654921825558,0.0029999999999999055,0.10999999999999999
49,raised_floor_t3,500,oracle_minus_fixed,0.0050000000000000044,0.0050000000000000044,-0.0838081147848968,-0.2784719857976796,-0.023000000000000104,0.009999999999999981
49,raised_floor_t3,1000,plugin_sd_nw_minus_oracle,-0.0010000000000000009,0.0030000000000000027,-0.11177383410399688,0.15685904802232065,0.023,0.060000000000000095
49,raised_floor_t3,1000,plugin_sd_nw_minus_fixed,0.0010000000000000009,0.0050000000000000044,-0.09516052504867645,-0.07168173821505919,-0.0049999999999999975,0.0200000000000001
49,raised_floor_t3,1000,oracle_minus_fixed,0.0020000000000000018,0.0020000000000000018,0.016613309055320435,-0.22854078623737983,-0.027999999999999997,-0.039999999999999994
